Starting toy_squares dataset generation via SLURM
Gym has been unmaintained since 2022 and does not support NumPy 2.0 amongst other critical functionality.
Please upgrade to Gymnasium, the maintained drop-in replacement of Gym, or contact the authors of your software and request that they upgrade.
Users of this version of Gym should be able to simply replace 'import gym' with 'import gymnasium as gym' in the vast majority of cases.
See the migration guide at https://gymnasium.farama.org/introduction/migration_guide/ for additional information.
WARNING: could not load d4rl environments!
/home/zoellner/.conda/envs/guided_diffusion/lib/python3.10/site-packages/pygame/pkgdata.py:25: UserWarning: pkg_resources is deprecated as an API. See https://setuptools.pypa.io/en/latest/pkg_resources.html. The pkg_resources package is slated for removal as early as 2025-11-30. Refrain from using this package or pin to Setuptools<81.
  from pkg_resources import resource_stream, resource_exists
/home/zoellner/.conda/envs/guided_diffusion/lib/python3.10/site-packages/gym/utils/passive_env_checker.py:20: UserWarning: [33mWARN: It seems a Box observation space is an image but the `dtype` is not `np.uint8`, actual type: float32. If the Box observation space is not an image, we recommend flattening the observation to have only a 1D vector.[0m
  logger.warn(
/home/zoellner/.conda/envs/guided_diffusion/lib/python3.10/site-packages/gym/utils/passive_env_checker.py:25: UserWarning: [33mWARN: It seems a Box observation space is an image but the upper and lower bounds are not in [0, 255]. Generally, CNN policies assume observations are within that range, so you may encounter an issue if the observation values are not.[0m
  logger.warn(
Created environment with name TouchCube
Action size is 2
ROBOMIMIC WARNING(
    No environment version found in dataset!
    Cannot verify if dataset and installed environment versions match
)

============= Initialized Observation Utils with Obs Spec =============

using obs modality: low_dim with keys: ['states', 'agent_pos']
using obs modality: rgb with keys: ['image']
/home/zoellner/.conda/envs/guided_diffusion/lib/python3.10/site-packages/gym/utils/passive_env_checker.py:174: UserWarning: [33mWARN: Future gym versions will require that `Env.reset` can be passed a `seed` instead of using `Env.seed` for resetting the environment random number generator.[0m
  logger.warn(
/home/zoellner/.conda/envs/guided_diffusion/lib/python3.10/site-packages/gym/utils/passive_env_checker.py:187: UserWarning: [33mWARN: Future gym versions will require that `Env.reset` can be passed `options` to allow the environment initialisation to be passed additional information.[0m
  logger.warn(
/home/zoellner/.conda/envs/guided_diffusion/lib/python3.10/site-packages/gym/utils/passive_env_checker.py:195: UserWarning: [33mWARN: The result returned by `env.reset()` was not a tuple of the form `(obs, info)`, where `obs` is a observation and `info` is a dictionary containing additional information. Actual type: `<class 'dict'>`[0m
  logger.warn(
On 0 out of 10000
/home/zoellner/.conda/envs/guided_diffusion/lib/python3.10/site-packages/gym/utils/passive_env_checker.py:219: DeprecationWarning: [33mWARN: Core environment is written in old step API which returns one bool instead of two. It is recommended to rewrite the environment with new step API. [0m
  logger.deprecation(
/home/zoellner/.conda/envs/guided_diffusion/lib/python3.10/site-packages/gym/utils/passive_env_checker.py:225: DeprecationWarning: `np.bool8` is a deprecated alias for `np.bool_`.  (Deprecated NumPy 1.24)
  if not isinstance(done, (bool, np.bool8)):
/home/zoellner/.conda/envs/guided_diffusion/lib/python3.10/site-packages/gym/utils/passive_env_checker.py:141: UserWarning: [33mWARN: The obs returned by the `step()` method was expecting numpy array dtype to be float32, actual type: float64[0m
  logger.warn(
/home/zoellner/.conda/envs/guided_diffusion/lib/python3.10/site-packages/gym/utils/passive_env_checker.py:165: UserWarning: [33mWARN: The obs returned by the `step()` method is not within the observation space.[0m
  logger.warn(f"{pre} is not within the observation space.")
/home/zoellner/.conda/envs/guided_diffusion/lib/python3.10/site-packages/gym/utils/passive_env_checker.py:272: UserWarning: [33mWARN: No render modes was declared in the environment (env.metadata['render_modes'] is None or not defined), you may have trouble when calling `.render()`.[0m
  logger.warn(
Failed run, not saved
On 0 out of 10000
Failed run, not saved
On 0 out of 10000
Failed run, not saved
On 0 out of 10000
Failed run, not saved
On 0 out of 10000
Failed run, not saved
On 0 out of 10000
Failed run, not saved
On 0 out of 10000
Failed run, not saved
On 0 out of 10000
Failed run, not saved
On 0 out of 10000
Failed run, not saved
On 0 out of 10000
Failed run, not saved
On 0 out of 10000
Failed run, not saved
		FAILED TOO MANY TIMES, TRYING ANOTHER ENVIRONMENT
On 0 out of 10000
On 1 out of 10000
On 2 out of 10000
On 3 out of 10000
On 4 out of 10000
On 5 out of 10000
Failed run, not saved
On 5 out of 10000
On 6 out of 10000
Failed run, not saved
On 6 out of 10000
Failed run, not saved
On 6 out of 10000
Failed run, not saved
On 6 out of 10000
Failed run, not saved
On 6 out of 10000
Failed run, not saved
On 6 out of 10000
Failed run, not saved
On 6 out of 10000
Failed run, not saved
On 6 out of 10000
Failed run, not saved
On 6 out of 10000
Failed run, not saved
On 6 out of 10000
Failed run, not saved
On 6 out of 10000
Failed run, not saved
		FAILED TOO MANY TIMES, TRYING ANOTHER ENVIRONMENT
On 6 out of 10000
On 7 out of 10000
On 8 out of 10000
On 9 out of 10000
Failed run, not saved
On 9 out of 10000
Failed run, not saved
On 9 out of 10000
Failed run, not saved
On 9 out of 10000
Failed run, not saved
On 9 out of 10000
Failed run, not saved
On 9 out of 10000
Failed run, not saved
On 9 out of 10000
Failed run, not saved
On 9 out of 10000
Failed run, not saved
On 9 out of 10000
Failed run, not saved
On 9 out of 10000
Failed run, not saved
On 9 out of 10000
Failed run, not saved
		FAILED TOO MANY TIMES, TRYING ANOTHER ENVIRONMENT
On 9 out of 10000
On 10 out of 10000
On 11 out of 10000
Failed run, not saved
On 11 out of 10000
Failed run, not saved
On 11 out of 10000
Failed run, not saved
On 11 out of 10000
Failed run, not saved
On 11 out of 10000
Failed run, not saved
On 11 out of 10000
Failed run, not saved
On 11 out of 10000
Failed run, not saved
On 11 out of 10000
Failed run, not saved
On 11 out of 10000
Failed run, not saved
On 11 out of 10000
Failed run, not saved
On 11 out of 10000
Failed run, not saved
		FAILED TOO MANY TIMES, TRYING ANOTHER ENVIRONMENT
On 11 out of 10000
On 12 out of 10000
On 13 out of 10000
Failed run, not saved
On 13 out of 10000
Failed run, not saved
On 13 out of 10000
Failed run, not saved
On 13 out of 10000
Failed run, not saved
On 13 out of 10000
Failed run, not saved
On 13 out of 10000
Failed run, not saved
On 13 out of 10000
Failed run, not saved
On 13 out of 10000
Failed run, not saved
On 13 out of 10000
Failed run, not saved
On 13 out of 10000
Failed run, not saved
On 13 out of 10000
Failed run, not saved
		FAILED TOO MANY TIMES, TRYING ANOTHER ENVIRONMENT
On 13 out of 10000
On 14 out of 10000
Failed run, not saved
On 14 out of 10000
On 15 out of 10000
On 16 out of 10000
On 17 out of 10000
Failed run, not saved
On 17 out of 10000
On 18 out of 10000
On 19 out of 10000
Failed run, not saved
On 19 out of 10000
Failed run, not saved
On 19 out of 10000
Failed run, not saved
On 19 out of 10000
Failed run, not saved
On 19 out of 10000
Failed run, not saved
On 19 out of 10000
Failed run, not saved
On 19 out of 10000
Failed run, not saved
On 19 out of 10000
Failed run, not saved
On 19 out of 10000
Failed run, not saved
On 19 out of 10000
Failed run, not saved
On 19 out of 10000
Failed run, not saved
		FAILED TOO MANY TIMES, TRYING ANOTHER ENVIRONMENT
On 19 out of 10000
On 20 out of 10000
On 21 out of 10000
On 22 out of 10000
On 23 out of 10000
Failed run, not saved
On 23 out of 10000
Failed run, not saved
On 23 out of 10000
Failed run, not saved
On 23 out of 10000
Failed run, not saved
On 23 out of 10000
Failed run, not saved
On 23 out of 10000
Failed run, not saved
On 23 out of 10000
Failed run, not saved
On 23 out of 10000
Failed run, not saved
On 23 out of 10000
Failed run, not saved
On 23 out of 10000
Failed run, not saved
On 23 out of 10000
Failed run, not saved
		FAILED TOO MANY TIMES, TRYING ANOTHER ENVIRONMENT
On 23 out of 10000
Failed run, not saved
		FAILED TOO MANY TIMES, TRYING ANOTHER ENVIRONMENT
On 23 out of 10000
On 24 out of 10000
On 25 out of 10000
Failed run, not saved
On 25 out of 10000
Failed run, not saved
On 25 out of 10000
Failed run, not saved
On 25 out of 10000
On 26 out of 10000
On 27 out of 10000
On 28 out of 10000
On 29 out of 10000
On 30 out of 10000
On 31 out of 10000
Failed run, not saved
On 31 out of 10000
Failed run, not saved
On 31 out of 10000
Failed run, not saved
On 31 out of 10000
Failed run, not saved
On 31 out of 10000
Failed run, not saved
On 31 out of 10000
Failed run, not saved
On 31 out of 10000
Failed run, not saved
On 31 out of 10000
Failed run, not saved
On 31 out of 10000
Failed run, not saved
On 31 out of 10000
Failed run, not saved
On 31 out of 10000
Failed run, not saved
		FAILED TOO MANY TIMES, TRYING ANOTHER ENVIRONMENT
On 31 out of 10000
On 32 out of 10000
On 33 out of 10000
On 34 out of 10000
On 35 out of 10000
On 36 out of 10000
On 37 out of 10000
On 38 out of 10000
On 39 out of 10000
On 40 out of 10000
Failed run, not saved
On 40 out of 10000
On 41 out of 10000
On 42 out of 10000
On 43 out of 10000
On 44 out of 10000
On 45 out of 10000
Failed run, not saved
On 45 out of 10000
Failed run, not saved
On 45 out of 10000
Failed run, not saved
On 45 out of 10000
On 46 out of 10000
On 47 out of 10000
On 48 out of 10000
On 49 out of 10000
On 50 out of 10000
On 51 out of 10000
On 52 out of 10000
On 53 out of 10000
On 54 out of 10000
On 55 out of 10000
On 56 out of 10000
On 57 out of 10000
Failed run, not saved
On 57 out of 10000
Failed run, not saved
On 57 out of 10000
On 58 out of 10000
Failed run, not saved
On 58 out of 10000
Failed run, not saved
On 58 out of 10000
Failed run, not saved
On 58 out of 10000
On 59 out of 10000
On 60 out of 10000
On 61 out of 10000
On 62 out of 10000
On 63 out of 10000
On 64 out of 10000
Failed run, not saved
On 64 out of 10000
Failed run, not saved
On 64 out of 10000
On 65 out of 10000
On 66 out of 10000
Failed run, not saved
On 66 out of 10000
Failed run, not saved
On 66 out of 10000
Failed run, not saved
On 66 out of 10000
On 67 out of 10000
On 68 out of 10000
Failed run, not saved
On 68 out of 10000
Failed run, not saved
On 68 out of 10000
Failed run, not saved
On 68 out of 10000
Failed run, not saved
On 68 out of 10000
Failed run, not saved
On 68 out of 10000
Failed run, not saved
On 68 out of 10000
Failed run, not saved
On 68 out of 10000
Failed run, not saved
On 68 out of 10000
Failed run, not saved
On 68 out of 10000
Failed run, not saved
On 68 out of 10000
Failed run, not saved
		FAILED TOO MANY TIMES, TRYING ANOTHER ENVIRONMENT
On 68 out of 10000
On 69 out of 10000
Failed run, not saved
On 69 out of 10000
Failed run, not saved
On 69 out of 10000
On 70 out of 10000
Failed run, not saved
On 70 out of 10000
On 71 out of 10000
On 72 out of 10000
Failed run, not saved
On 72 out of 10000
Failed run, not saved
On 72 out of 10000
Failed run, not saved
On 72 out of 10000
Failed run, not saved
On 72 out of 10000
Failed run, not saved
On 72 out of 10000
Failed run, not saved
On 72 out of 10000
Failed run, not saved
On 72 out of 10000
Failed run, not saved
On 72 out of 10000
Failed run, not saved
On 72 out of 10000
Failed run, not saved
On 72 out of 10000
On 73 out of 10000
On 74 out of 10000
On 75 out of 10000
On 76 out of 10000
Failed run, not saved
On 76 out of 10000
Failed run, not saved
On 76 out of 10000
Failed run, not saved
On 76 out of 10000
Failed run, not saved
On 76 out of 10000
Failed run, not saved
On 76 out of 10000
Failed run, not saved
On 76 out of 10000
Failed run, not saved
On 76 out of 10000
Failed run, not saved
On 76 out of 10000
Failed run, not saved
On 76 out of 10000
Failed run, not saved
On 76 out of 10000
On 77 out of 10000
Failed run, not saved
On 77 out of 10000
Failed run, not saved
On 77 out of 10000
On 78 out of 10000
On 79 out of 10000
Failed run, not saved
On 79 out of 10000
On 80 out of 10000
Failed run, not saved
On 80 out of 10000
On 81 out of 10000
Failed run, not saved
On 81 out of 10000
Failed run, not saved
On 81 out of 10000
Failed run, not saved
On 81 out of 10000
Failed run, not saved
On 81 out of 10000
Failed run, not saved
On 81 out of 10000
Failed run, not saved
On 81 out of 10000
Failed run, not saved
On 81 out of 10000
On 82 out of 10000
Failed run, not saved
On 82 out of 10000
On 83 out of 10000
On 84 out of 10000
Failed run, not saved
On 84 out of 10000
On 85 out of 10000
On 86 out of 10000
On 87 out of 10000
On 88 out of 10000
On 89 out of 10000
On 90 out of 10000
On 91 out of 10000
Failed run, not saved
On 91 out of 10000
On 92 out of 10000
On 93 out of 10000
On 94 out of 10000
On 95 out of 10000
On 96 out of 10000
On 97 out of 10000
On 98 out of 10000
On 99 out of 10000
Failed run, not saved
On 99 out of 10000
On 100 out of 10000
On 101 out of 10000
On 102 out of 10000
On 103 out of 10000
On 104 out of 10000
On 105 out of 10000
On 106 out of 10000
On 107 out of 10000
On 108 out of 10000
On 109 out of 10000
On 110 out of 10000
On 111 out of 10000
On 112 out of 10000
On 113 out of 10000
On 114 out of 10000
Failed run, not saved
On 114 out of 10000
Failed run, not saved
On 114 out of 10000
On 115 out of 10000
Failed run, not saved
On 115 out of 10000
Failed run, not saved
On 115 out of 10000
Failed run, not saved
On 115 out of 10000
Failed run, not saved
On 115 out of 10000
Failed run, not saved
On 115 out of 10000
Failed run, not saved
On 115 out of 10000
Failed run, not saved
On 115 out of 10000
Failed run, not saved
On 115 out of 10000
Failed run, not saved
On 115 out of 10000
Failed run, not saved
On 115 out of 10000
On 116 out of 10000
On 117 out of 10000
On 118 out of 10000
On 119 out of 10000
Failed run, not saved
On 119 out of 10000
On 120 out of 10000
On 121 out of 10000
On 122 out of 10000
Failed run, not saved
On 122 out of 10000
Failed run, not saved
On 122 out of 10000
Failed run, not saved
On 122 out of 10000
Failed run, not saved
On 122 out of 10000
On 123 out of 10000
On 124 out of 10000
On 125 out of 10000
Failed run, not saved
On 125 out of 10000
On 126 out of 10000
On 127 out of 10000
On 128 out of 10000
On 129 out of 10000
On 130 out of 10000
On 131 out of 10000
On 132 out of 10000
On 133 out of 10000
On 134 out of 10000
On 135 out of 10000
On 136 out of 10000
On 137 out of 10000
On 138 out of 10000
Failed run, not saved
On 138 out of 10000
Failed run, not saved
On 138 out of 10000
Failed run, not saved
On 138 out of 10000
Failed run, not saved
On 138 out of 10000
Failed run, not saved
On 138 out of 10000
Failed run, not saved
On 138 out of 10000
Failed run, not saved
On 138 out of 10000
Failed run, not saved
On 138 out of 10000
Failed run, not saved
On 138 out of 10000
Failed run, not saved
On 138 out of 10000
Failed run, not saved
		FAILED TOO MANY TIMES, TRYING ANOTHER ENVIRONMENT
On 138 out of 10000
Failed run, not saved
		FAILED TOO MANY TIMES, TRYING ANOTHER ENVIRONMENT
On 138 out of 10000
On 139 out of 10000
On 140 out of 10000
On 141 out of 10000
On 142 out of 10000
On 143 out of 10000
On 144 out of 10000
On 145 out of 10000
On 146 out of 10000
On 147 out of 10000
On 148 out of 10000
On 149 out of 10000
Failed run, not saved
On 149 out of 10000
Failed run, not saved
On 149 out of 10000
On 150 out of 10000
On 151 out of 10000
On 152 out of 10000
On 153 out of 10000
On 154 out of 10000
On 155 out of 10000
Failed run, not saved
On 155 out of 10000
Failed run, not saved
On 155 out of 10000
Failed run, not saved
On 155 out of 10000
Failed run, not saved
On 155 out of 10000
Failed run, not saved
On 155 out of 10000
Failed run, not saved
On 155 out of 10000
Failed run, not saved
On 155 out of 10000
Failed run, not saved
On 155 out of 10000
Failed run, not saved
On 155 out of 10000
Failed run, not saved
On 155 out of 10000
Failed run, not saved
		FAILED TOO MANY TIMES, TRYING ANOTHER ENVIRONMENT
On 155 out of 10000
On 156 out of 10000
Failed run, not saved
On 156 out of 10000
Failed run, not saved
On 156 out of 10000
Failed run, not saved
On 156 out of 10000
On 157 out of 10000
On 158 out of 10000
On 159 out of 10000
On 160 out of 10000
On 161 out of 10000
On 162 out of 10000
On 163 out of 10000
On 164 out of 10000
On 165 out of 10000
Failed run, not saved
On 165 out of 10000
Failed run, not saved
On 165 out of 10000
Failed run, not saved
On 165 out of 10000
Failed run, not saved
On 165 out of 10000
Failed run, not saved
On 165 out of 10000
Failed run, not saved
On 165 out of 10000
Failed run, not saved
On 165 out of 10000
Failed run, not saved
On 165 out of 10000
Failed run, not saved
On 165 out of 10000
Failed run, not saved
On 165 out of 10000
Failed run, not saved
		FAILED TOO MANY TIMES, TRYING ANOTHER ENVIRONMENT
On 165 out of 10000
On 166 out of 10000
On 167 out of 10000
On 168 out of 10000
On 169 out of 10000
On 170 out of 10000
On 171 out of 10000
On 172 out of 10000
On 173 out of 10000
On 174 out of 10000
On 175 out of 10000
Failed run, not saved
On 175 out of 10000
Failed run, not saved
On 175 out of 10000
Failed run, not saved
On 175 out of 10000
Failed run, not saved
On 175 out of 10000
Failed run, not saved
On 175 out of 10000
Failed run, not saved
On 175 out of 10000
Failed run, not saved
On 175 out of 10000
On 176 out of 10000
On 177 out of 10000
Failed run, not saved
On 177 out of 10000
On 178 out of 10000
On 179 out of 10000
On 180 out of 10000
On 181 out of 10000
On 182 out of 10000
Failed run, not saved
On 182 out of 10000
Failed run, not saved
On 182 out of 10000
On 183 out of 10000
On 184 out of 10000
On 185 out of 10000
On 186 out of 10000
On 187 out of 10000
On 188 out of 10000
On 189 out of 10000
On 190 out of 10000
On 191 out of 10000
On 192 out of 10000
On 193 out of 10000
On 194 out of 10000
On 195 out of 10000
On 196 out of 10000
On 197 out of 10000
On 198 out of 10000
Failed run, not saved
On 198 out of 10000
Failed run, not saved
On 198 out of 10000
Failed run, not saved
On 198 out of 10000
Failed run, not saved
On 198 out of 10000
Failed run, not saved
On 198 out of 10000
Failed run, not saved
On 198 out of 10000
Failed run, not saved
On 198 out of 10000
Failed run, not saved
On 198 out of 10000
Failed run, not saved
On 198 out of 10000
Failed run, not saved
On 198 out of 10000
On 199 out of 10000
Failed run, not saved
On 199 out of 10000
Failed run, not saved
On 199 out of 10000
Failed run, not saved
On 199 out of 10000
Failed run, not saved
On 199 out of 10000
On 200 out of 10000
Failed run, not saved
On 200 out of 10000
Failed run, not saved
On 200 out of 10000
Failed run, not saved
On 200 out of 10000
On 201 out of 10000
On 202 out of 10000
On 203 out of 10000
On 204 out of 10000
On 205 out of 10000
On 206 out of 10000
On 207 out of 10000
Failed run, not saved
On 207 out of 10000
Failed run, not saved
On 207 out of 10000
Failed run, not saved
On 207 out of 10000
Failed run, not saved
On 207 out of 10000
Failed run, not saved
On 207 out of 10000
On 208 out of 10000
On 209 out of 10000
On 210 out of 10000
On 211 out of 10000
On 212 out of 10000
On 213 out of 10000
On 214 out of 10000
Failed run, not saved
On 214 out of 10000
Failed run, not saved
On 214 out of 10000
On 215 out of 10000
On 216 out of 10000
On 217 out of 10000
On 218 out of 10000
Failed run, not saved
On 218 out of 10000
Failed run, not saved
On 218 out of 10000
Failed run, not saved
On 218 out of 10000
Failed run, not saved
On 218 out of 10000
Failed run, not saved
On 218 out of 10000
Failed run, not saved
On 218 out of 10000
Failed run, not saved
On 218 out of 10000
Failed run, not saved
On 218 out of 10000
Failed run, not saved
On 218 out of 10000
Failed run, not saved
On 218 out of 10000
Failed run, not saved
		FAILED TOO MANY TIMES, TRYING ANOTHER ENVIRONMENT
On 218 out of 10000
On 219 out of 10000
On 220 out of 10000
On 221 out of 10000
On 222 out of 10000
On 223 out of 10000
Failed run, not saved
On 223 out of 10000
On 224 out of 10000
Failed run, not saved
On 224 out of 10000
On 225 out of 10000
Failed run, not saved
On 225 out of 10000
Failed run, not saved
On 225 out of 10000
On 226 out of 10000
On 227 out of 10000
On 228 out of 10000
On 229 out of 10000
Failed run, not saved
On 229 out of 10000
Failed run, not saved
On 229 out of 10000
Failed run, not saved
On 229 out of 10000
Failed run, not saved
On 229 out of 10000
Failed run, not saved
On 229 out of 10000
Failed run, not saved
On 229 out of 10000
Failed run, not saved
On 229 out of 10000
Failed run, not saved
On 229 out of 10000
Failed run, not saved
On 229 out of 10000
Failed run, not saved
On 229 out of 10000
On 230 out of 10000
On 231 out of 10000
On 232 out of 10000
On 233 out of 10000
On 234 out of 10000
Failed run, not saved
On 234 out of 10000
On 235 out of 10000
Failed run, not saved
On 235 out of 10000
Failed run, not saved
On 235 out of 10000
Failed run, not saved
On 235 out of 10000
Failed run, not saved
On 235 out of 10000
Failed run, not saved
On 235 out of 10000
Failed run, not saved
On 235 out of 10000
Failed run, not saved
On 235 out of 10000
Failed run, not saved
On 235 out of 10000
Failed run, not saved
On 235 out of 10000
Failed run, not saved
On 235 out of 10000
On 236 out of 10000
On 237 out of 10000
Failed run, not saved
On 237 out of 10000
Failed run, not saved
On 237 out of 10000
Failed run, not saved
On 237 out of 10000
Failed run, not saved
On 237 out of 10000
Failed run, not saved
On 237 out of 10000
Failed run, not saved
On 237 out of 10000
Failed run, not saved
On 237 out of 10000
Failed run, not saved
On 237 out of 10000
Failed run, not saved
On 237 out of 10000
Failed run, not saved
On 237 out of 10000
Failed run, not saved
		FAILED TOO MANY TIMES, TRYING ANOTHER ENVIRONMENT
On 237 out of 10000
On 238 out of 10000
On 239 out of 10000
On 240 out of 10000
On 241 out of 10000
Failed run, not saved
On 241 out of 10000
On 242 out of 10000
On 243 out of 10000
On 244 out of 10000
On 245 out of 10000
On 246 out of 10000
Failed run, not saved
On 246 out of 10000
On 247 out of 10000
Failed run, not saved
On 247 out of 10000
On 248 out of 10000
Failed run, not saved
On 248 out of 10000
On 249 out of 10000
On 250 out of 10000
On 251 out of 10000
Failed run, not saved
On 251 out of 10000
Failed run, not saved
On 251 out of 10000
Failed run, not saved
On 251 out of 10000
Failed run, not saved
On 251 out of 10000
Failed run, not saved
On 251 out of 10000
Failed run, not saved
On 251 out of 10000
Failed run, not saved
On 251 out of 10000
Failed run, not saved
On 251 out of 10000
Failed run, not saved
On 251 out of 10000
Failed run, not saved
On 251 out of 10000
Failed run, not saved
		FAILED TOO MANY TIMES, TRYING ANOTHER ENVIRONMENT
On 251 out of 10000
On 252 out of 10000
On 253 out of 10000
On 254 out of 10000
Failed run, not saved
On 254 out of 10000
On 255 out of 10000
On 256 out of 10000
On 257 out of 10000
On 258 out of 10000
On 259 out of 10000
Failed run, not saved
On 259 out of 10000
Failed run, not saved
On 259 out of 10000
Failed run, not saved
On 259 out of 10000
Failed run, not saved
On 259 out of 10000
Failed run, not saved
On 259 out of 10000
Failed run, not saved
On 259 out of 10000
Failed run, not saved
On 259 out of 10000
Failed run, not saved
On 259 out of 10000
Failed run, not saved
On 259 out of 10000
Failed run, not saved
On 259 out of 10000
Failed run, not saved
		FAILED TOO MANY TIMES, TRYING ANOTHER ENVIRONMENT
On 259 out of 10000
Failed run, not saved
		FAILED TOO MANY TIMES, TRYING ANOTHER ENVIRONMENT
On 259 out of 10000
On 260 out of 10000
Failed run, not saved
On 260 out of 10000
Failed run, not saved
On 260 out of 10000
Failed run, not saved
On 260 out of 10000
Failed run, not saved
On 260 out of 10000
Failed run, not saved
On 260 out of 10000
Failed run, not saved
On 260 out of 10000
Failed run, not saved
On 260 out of 10000
Failed run, not saved
On 260 out of 10000
Failed run, not saved
On 260 out of 10000
Failed run, not saved
On 260 out of 10000
Failed run, not saved
		FAILED TOO MANY TIMES, TRYING ANOTHER ENVIRONMENT
On 260 out of 10000
On 261 out of 10000
On 262 out of 10000
On 263 out of 10000
Failed run, not saved
On 263 out of 10000
Failed run, not saved
On 263 out of 10000
Failed run, not saved
On 263 out of 10000
Failed run, not saved
On 263 out of 10000
On 264 out of 10000
On 265 out of 10000
On 266 out of 10000
On 267 out of 10000
Failed run, not saved
On 267 out of 10000
Failed run, not saved
On 267 out of 10000
Failed run, not saved
On 267 out of 10000
Failed run, not saved
On 267 out of 10000
Failed run, not saved
On 267 out of 10000
Failed run, not saved
On 267 out of 10000
Failed run, not saved
On 267 out of 10000
Failed run, not saved
On 267 out of 10000
Failed run, not saved
On 267 out of 10000
Failed run, not saved
On 267 out of 10000
Failed run, not saved
		FAILED TOO MANY TIMES, TRYING ANOTHER ENVIRONMENT
On 267 out of 10000
On 268 out of 10000
Failed run, not saved
On 268 out of 10000
Failed run, not saved
On 268 out of 10000
Failed run, not saved
On 268 out of 10000
Failed run, not saved
On 268 out of 10000
Failed run, not saved
On 268 out of 10000
Failed run, not saved
On 268 out of 10000
Failed run, not saved
On 268 out of 10000
Failed run, not saved
On 268 out of 10000
Failed run, not saved
On 268 out of 10000
Failed run, not saved
On 268 out of 10000
Failed run, not saved
		FAILED TOO MANY TIMES, TRYING ANOTHER ENVIRONMENT
On 268 out of 10000
On 269 out of 10000
On 270 out of 10000
On 271 out of 10000
On 272 out of 10000
On 273 out of 10000
On 274 out of 10000
On 275 out of 10000
On 276 out of 10000
Failed run, not saved
On 276 out of 10000
On 277 out of 10000
On 278 out of 10000
On 279 out of 10000
On 280 out of 10000
On 281 out of 10000
On 282 out of 10000
On 283 out of 10000
On 284 out of 10000
On 285 out of 10000
Failed run, not saved
On 285 out of 10000
On 286 out of 10000
On 287 out of 10000
On 288 out of 10000
On 289 out of 10000
On 290 out of 10000
On 291 out of 10000
On 292 out of 10000
Failed run, not saved
On 292 out of 10000
Failed run, not saved
On 292 out of 10000
Failed run, not saved
On 292 out of 10000
On 293 out of 10000
On 294 out of 10000
On 295 out of 10000
On 296 out of 10000
On 297 out of 10000
On 298 out of 10000
Failed run, not saved
On 298 out of 10000
On 299 out of 10000
Failed run, not saved
On 299 out of 10000
Failed run, not saved
On 299 out of 10000
Failed run, not saved
On 299 out of 10000
Failed run, not saved
On 299 out of 10000
Failed run, not saved
On 299 out of 10000
Failed run, not saved
On 299 out of 10000
Failed run, not saved
On 299 out of 10000
Failed run, not saved
On 299 out of 10000
Failed run, not saved
On 299 out of 10000
Failed run, not saved
On 299 out of 10000
Failed run, not saved
		FAILED TOO MANY TIMES, TRYING ANOTHER ENVIRONMENT
On 299 out of 10000
On 300 out of 10000
On 301 out of 10000
On 302 out of 10000
On 303 out of 10000
On 304 out of 10000
On 305 out of 10000
Failed run, not saved
On 305 out of 10000
Failed run, not saved
On 305 out of 10000
Failed run, not saved
On 305 out of 10000
Failed run, not saved
On 305 out of 10000
Failed run, not saved
On 305 out of 10000
Failed run, not saved
On 305 out of 10000
Failed run, not saved
On 305 out of 10000
Failed run, not saved
On 305 out of 10000
Failed run, not saved
On 305 out of 10000
Failed run, not saved
On 305 out of 10000
Failed run, not saved
		FAILED TOO MANY TIMES, TRYING ANOTHER ENVIRONMENT
On 305 out of 10000
Failed run, not saved
		FAILED TOO MANY TIMES, TRYING ANOTHER ENVIRONMENT
On 305 out of 10000
On 306 out of 10000
On 307 out of 10000
On 308 out of 10000
On 309 out of 10000
On 310 out of 10000
On 311 out of 10000
Failed run, not saved
On 311 out of 10000
Failed run, not saved
On 311 out of 10000
Failed run, not saved
On 311 out of 10000
Failed run, not saved
On 311 out of 10000
Failed run, not saved
On 311 out of 10000
Failed run, not saved
On 311 out of 10000
Failed run, not saved
On 311 out of 10000
Failed run, not saved
On 311 out of 10000
Failed run, not saved
On 311 out of 10000
Failed run, not saved
On 311 out of 10000
Failed run, not saved
		FAILED TOO MANY TIMES, TRYING ANOTHER ENVIRONMENT
On 311 out of 10000
Failed run, not saved
		FAILED TOO MANY TIMES, TRYING ANOTHER ENVIRONMENT
On 311 out of 10000
Failed run, not saved
		FAILED TOO MANY TIMES, TRYING ANOTHER ENVIRONMENT
On 311 out of 10000
On 312 out of 10000
On 313 out of 10000
On 314 out of 10000
Failed run, not saved
On 314 out of 10000
On 315 out of 10000
Failed run, not saved
On 315 out of 10000
Failed run, not saved
On 315 out of 10000
On 316 out of 10000
On 317 out of 10000
On 318 out of 10000
On 319 out of 10000
On 320 out of 10000
Failed run, not saved
On 320 out of 10000
On 321 out of 10000
On 322 out of 10000
On 323 out of 10000
Failed run, not saved
On 323 out of 10000
Failed run, not saved
On 323 out of 10000
On 324 out of 10000
On 325 out of 10000
Failed run, not saved
On 325 out of 10000
Failed run, not saved
On 325 out of 10000
Failed run, not saved
On 325 out of 10000
Failed run, not saved
On 325 out of 10000
Failed run, not saved
On 325 out of 10000
Failed run, not saved
On 325 out of 10000
Failed run, not saved
On 325 out of 10000
Failed run, not saved
On 325 out of 10000
Failed run, not saved
On 325 out of 10000
Failed run, not saved
On 325 out of 10000
Failed run, not saved
		FAILED TOO MANY TIMES, TRYING ANOTHER ENVIRONMENT
On 325 out of 10000
On 326 out of 10000
On 327 out of 10000
Failed run, not saved
On 327 out of 10000
On 328 out of 10000
On 329 out of 10000
On 330 out of 10000
On 331 out of 10000
On 332 out of 10000
Failed run, not saved
On 332 out of 10000
Failed run, not saved
On 332 out of 10000
Failed run, not saved
On 332 out of 10000
Failed run, not saved
On 332 out of 10000
Failed run, not saved
On 332 out of 10000
Failed run, not saved
On 332 out of 10000
Failed run, not saved
On 332 out of 10000
Failed run, not saved
On 332 out of 10000
Failed run, not saved
On 332 out of 10000
Failed run, not saved
On 332 out of 10000
Failed run, not saved
		FAILED TOO MANY TIMES, TRYING ANOTHER ENVIRONMENT
On 332 out of 10000
On 333 out of 10000
On 334 out of 10000
On 335 out of 10000
On 336 out of 10000
On 337 out of 10000
Failed run, not saved
On 337 out of 10000
Failed run, not saved
On 337 out of 10000
Failed run, not saved
On 337 out of 10000
Failed run, not saved
On 337 out of 10000
Failed run, not saved
On 337 out of 10000
Failed run, not saved
On 337 out of 10000
Failed run, not saved
On 337 out of 10000
Failed run, not saved
On 337 out of 10000
Failed run, not saved
On 337 out of 10000
Failed run, not saved
On 337 out of 10000
Failed run, not saved
		FAILED TOO MANY TIMES, TRYING ANOTHER ENVIRONMENT
On 337 out of 10000
On 338 out of 10000
On 339 out of 10000
On 340 out of 10000
Failed run, not saved
On 340 out of 10000
On 341 out of 10000
On 342 out of 10000
On 343 out of 10000
Failed run, not saved
On 343 out of 10000
Failed run, not saved
On 343 out of 10000
On 344 out of 10000
On 345 out of 10000
On 346 out of 10000
On 347 out of 10000
On 348 out of 10000
On 349 out of 10000
Failed run, not saved
On 349 out of 10000
On 350 out of 10000
Failed run, not saved
On 350 out of 10000
On 351 out of 10000
On 352 out of 10000
On 353 out of 10000
On 354 out of 10000
On 355 out of 10000
On 356 out of 10000
On 357 out of 10000
On 358 out of 10000
On 359 out of 10000
On 360 out of 10000
On 361 out of 10000
On 362 out of 10000
On 363 out of 10000
Failed run, not saved
On 363 out of 10000
Failed run, not saved
On 363 out of 10000
Failed run, not saved
On 363 out of 10000
Failed run, not saved
On 363 out of 10000
Failed run, not saved
On 363 out of 10000
Failed run, not saved
On 363 out of 10000
Failed run, not saved
On 363 out of 10000
Failed run, not saved
On 363 out of 10000
Failed run, not saved
On 363 out of 10000
Failed run, not saved
On 363 out of 10000
Failed run, not saved
		FAILED TOO MANY TIMES, TRYING ANOTHER ENVIRONMENT
On 363 out of 10000
On 364 out of 10000
Failed run, not saved
On 364 out of 10000
On 365 out of 10000
Failed run, not saved
On 365 out of 10000
On 366 out of 10000
Failed run, not saved
On 366 out of 10000
On 367 out of 10000
On 368 out of 10000
Failed run, not saved
On 368 out of 10000
On 369 out of 10000
On 370 out of 10000
On 371 out of 10000
On 372 out of 10000
On 373 out of 10000
On 374 out of 10000
Failed run, not saved
On 374 out of 10000
On 375 out of 10000
On 376 out of 10000
On 377 out of 10000
Failed run, not saved
On 377 out of 10000
Failed run, not saved
On 377 out of 10000
Failed run, not saved
On 377 out of 10000
Failed run, not saved
On 377 out of 10000
Failed run, not saved
On 377 out of 10000
Failed run, not saved
On 377 out of 10000
Failed run, not saved
On 377 out of 10000
Failed run, not saved
On 377 out of 10000
Failed run, not saved
On 377 out of 10000
Failed run, not saved
On 377 out of 10000
Failed run, not saved
		FAILED TOO MANY TIMES, TRYING ANOTHER ENVIRONMENT
On 377 out of 10000
On 378 out of 10000
On 379 out of 10000
On 380 out of 10000
On 381 out of 10000
On 382 out of 10000
On 383 out of 10000
Failed run, not saved
On 383 out of 10000
Failed run, not saved
On 383 out of 10000
Failed run, not saved
On 383 out of 10000
Failed run, not saved
On 383 out of 10000
Failed run, not saved
On 383 out of 10000
Failed run, not saved
On 383 out of 10000
Failed run, not saved
On 383 out of 10000
Failed run, not saved
On 383 out of 10000
Failed run, not saved
On 383 out of 10000
Failed run, not saved
On 383 out of 10000
Failed run, not saved
		FAILED TOO MANY TIMES, TRYING ANOTHER ENVIRONMENT
On 383 out of 10000
Failed run, not saved
		FAILED TOO MANY TIMES, TRYING ANOTHER ENVIRONMENT
On 383 out of 10000
Failed run, not saved
		FAILED TOO MANY TIMES, TRYING ANOTHER ENVIRONMENT
On 383 out of 10000
On 384 out of 10000
On 385 out of 10000
On 386 out of 10000
On 387 out of 10000
On 388 out of 10000
On 389 out of 10000
Failed run, not saved
On 389 out of 10000
On 390 out of 10000
Failed run, not saved
On 390 out of 10000
Failed run, not saved
On 390 out of 10000
Failed run, not saved
On 390 out of 10000
Failed run, not saved
On 390 out of 10000
Failed run, not saved
On 390 out of 10000
Failed run, not saved
On 390 out of 10000
Failed run, not saved
On 390 out of 10000
Failed run, not saved
On 390 out of 10000
Failed run, not saved
On 390 out of 10000
Failed run, not saved
On 390 out of 10000
Failed run, not saved
		FAILED TOO MANY TIMES, TRYING ANOTHER ENVIRONMENT
On 390 out of 10000
On 391 out of 10000
Failed run, not saved
On 391 out of 10000
Failed run, not saved
On 391 out of 10000
Failed run, not saved
On 391 out of 10000
On 392 out of 10000
On 393 out of 10000
Failed run, not saved
On 393 out of 10000
On 394 out of 10000
Failed run, not saved
On 394 out of 10000
Failed run, not saved
On 394 out of 10000
Failed run, not saved
On 394 out of 10000
Failed run, not saved
On 394 out of 10000
Failed run, not saved
On 394 out of 10000
On 395 out of 10000
On 396 out of 10000
Failed run, not saved
On 396 out of 10000
On 397 out of 10000
On 398 out of 10000
On 399 out of 10000
On 400 out of 10000
On 401 out of 10000
On 402 out of 10000
Failed run, not saved
On 402 out of 10000
On 403 out of 10000
Failed run, not saved
On 403 out of 10000
On 404 out of 10000
On 405 out of 10000
On 406 out of 10000
On 407 out of 10000
On 408 out of 10000
On 409 out of 10000
Failed run, not saved
On 409 out of 10000
On 410 out of 10000
On 411 out of 10000
On 412 out of 10000
Failed run, not saved
On 412 out of 10000
Failed run, not saved
On 412 out of 10000
Failed run, not saved
On 412 out of 10000
Failed run, not saved
On 412 out of 10000
Failed run, not saved
On 412 out of 10000
Failed run, not saved
On 412 out of 10000
Failed run, not saved
On 412 out of 10000
Failed run, not saved
On 412 out of 10000
Failed run, not saved
On 412 out of 10000
Failed run, not saved
On 412 out of 10000
Failed run, not saved
		FAILED TOO MANY TIMES, TRYING ANOTHER ENVIRONMENT
On 412 out of 10000
Failed run, not saved
		FAILED TOO MANY TIMES, TRYING ANOTHER ENVIRONMENT
On 412 out of 10000
On 413 out of 10000
On 414 out of 10000
Failed run, not saved
On 414 out of 10000
On 415 out of 10000
On 416 out of 10000
On 417 out of 10000
On 418 out of 10000
On 419 out of 10000
On 420 out of 10000
On 421 out of 10000
On 422 out of 10000
On 423 out of 10000
On 424 out of 10000
On 425 out of 10000
On 426 out of 10000
Failed run, not saved
On 426 out of 10000
On 427 out of 10000
On 428 out of 10000
On 429 out of 10000
On 430 out of 10000
Failed run, not saved
On 430 out of 10000
Failed run, not saved
On 430 out of 10000
Failed run, not saved
On 430 out of 10000
Failed run, not saved
On 430 out of 10000
Failed run, not saved
On 430 out of 10000
Failed run, not saved
On 430 out of 10000
Failed run, not saved
On 430 out of 10000
Failed run, not saved
On 430 out of 10000
Failed run, not saved
On 430 out of 10000
Failed run, not saved
On 430 out of 10000
Failed run, not saved
		FAILED TOO MANY TIMES, TRYING ANOTHER ENVIRONMENT
On 430 out of 10000
On 431 out of 10000
On 432 out of 10000
On 433 out of 10000
Failed run, not saved
On 433 out of 10000
On 434 out of 10000
Failed run, not saved
On 434 out of 10000
Failed run, not saved
On 434 out of 10000
On 435 out of 10000
On 436 out of 10000
On 437 out of 10000
Failed run, not saved
On 437 out of 10000
On 438 out of 10000
On 439 out of 10000
On 440 out of 10000
On 441 out of 10000
On 442 out of 10000
On 443 out of 10000
On 444 out of 10000
On 445 out of 10000
On 446 out of 10000
On 447 out of 10000
Failed run, not saved
On 447 out of 10000
On 448 out of 10000
On 449 out of 10000
On 450 out of 10000
On 451 out of 10000
Failed run, not saved
On 451 out of 10000
On 452 out of 10000
On 453 out of 10000
On 454 out of 10000
On 455 out of 10000
On 456 out of 10000
On 457 out of 10000
On 458 out of 10000
On 459 out of 10000
On 460 out of 10000
Failed run, not saved
On 460 out of 10000
Failed run, not saved
On 460 out of 10000
Failed run, not saved
On 460 out of 10000
Failed run, not saved
On 460 out of 10000
Failed run, not saved
On 460 out of 10000
Failed run, not saved
On 460 out of 10000
Failed run, not saved
On 460 out of 10000
Failed run, not saved
On 460 out of 10000
Failed run, not saved
On 460 out of 10000
Failed run, not saved
On 460 out of 10000
Failed run, not saved
		FAILED TOO MANY TIMES, TRYING ANOTHER ENVIRONMENT
On 460 out of 10000
On 461 out of 10000
Failed run, not saved
On 461 out of 10000
Failed run, not saved
On 461 out of 10000
Failed run, not saved
On 461 out of 10000
On 462 out of 10000
Failed run, not saved
On 462 out of 10000
Failed run, not saved
On 462 out of 10000
Failed run, not saved
On 462 out of 10000
Failed run, not saved
On 462 out of 10000
Failed run, not saved
On 462 out of 10000
Failed run, not saved
On 462 out of 10000
Failed run, not saved
On 462 out of 10000
On 463 out of 10000
On 464 out of 10000
On 465 out of 10000
On 466 out of 10000
On 467 out of 10000
On 468 out of 10000
On 469 out of 10000
On 470 out of 10000
On 471 out of 10000
On 472 out of 10000
Failed run, not saved
On 472 out of 10000
Failed run, not saved
On 472 out of 10000
Failed run, not saved
On 472 out of 10000
Failed run, not saved
On 472 out of 10000
Failed run, not saved
On 472 out of 10000
Failed run, not saved
On 472 out of 10000
Failed run, not saved
On 472 out of 10000
Failed run, not saved
On 472 out of 10000
Failed run, not saved
On 472 out of 10000
Failed run, not saved
On 472 out of 10000
Failed run, not saved
		FAILED TOO MANY TIMES, TRYING ANOTHER ENVIRONMENT
On 472 out of 10000
On 473 out of 10000
Failed run, not saved
On 473 out of 10000
Failed run, not saved
On 473 out of 10000
On 474 out of 10000
Failed run, not saved
On 474 out of 10000
Failed run, not saved
On 474 out of 10000
Failed run, not saved
On 474 out of 10000
Failed run, not saved
On 474 out of 10000
Failed run, not saved
On 474 out of 10000
Failed run, not saved
On 474 out of 10000
Failed run, not saved
On 474 out of 10000
Failed run, not saved
On 474 out of 10000
Failed run, not saved
On 474 out of 10000
Failed run, not saved
On 474 out of 10000
Failed run, not saved
		FAILED TOO MANY TIMES, TRYING ANOTHER ENVIRONMENT
On 474 out of 10000
On 475 out of 10000
Failed run, not saved
On 475 out of 10000
On 476 out of 10000
On 477 out of 10000
On 478 out of 10000
Failed run, not saved
On 478 out of 10000
Failed run, not saved
On 478 out of 10000
Failed run, not saved
On 478 out of 10000
Failed run, not saved
On 478 out of 10000
Failed run, not saved
On 478 out of 10000
Failed run, not saved
On 478 out of 10000
Failed run, not saved
On 478 out of 10000
Failed run, not saved
On 478 out of 10000
Failed run, not saved
On 478 out of 10000
Failed run, not saved
On 478 out of 10000
Failed run, not saved
		FAILED TOO MANY TIMES, TRYING ANOTHER ENVIRONMENT
On 478 out of 10000
On 479 out of 10000
On 480 out of 10000
On 481 out of 10000
On 482 out of 10000
On 483 out of 10000
On 484 out of 10000
Failed run, not saved
On 484 out of 10000
Failed run, not saved
On 484 out of 10000
On 485 out of 10000
On 486 out of 10000
On 487 out of 10000
On 488 out of 10000
On 489 out of 10000
On 490 out of 10000
On 491 out of 10000
On 492 out of 10000
On 493 out of 10000
On 494 out of 10000
On 495 out of 10000
On 496 out of 10000
On 497 out of 10000
Failed run, not saved
On 497 out of 10000
Failed run, not saved
On 497 out of 10000
Failed run, not saved
On 497 out of 10000
Failed run, not saved
On 497 out of 10000
Failed run, not saved
On 497 out of 10000
Failed run, not saved
On 497 out of 10000
Failed run, not saved
On 497 out of 10000
Failed run, not saved
On 497 out of 10000
Failed run, not saved
On 497 out of 10000
Failed run, not saved
On 497 out of 10000
On 498 out of 10000
On 499 out of 10000
Failed run, not saved
On 499 out of 10000
Failed run, not saved
On 499 out of 10000
Failed run, not saved
On 499 out of 10000
Failed run, not saved
On 499 out of 10000
Failed run, not saved
On 499 out of 10000
Failed run, not saved
On 499 out of 10000
Failed run, not saved
On 499 out of 10000
Failed run, not saved
On 499 out of 10000
Failed run, not saved
On 499 out of 10000
Failed run, not saved
On 499 out of 10000
On 500 out of 10000
On 501 out of 10000
Failed run, not saved
On 501 out of 10000
Failed run, not saved
On 501 out of 10000
Failed run, not saved
On 501 out of 10000
Failed run, not saved
On 501 out of 10000
Failed run, not saved
On 501 out of 10000
Failed run, not saved
On 501 out of 10000
Failed run, not saved
On 501 out of 10000
Failed run, not saved
On 501 out of 10000
Failed run, not saved
On 501 out of 10000
Failed run, not saved
On 501 out of 10000
Failed run, not saved
		FAILED TOO MANY TIMES, TRYING ANOTHER ENVIRONMENT
On 501 out of 10000
On 502 out of 10000
On 503 out of 10000
On 504 out of 10000
On 505 out of 10000
On 506 out of 10000
On 507 out of 10000
On 508 out of 10000
On 509 out of 10000
On 510 out of 10000
On 511 out of 10000
Failed run, not saved
On 511 out of 10000
Failed run, not saved
On 511 out of 10000
Failed run, not saved
On 511 out of 10000
Failed run, not saved
On 511 out of 10000
Failed run, not saved
On 511 out of 10000
Failed run, not saved
On 511 out of 10000
Failed run, not saved
On 511 out of 10000
Failed run, not saved
On 511 out of 10000
Failed run, not saved
On 511 out of 10000
Failed run, not saved
On 511 out of 10000
Failed run, not saved
		FAILED TOO MANY TIMES, TRYING ANOTHER ENVIRONMENT
On 511 out of 10000
On 512 out of 10000
On 513 out of 10000
On 514 out of 10000
Failed run, not saved
On 514 out of 10000
Failed run, not saved
On 514 out of 10000
Failed run, not saved
On 514 out of 10000
Failed run, not saved
On 514 out of 10000
Failed run, not saved
On 514 out of 10000
On 515 out of 10000
On 516 out of 10000
On 517 out of 10000
On 518 out of 10000
Failed run, not saved
On 518 out of 10000
Failed run, not saved
On 518 out of 10000
Failed run, not saved
On 518 out of 10000
Failed run, not saved
On 518 out of 10000
Failed run, not saved
On 518 out of 10000
Failed run, not saved
On 518 out of 10000
Failed run, not saved
On 518 out of 10000
Failed run, not saved
On 518 out of 10000
Failed run, not saved
On 518 out of 10000
Failed run, not saved
On 518 out of 10000
On 519 out of 10000
On 520 out of 10000
Failed run, not saved
On 520 out of 10000
On 521 out of 10000
Failed run, not saved
On 521 out of 10000
Failed run, not saved
On 521 out of 10000
Failed run, not saved
On 521 out of 10000
Failed run, not saved
On 521 out of 10000
On 522 out of 10000
On 523 out of 10000
On 524 out of 10000
Failed run, not saved
On 524 out of 10000
Failed run, not saved
On 524 out of 10000
Failed run, not saved
On 524 out of 10000
Failed run, not saved
On 524 out of 10000
Failed run, not saved
On 524 out of 10000
Failed run, not saved
On 524 out of 10000
Failed run, not saved
On 524 out of 10000
Failed run, not saved
On 524 out of 10000
Failed run, not saved
On 524 out of 10000
Failed run, not saved
On 524 out of 10000
Failed run, not saved
		FAILED TOO MANY TIMES, TRYING ANOTHER ENVIRONMENT
On 524 out of 10000
Failed run, not saved
		FAILED TOO MANY TIMES, TRYING ANOTHER ENVIRONMENT
On 524 out of 10000
On 525 out of 10000
On 526 out of 10000
On 527 out of 10000
Failed run, not saved
On 527 out of 10000
Failed run, not saved
On 527 out of 10000
Failed run, not saved
On 527 out of 10000
Failed run, not saved
On 527 out of 10000
Failed run, not saved
On 527 out of 10000
Failed run, not saved
On 527 out of 10000
Failed run, not saved
On 527 out of 10000
Failed run, not saved
On 527 out of 10000
Failed run, not saved
On 527 out of 10000
Failed run, not saved
On 527 out of 10000
Failed run, not saved
		FAILED TOO MANY TIMES, TRYING ANOTHER ENVIRONMENT
On 527 out of 10000
On 528 out of 10000
On 529 out of 10000
On 530 out of 10000
Failed run, not saved
On 530 out of 10000
On 531 out of 10000
On 532 out of 10000
On 533 out of 10000
On 534 out of 10000
Failed run, not saved
On 534 out of 10000
Failed run, not saved
On 534 out of 10000
Failed run, not saved
On 534 out of 10000
Failed run, not saved
On 534 out of 10000
Failed run, not saved
On 534 out of 10000
On 535 out of 10000
On 536 out of 10000
On 537 out of 10000
On 538 out of 10000
On 539 out of 10000
On 540 out of 10000
On 541 out of 10000
On 542 out of 10000
On 543 out of 10000
Failed run, not saved
On 543 out of 10000
On 544 out of 10000
On 545 out of 10000
Failed run, not saved
On 545 out of 10000
Failed run, not saved
On 545 out of 10000
Failed run, not saved
On 545 out of 10000
On 546 out of 10000
On 547 out of 10000
On 548 out of 10000
On 549 out of 10000
On 550 out of 10000
On 551 out of 10000
On 552 out of 10000
Failed run, not saved
On 552 out of 10000
On 553 out of 10000
On 554 out of 10000
Failed run, not saved
On 554 out of 10000
On 555 out of 10000
On 556 out of 10000
Failed run, not saved
On 556 out of 10000
Failed run, not saved
On 556 out of 10000
On 557 out of 10000
Failed run, not saved
On 557 out of 10000
Failed run, not saved
On 557 out of 10000
Failed run, not saved
On 557 out of 10000
Failed run, not saved
On 557 out of 10000
Failed run, not saved
On 557 out of 10000
Failed run, not saved
On 557 out of 10000
On 558 out of 10000
On 559 out of 10000
On 560 out of 10000
On 561 out of 10000
Failed run, not saved
On 561 out of 10000
Failed run, not saved
On 561 out of 10000
On 562 out of 10000
On 563 out of 10000
On 564 out of 10000
On 565 out of 10000
On 566 out of 10000
On 567 out of 10000
On 568 out of 10000
On 569 out of 10000
On 570 out of 10000
On 571 out of 10000
On 572 out of 10000
On 573 out of 10000
On 574 out of 10000
Failed run, not saved
On 574 out of 10000
Failed run, not saved
On 574 out of 10000
Failed run, not saved
On 574 out of 10000
Failed run, not saved
On 574 out of 10000
On 575 out of 10000
On 576 out of 10000
On 577 out of 10000
On 578 out of 10000
On 579 out of 10000
On 580 out of 10000
On 581 out of 10000
On 582 out of 10000
On 583 out of 10000
On 584 out of 10000
On 585 out of 10000
Failed run, not saved
On 585 out of 10000
On 586 out of 10000
On 587 out of 10000
On 588 out of 10000
On 589 out of 10000
Failed run, not saved
On 589 out of 10000
On 590 out of 10000
On 591 out of 10000
On 592 out of 10000
On 593 out of 10000
On 594 out of 10000
On 595 out of 10000
Failed run, not saved
On 595 out of 10000
Failed run, not saved
On 595 out of 10000
Failed run, not saved
On 595 out of 10000
Failed run, not saved
On 595 out of 10000
Failed run, not saved
On 595 out of 10000
Failed run, not saved
On 595 out of 10000
Failed run, not saved
On 595 out of 10000
Failed run, not saved
On 595 out of 10000
Failed run, not saved
On 595 out of 10000
Failed run, not saved
On 595 out of 10000
Failed run, not saved
		FAILED TOO MANY TIMES, TRYING ANOTHER ENVIRONMENT
On 595 out of 10000
On 596 out of 10000
On 597 out of 10000
On 598 out of 10000
Failed run, not saved
On 598 out of 10000
Failed run, not saved
On 598 out of 10000
Failed run, not saved
On 598 out of 10000
Failed run, not saved
On 598 out of 10000
On 599 out of 10000
Failed run, not saved
On 599 out of 10000
On 600 out of 10000
Failed run, not saved
On 600 out of 10000
On 601 out of 10000
On 602 out of 10000
Failed run, not saved
On 602 out of 10000
Failed run, not saved
On 602 out of 10000
Failed run, not saved
On 602 out of 10000
Failed run, not saved
On 602 out of 10000
Failed run, not saved
On 602 out of 10000
Failed run, not saved
On 602 out of 10000
Failed run, not saved
On 602 out of 10000
On 603 out of 10000
Failed run, not saved
On 603 out of 10000
Failed run, not saved
On 603 out of 10000
On 604 out of 10000
On 605 out of 10000
On 606 out of 10000
Failed run, not saved
On 606 out of 10000
Failed run, not saved
On 606 out of 10000
Failed run, not saved
On 606 out of 10000
Failed run, not saved
On 606 out of 10000
Failed run, not saved
On 606 out of 10000
Failed run, not saved
On 606 out of 10000
On 607 out of 10000
On 608 out of 10000
On 609 out of 10000
On 610 out of 10000
Failed run, not saved
On 610 out of 10000
On 611 out of 10000
Failed run, not saved
On 611 out of 10000
Failed run, not saved
On 611 out of 10000
Failed run, not saved
On 611 out of 10000
Failed run, not saved
On 611 out of 10000
Failed run, not saved
On 611 out of 10000
Failed run, not saved
On 611 out of 10000
Failed run, not saved
On 611 out of 10000
Failed run, not saved
On 611 out of 10000
Failed run, not saved
On 611 out of 10000
Failed run, not saved
On 611 out of 10000
Failed run, not saved
		FAILED TOO MANY TIMES, TRYING ANOTHER ENVIRONMENT
On 611 out of 10000
Failed run, not saved
		FAILED TOO MANY TIMES, TRYING ANOTHER ENVIRONMENT
On 611 out of 10000
On 612 out of 10000
On 613 out of 10000
On 614 out of 10000
On 615 out of 10000
On 616 out of 10000
On 617 out of 10000
Failed run, not saved
On 617 out of 10000
On 618 out of 10000
On 619 out of 10000
On 620 out of 10000
On 621 out of 10000
On 622 out of 10000
On 623 out of 10000
On 624 out of 10000
On 625 out of 10000
Failed run, not saved
On 625 out of 10000
Failed run, not saved
On 625 out of 10000
Failed run, not saved
On 625 out of 10000
Failed run, not saved
On 625 out of 10000
Failed run, not saved
On 625 out of 10000
Failed run, not saved
On 625 out of 10000
Failed run, not saved
On 625 out of 10000
Failed run, not saved
On 625 out of 10000
Failed run, not saved
On 625 out of 10000
Failed run, not saved
On 625 out of 10000
Failed run, not saved
		FAILED TOO MANY TIMES, TRYING ANOTHER ENVIRONMENT
On 625 out of 10000
Failed run, not saved
		FAILED TOO MANY TIMES, TRYING ANOTHER ENVIRONMENT
On 625 out of 10000
Failed run, not saved
		FAILED TOO MANY TIMES, TRYING ANOTHER ENVIRONMENT
On 625 out of 10000
On 626 out of 10000
On 627 out of 10000
Failed run, not saved
On 627 out of 10000
Failed run, not saved
On 627 out of 10000
Failed run, not saved
On 627 out of 10000
Failed run, not saved
On 627 out of 10000
Failed run, not saved
On 627 out of 10000
Failed run, not saved
On 627 out of 10000
Failed run, not saved
On 627 out of 10000
Failed run, not saved
On 627 out of 10000
Failed run, not saved
On 627 out of 10000
Failed run, not saved
On 627 out of 10000
Failed run, not saved
		FAILED TOO MANY TIMES, TRYING ANOTHER ENVIRONMENT
On 627 out of 10000
On 628 out of 10000
Failed run, not saved
On 628 out of 10000
Failed run, not saved
On 628 out of 10000
Failed run, not saved
On 628 out of 10000
Failed run, not saved
On 628 out of 10000
Failed run, not saved
On 628 out of 10000
Failed run, not saved
On 628 out of 10000
Failed run, not saved
On 628 out of 10000
Failed run, not saved
On 628 out of 10000
Failed run, not saved
On 628 out of 10000
Failed run, not saved
On 628 out of 10000
Failed run, not saved
		FAILED TOO MANY TIMES, TRYING ANOTHER ENVIRONMENT
On 628 out of 10000
On 629 out of 10000
Failed run, not saved
On 629 out of 10000
Failed run, not saved
On 629 out of 10000
Failed run, not saved
On 629 out of 10000
Failed run, not saved
On 629 out of 10000
Failed run, not saved
On 629 out of 10000
On 630 out of 10000
Failed run, not saved
On 630 out of 10000
Failed run, not saved
On 630 out of 10000
Failed run, not saved
On 630 out of 10000
Failed run, not saved
On 630 out of 10000
Failed run, not saved
On 630 out of 10000
Failed run, not saved
On 630 out of 10000
Failed run, not saved
On 630 out of 10000
Failed run, not saved
On 630 out of 10000
Failed run, not saved
On 630 out of 10000
Failed run, not saved
On 630 out of 10000
Failed run, not saved
		FAILED TOO MANY TIMES, TRYING ANOTHER ENVIRONMENT
On 630 out of 10000
Failed run, not saved
		FAILED TOO MANY TIMES, TRYING ANOTHER ENVIRONMENT
On 630 out of 10000
On 631 out of 10000
On 632 out of 10000
On 633 out of 10000
On 634 out of 10000
On 635 out of 10000
On 636 out of 10000
On 637 out of 10000
On 638 out of 10000
Failed run, not saved
On 638 out of 10000
Failed run, not saved
On 638 out of 10000
On 639 out of 10000
Failed run, not saved
On 639 out of 10000
Failed run, not saved
On 639 out of 10000
Failed run, not saved
On 639 out of 10000
On 640 out of 10000
On 641 out of 10000
Failed run, not saved
On 641 out of 10000
Failed run, not saved
On 641 out of 10000
On 642 out of 10000
On 643 out of 10000
On 644 out of 10000
On 645 out of 10000
Failed run, not saved
On 645 out of 10000
Failed run, not saved
On 645 out of 10000
On 646 out of 10000
On 647 out of 10000
Failed run, not saved
On 647 out of 10000
Failed run, not saved
On 647 out of 10000
Failed run, not saved
On 647 out of 10000
On 648 out of 10000
Failed run, not saved
On 648 out of 10000
Failed run, not saved
On 648 out of 10000
Failed run, not saved
On 648 out of 10000
Failed run, not saved
On 648 out of 10000
Failed run, not saved
On 648 out of 10000
Failed run, not saved
On 648 out of 10000
Failed run, not saved
On 648 out of 10000
Failed run, not saved
On 648 out of 10000
Failed run, not saved
On 648 out of 10000
Failed run, not saved
On 648 out of 10000
Failed run, not saved
		FAILED TOO MANY TIMES, TRYING ANOTHER ENVIRONMENT
On 648 out of 10000
On 649 out of 10000
Failed run, not saved
On 649 out of 10000
On 650 out of 10000
On 651 out of 10000
On 652 out of 10000
On 653 out of 10000
Failed run, not saved
On 653 out of 10000
On 654 out of 10000
On 655 out of 10000
On 656 out of 10000
On 657 out of 10000
On 658 out of 10000
On 659 out of 10000
On 660 out of 10000
On 661 out of 10000
On 662 out of 10000
Failed run, not saved
On 662 out of 10000
On 663 out of 10000
Failed run, not saved
On 663 out of 10000
Failed run, not saved
On 663 out of 10000
On 664 out of 10000
Failed run, not saved
On 664 out of 10000
Failed run, not saved
On 664 out of 10000
Failed run, not saved
On 664 out of 10000
Failed run, not saved
On 664 out of 10000
Failed run, not saved
On 664 out of 10000
Failed run, not saved
On 664 out of 10000
Failed run, not saved
On 664 out of 10000
Failed run, not saved
On 664 out of 10000
Failed run, not saved
On 664 out of 10000
Failed run, not saved
On 664 out of 10000
Failed run, not saved
		FAILED TOO MANY TIMES, TRYING ANOTHER ENVIRONMENT
On 664 out of 10000
On 665 out of 10000
On 666 out of 10000
On 667 out of 10000
On 668 out of 10000
On 669 out of 10000
On 670 out of 10000
On 671 out of 10000
On 672 out of 10000
On 673 out of 10000
On 674 out of 10000
On 675 out of 10000
On 676 out of 10000
On 677 out of 10000
Failed run, not saved
On 677 out of 10000
Failed run, not saved
On 677 out of 10000
Failed run, not saved
On 677 out of 10000
Failed run, not saved
On 677 out of 10000
Failed run, not saved
On 677 out of 10000
Failed run, not saved
On 677 out of 10000
Failed run, not saved
On 677 out of 10000
Failed run, not saved
On 677 out of 10000
Failed run, not saved
On 677 out of 10000
Failed run, not saved
On 677 out of 10000
Failed run, not saved
		FAILED TOO MANY TIMES, TRYING ANOTHER ENVIRONMENT
On 677 out of 10000
Failed run, not saved
		FAILED TOO MANY TIMES, TRYING ANOTHER ENVIRONMENT
On 677 out of 10000
On 678 out of 10000
Failed run, not saved
On 678 out of 10000
Failed run, not saved
On 678 out of 10000
Failed run, not saved
On 678 out of 10000
On 679 out of 10000
On 680 out of 10000
On 681 out of 10000
On 682 out of 10000
On 683 out of 10000
Failed run, not saved
On 683 out of 10000
Failed run, not saved
On 683 out of 10000
On 684 out of 10000
On 685 out of 10000
On 686 out of 10000
On 687 out of 10000
Failed run, not saved
On 687 out of 10000
On 688 out of 10000
On 689 out of 10000
Failed run, not saved
On 689 out of 10000
Failed run, not saved
On 689 out of 10000
Failed run, not saved
On 689 out of 10000
Failed run, not saved
On 689 out of 10000
Failed run, not saved
On 689 out of 10000
Failed run, not saved
On 689 out of 10000
Failed run, not saved
On 689 out of 10000
Failed run, not saved
On 689 out of 10000
Failed run, not saved
On 689 out of 10000
Failed run, not saved
On 689 out of 10000
Failed run, not saved
		FAILED TOO MANY TIMES, TRYING ANOTHER ENVIRONMENT
On 689 out of 10000
On 690 out of 10000
On 691 out of 10000
On 692 out of 10000
Failed run, not saved
On 692 out of 10000
Failed run, not saved
On 692 out of 10000
On 693 out of 10000
On 694 out of 10000
On 695 out of 10000
On 696 out of 10000
On 697 out of 10000
Failed run, not saved
On 697 out of 10000
Failed run, not saved
On 697 out of 10000
On 698 out of 10000
On 699 out of 10000
On 700 out of 10000
Failed run, not saved
On 700 out of 10000
On 701 out of 10000
On 702 out of 10000
On 703 out of 10000
On 704 out of 10000
On 705 out of 10000
On 706 out of 10000
On 707 out of 10000
On 708 out of 10000
On 709 out of 10000
On 710 out of 10000
On 711 out of 10000
On 712 out of 10000
Failed run, not saved
On 712 out of 10000
Failed run, not saved
On 712 out of 10000
Failed run, not saved
On 712 out of 10000
Failed run, not saved
On 712 out of 10000
Failed run, not saved
On 712 out of 10000
Failed run, not saved
On 712 out of 10000
Failed run, not saved
On 712 out of 10000
Failed run, not saved
On 712 out of 10000
Failed run, not saved
On 712 out of 10000
Failed run, not saved
On 712 out of 10000
Failed run, not saved
		FAILED TOO MANY TIMES, TRYING ANOTHER ENVIRONMENT
On 712 out of 10000
On 713 out of 10000
On 714 out of 10000
On 715 out of 10000
Failed run, not saved
On 715 out of 10000
Failed run, not saved
On 715 out of 10000
Failed run, not saved
On 715 out of 10000
Failed run, not saved
On 715 out of 10000
Failed run, not saved
On 715 out of 10000
Failed run, not saved
On 715 out of 10000
Failed run, not saved
On 715 out of 10000
Failed run, not saved
On 715 out of 10000
Failed run, not saved
On 715 out of 10000
Failed run, not saved
On 715 out of 10000
Failed run, not saved
		FAILED TOO MANY TIMES, TRYING ANOTHER ENVIRONMENT
On 715 out of 10000
Failed run, not saved
		FAILED TOO MANY TIMES, TRYING ANOTHER ENVIRONMENT
On 715 out of 10000
On 716 out of 10000
On 717 out of 10000
On 718 out of 10000
On 719 out of 10000
On 720 out of 10000
Failed run, not saved
On 720 out of 10000
On 721 out of 10000
On 722 out of 10000
On 723 out of 10000
On 724 out of 10000
On 725 out of 10000
On 726 out of 10000
On 727 out of 10000
On 728 out of 10000
On 729 out of 10000
On 730 out of 10000
Failed run, not saved
On 730 out of 10000
Failed run, not saved
On 730 out of 10000
Failed run, not saved
On 730 out of 10000
Failed run, not saved
On 730 out of 10000
Failed run, not saved
On 730 out of 10000
Failed run, not saved
On 730 out of 10000
Failed run, not saved
On 730 out of 10000
Failed run, not saved
On 730 out of 10000
Failed run, not saved
On 730 out of 10000
Failed run, not saved
On 730 out of 10000
Failed run, not saved
		FAILED TOO MANY TIMES, TRYING ANOTHER ENVIRONMENT
On 730 out of 10000
Failed run, not saved
		FAILED TOO MANY TIMES, TRYING ANOTHER ENVIRONMENT
On 730 out of 10000
On 731 out of 10000
On 732 out of 10000
On 733 out of 10000
On 734 out of 10000
Failed run, not saved
On 734 out of 10000
Failed run, not saved
On 734 out of 10000
Failed run, not saved
On 734 out of 10000
Failed run, not saved
On 734 out of 10000
Failed run, not saved
On 734 out of 10000
Failed run, not saved
On 734 out of 10000
Failed run, not saved
On 734 out of 10000
Failed run, not saved
On 734 out of 10000
Failed run, not saved
On 734 out of 10000
Failed run, not saved
On 734 out of 10000
Failed run, not saved
		FAILED TOO MANY TIMES, TRYING ANOTHER ENVIRONMENT
On 734 out of 10000
On 735 out of 10000
On 736 out of 10000
Failed run, not saved
On 736 out of 10000
On 737 out of 10000
On 738 out of 10000
Failed run, not saved
On 738 out of 10000
Failed run, not saved
On 738 out of 10000
On 739 out of 10000
On 740 out of 10000
On 741 out of 10000
On 742 out of 10000
On 743 out of 10000
On 744 out of 10000
Failed run, not saved
On 744 out of 10000
Failed run, not saved
On 744 out of 10000
Failed run, not saved
On 744 out of 10000
Failed run, not saved
On 744 out of 10000
On 745 out of 10000
Failed run, not saved
On 745 out of 10000
Failed run, not saved
On 745 out of 10000
Failed run, not saved
On 745 out of 10000
Failed run, not saved
On 745 out of 10000
Failed run, not saved
On 745 out of 10000
Failed run, not saved
On 745 out of 10000
Failed run, not saved
On 745 out of 10000
Failed run, not saved
On 745 out of 10000
Failed run, not saved
On 745 out of 10000
Failed run, not saved
On 745 out of 10000
On 746 out of 10000
On 747 out of 10000
On 748 out of 10000
On 749 out of 10000
On 750 out of 10000
Failed run, not saved
On 750 out of 10000
On 751 out of 10000
On 752 out of 10000
Failed run, not saved
On 752 out of 10000
Failed run, not saved
On 752 out of 10000
Failed run, not saved
On 752 out of 10000
On 753 out of 10000
On 754 out of 10000
On 755 out of 10000
On 756 out of 10000
On 757 out of 10000
On 758 out of 10000
On 759 out of 10000
On 760 out of 10000
On 761 out of 10000
On 762 out of 10000
On 763 out of 10000
On 764 out of 10000
On 765 out of 10000
On 766 out of 10000
Failed run, not saved
On 766 out of 10000
Failed run, not saved
On 766 out of 10000
Failed run, not saved
On 766 out of 10000
Failed run, not saved
On 766 out of 10000
Failed run, not saved
On 766 out of 10000
Failed run, not saved
On 766 out of 10000
Failed run, not saved
On 766 out of 10000
Failed run, not saved
On 766 out of 10000
Failed run, not saved
On 766 out of 10000
Failed run, not saved
On 766 out of 10000
Failed run, not saved
		FAILED TOO MANY TIMES, TRYING ANOTHER ENVIRONMENT
On 766 out of 10000
On 767 out of 10000
On 768 out of 10000
On 769 out of 10000
On 770 out of 10000
Failed run, not saved
On 770 out of 10000
On 771 out of 10000
On 772 out of 10000
On 773 out of 10000
On 774 out of 10000
Failed run, not saved
On 774 out of 10000
Failed run, not saved
On 774 out of 10000
Failed run, not saved
On 774 out of 10000
Failed run, not saved
On 774 out of 10000
Failed run, not saved
On 774 out of 10000
Failed run, not saved
On 774 out of 10000
Failed run, not saved
On 774 out of 10000
Failed run, not saved
On 774 out of 10000
Failed run, not saved
On 774 out of 10000
Failed run, not saved
On 774 out of 10000
Failed run, not saved
		FAILED TOO MANY TIMES, TRYING ANOTHER ENVIRONMENT
On 774 out of 10000
On 775 out of 10000
On 776 out of 10000
On 777 out of 10000
On 778 out of 10000
On 779 out of 10000
On 780 out of 10000
Failed run, not saved
On 780 out of 10000
Failed run, not saved
On 780 out of 10000
Failed run, not saved
On 780 out of 10000
Failed run, not saved
On 780 out of 10000
On 781 out of 10000
On 782 out of 10000
On 783 out of 10000
On 784 out of 10000
On 785 out of 10000
On 786 out of 10000
On 787 out of 10000
On 788 out of 10000
On 789 out of 10000
On 790 out of 10000
On 791 out of 10000
On 792 out of 10000
On 793 out of 10000
On 794 out of 10000
Failed run, not saved
On 794 out of 10000
Failed run, not saved
On 794 out of 10000
Failed run, not saved
On 794 out of 10000
Failed run, not saved
On 794 out of 10000
Failed run, not saved
On 794 out of 10000
Failed run, not saved
On 794 out of 10000
Failed run, not saved
On 794 out of 10000
On 795 out of 10000
On 796 out of 10000
On 797 out of 10000
Failed run, not saved
On 797 out of 10000
Failed run, not saved
On 797 out of 10000
On 798 out of 10000
On 799 out of 10000
Failed run, not saved
On 799 out of 10000
On 800 out of 10000
On 801 out of 10000
On 802 out of 10000
On 803 out of 10000
On 804 out of 10000
Failed run, not saved
On 804 out of 10000
Failed run, not saved
On 804 out of 10000
Failed run, not saved
On 804 out of 10000
Failed run, not saved
On 804 out of 10000
Failed run, not saved
On 804 out of 10000
Failed run, not saved
On 804 out of 10000
Failed run, not saved
On 804 out of 10000
Failed run, not saved
On 804 out of 10000
Failed run, not saved
On 804 out of 10000
Failed run, not saved
On 804 out of 10000
Failed run, not saved
		FAILED TOO MANY TIMES, TRYING ANOTHER ENVIRONMENT
On 804 out of 10000
On 805 out of 10000
Failed run, not saved
On 805 out of 10000
Failed run, not saved
On 805 out of 10000
Failed run, not saved
On 805 out of 10000
Failed run, not saved
On 805 out of 10000
Failed run, not saved
On 805 out of 10000
Failed run, not saved
On 805 out of 10000
Failed run, not saved
On 805 out of 10000
Failed run, not saved
On 805 out of 10000
Failed run, not saved
On 805 out of 10000
Failed run, not saved
On 805 out of 10000
Failed run, not saved
		FAILED TOO MANY TIMES, TRYING ANOTHER ENVIRONMENT
On 805 out of 10000
On 806 out of 10000
Failed run, not saved
On 806 out of 10000
Failed run, not saved
On 806 out of 10000
Failed run, not saved
On 806 out of 10000
Failed run, not saved
On 806 out of 10000
Failed run, not saved
On 806 out of 10000
Failed run, not saved
On 806 out of 10000
Failed run, not saved
On 806 out of 10000
Failed run, not saved
On 806 out of 10000
Failed run, not saved
On 806 out of 10000
Failed run, not saved
On 806 out of 10000
Failed run, not saved
		FAILED TOO MANY TIMES, TRYING ANOTHER ENVIRONMENT
On 806 out of 10000
On 807 out of 10000
On 808 out of 10000
On 809 out of 10000
Failed run, not saved
On 809 out of 10000
Failed run, not saved
On 809 out of 10000
Failed run, not saved
On 809 out of 10000
Failed run, not saved
On 809 out of 10000
Failed run, not saved
On 809 out of 10000
On 810 out of 10000
Failed run, not saved
On 810 out of 10000
Failed run, not saved
On 810 out of 10000
Failed run, not saved
On 810 out of 10000
On 811 out of 10000
On 812 out of 10000
On 813 out of 10000
Failed run, not saved
On 813 out of 10000
On 814 out of 10000
Failed run, not saved
On 814 out of 10000
On 815 out of 10000
Failed run, not saved
On 815 out of 10000
On 816 out of 10000
On 817 out of 10000
On 818 out of 10000
On 819 out of 10000
Failed run, not saved
On 819 out of 10000
Failed run, not saved
On 819 out of 10000
Failed run, not saved
On 819 out of 10000
Failed run, not saved
On 819 out of 10000
Failed run, not saved
On 819 out of 10000
Failed run, not saved
On 819 out of 10000
Failed run, not saved
On 819 out of 10000
Failed run, not saved
On 819 out of 10000
On 820 out of 10000
On 821 out of 10000
On 822 out of 10000
On 823 out of 10000
Failed run, not saved
On 823 out of 10000
Failed run, not saved
On 823 out of 10000
On 824 out of 10000
On 825 out of 10000
On 826 out of 10000
On 827 out of 10000
On 828 out of 10000
On 829 out of 10000
On 830 out of 10000
On 831 out of 10000
On 832 out of 10000
On 833 out of 10000
Failed run, not saved
On 833 out of 10000
Failed run, not saved
On 833 out of 10000
Failed run, not saved
On 833 out of 10000
Failed run, not saved
On 833 out of 10000
Failed run, not saved
On 833 out of 10000
Failed run, not saved
On 833 out of 10000
Failed run, not saved
On 833 out of 10000
Failed run, not saved
On 833 out of 10000
Failed run, not saved
On 833 out of 10000
Failed run, not saved
On 833 out of 10000
Failed run, not saved
		FAILED TOO MANY TIMES, TRYING ANOTHER ENVIRONMENT
On 833 out of 10000
Failed run, not saved
		FAILED TOO MANY TIMES, TRYING ANOTHER ENVIRONMENT
On 833 out of 10000
On 834 out of 10000
Failed run, not saved
On 834 out of 10000
On 835 out of 10000
On 836 out of 10000
On 837 out of 10000
On 838 out of 10000
On 839 out of 10000
On 840 out of 10000
Failed run, not saved
On 840 out of 10000
Failed run, not saved
On 840 out of 10000
Failed run, not saved
On 840 out of 10000
Failed run, not saved
On 840 out of 10000
Failed run, not saved
On 840 out of 10000
Failed run, not saved
On 840 out of 10000
Failed run, not saved
On 840 out of 10000
On 841 out of 10000
On 842 out of 10000
On 843 out of 10000
Failed run, not saved
On 843 out of 10000
On 844 out of 10000
On 845 out of 10000
Failed run, not saved
On 845 out of 10000
On 846 out of 10000
On 847 out of 10000
On 848 out of 10000
On 849 out of 10000
Failed run, not saved
On 849 out of 10000
Failed run, not saved
On 849 out of 10000
Failed run, not saved
On 849 out of 10000
Failed run, not saved
On 849 out of 10000
Failed run, not saved
On 849 out of 10000
Failed run, not saved
On 849 out of 10000
On 850 out of 10000
Failed run, not saved
On 850 out of 10000
Failed run, not saved
On 850 out of 10000
On 851 out of 10000
Failed run, not saved
On 851 out of 10000
On 852 out of 10000
On 853 out of 10000
Failed run, not saved
On 853 out of 10000
Failed run, not saved
On 853 out of 10000
Failed run, not saved
On 853 out of 10000
Failed run, not saved
On 853 out of 10000
Failed run, not saved
On 853 out of 10000
Failed run, not saved
On 853 out of 10000
Failed run, not saved
On 853 out of 10000
On 854 out of 10000
Failed run, not saved
On 854 out of 10000
On 855 out of 10000
On 856 out of 10000
On 857 out of 10000
On 858 out of 10000
On 859 out of 10000
On 860 out of 10000
On 861 out of 10000
On 862 out of 10000
On 863 out of 10000
On 864 out of 10000
On 865 out of 10000
On 866 out of 10000
On 867 out of 10000
Failed run, not saved
On 867 out of 10000
Failed run, not saved
On 867 out of 10000
On 868 out of 10000
On 869 out of 10000
On 870 out of 10000
On 871 out of 10000
Failed run, not saved
On 871 out of 10000
On 872 out of 10000
On 873 out of 10000
Failed run, not saved
On 873 out of 10000
Failed run, not saved
On 873 out of 10000
Failed run, not saved
On 873 out of 10000
Failed run, not saved
On 873 out of 10000
Failed run, not saved
On 873 out of 10000
Failed run, not saved
On 873 out of 10000
Failed run, not saved
On 873 out of 10000
Failed run, not saved
On 873 out of 10000
Failed run, not saved
On 873 out of 10000
Failed run, not saved
On 873 out of 10000
Failed run, not saved
		FAILED TOO MANY TIMES, TRYING ANOTHER ENVIRONMENT
On 873 out of 10000
On 874 out of 10000
Failed run, not saved
On 874 out of 10000
Failed run, not saved
On 874 out of 10000
On 875 out of 10000
On 876 out of 10000
On 877 out of 10000
Failed run, not saved
On 877 out of 10000
On 878 out of 10000
Failed run, not saved
On 878 out of 10000
On 879 out of 10000
On 880 out of 10000
Failed run, not saved
On 880 out of 10000
Failed run, not saved
On 880 out of 10000
Failed run, not saved
On 880 out of 10000
On 881 out of 10000
On 882 out of 10000
Failed run, not saved
On 882 out of 10000
Failed run, not saved
On 882 out of 10000
On 883 out of 10000
On 884 out of 10000
On 885 out of 10000
On 886 out of 10000
On 887 out of 10000
On 888 out of 10000
On 889 out of 10000
On 890 out of 10000
On 891 out of 10000
On 892 out of 10000
On 893 out of 10000
Failed run, not saved
On 893 out of 10000
Failed run, not saved
On 893 out of 10000
Failed run, not saved
On 893 out of 10000
On 894 out of 10000
On 895 out of 10000
On 896 out of 10000
Failed run, not saved
On 896 out of 10000
Failed run, not saved
On 896 out of 10000
Failed run, not saved
On 896 out of 10000
Failed run, not saved
On 896 out of 10000
Failed run, not saved
On 896 out of 10000
Failed run, not saved
On 896 out of 10000
Failed run, not saved
On 896 out of 10000
On 897 out of 10000
On 898 out of 10000
Failed run, not saved
On 898 out of 10000
Failed run, not saved
On 898 out of 10000
Failed run, not saved
On 898 out of 10000
On 899 out of 10000
Failed run, not saved
On 899 out of 10000
On 900 out of 10000
On 901 out of 10000
On 902 out of 10000
Failed run, not saved
On 902 out of 10000
On 903 out of 10000
On 904 out of 10000
Failed run, not saved
On 904 out of 10000
Failed run, not saved
On 904 out of 10000
On 905 out of 10000
On 906 out of 10000
On 907 out of 10000
On 908 out of 10000
On 909 out of 10000
Failed run, not saved
On 909 out of 10000
Failed run, not saved
On 909 out of 10000
On 910 out of 10000
On 911 out of 10000
On 912 out of 10000
Failed run, not saved
On 912 out of 10000
Failed run, not saved
On 912 out of 10000
Failed run, not saved
On 912 out of 10000
Failed run, not saved
On 912 out of 10000
Failed run, not saved
On 912 out of 10000
On 913 out of 10000
On 914 out of 10000
On 915 out of 10000
Failed run, not saved
On 915 out of 10000
On 916 out of 10000
On 917 out of 10000
On 918 out of 10000
On 919 out of 10000
Failed run, not saved
On 919 out of 10000
Failed run, not saved
On 919 out of 10000
On 920 out of 10000
On 921 out of 10000
On 922 out of 10000
On 923 out of 10000
On 924 out of 10000
On 925 out of 10000
On 926 out of 10000
On 927 out of 10000
On 928 out of 10000
Failed run, not saved
On 928 out of 10000
On 929 out of 10000
Failed run, not saved
On 929 out of 10000
On 930 out of 10000
On 931 out of 10000
On 932 out of 10000
On 933 out of 10000
On 934 out of 10000
On 935 out of 10000
On 936 out of 10000
Failed run, not saved
On 936 out of 10000
Failed run, not saved
On 936 out of 10000
Failed run, not saved
On 936 out of 10000
Failed run, not saved
On 936 out of 10000
Failed run, not saved
On 936 out of 10000
Failed run, not saved
On 936 out of 10000
Failed run, not saved
On 936 out of 10000
Failed run, not saved
On 936 out of 10000
Failed run, not saved
On 936 out of 10000
Failed run, not saved
On 936 out of 10000
Failed run, not saved
		FAILED TOO MANY TIMES, TRYING ANOTHER ENVIRONMENT
On 936 out of 10000
On 937 out of 10000
Failed run, not saved
On 937 out of 10000
Failed run, not saved
On 937 out of 10000
Failed run, not saved
On 937 out of 10000
Failed run, not saved
On 937 out of 10000
On 938 out of 10000
On 939 out of 10000
On 940 out of 10000
On 941 out of 10000
Failed run, not saved
On 941 out of 10000
Failed run, not saved
On 941 out of 10000
Failed run, not saved
On 941 out of 10000
Failed run, not saved
On 941 out of 10000
Failed run, not saved
On 941 out of 10000
Failed run, not saved
On 941 out of 10000
Failed run, not saved
On 941 out of 10000
Failed run, not saved
On 941 out of 10000
Failed run, not saved
On 941 out of 10000
Failed run, not saved
On 941 out of 10000
Failed run, not saved
		FAILED TOO MANY TIMES, TRYING ANOTHER ENVIRONMENT
On 941 out of 10000
Failed run, not saved
		FAILED TOO MANY TIMES, TRYING ANOTHER ENVIRONMENT
On 941 out of 10000
Failed run, not saved
		FAILED TOO MANY TIMES, TRYING ANOTHER ENVIRONMENT
On 941 out of 10000
On 942 out of 10000
On 943 out of 10000
On 944 out of 10000
On 945 out of 10000
On 946 out of 10000
On 947 out of 10000
On 948 out of 10000
Failed run, not saved
On 948 out of 10000
Failed run, not saved
On 948 out of 10000
Failed run, not saved
On 948 out of 10000
Failed run, not saved
On 948 out of 10000
Failed run, not saved
On 948 out of 10000
On 949 out of 10000
On 950 out of 10000
On 951 out of 10000
Failed run, not saved
On 951 out of 10000
On 952 out of 10000
On 953 out of 10000
On 954 out of 10000
On 955 out of 10000
On 956 out of 10000
On 957 out of 10000
On 958 out of 10000
On 959 out of 10000
On 960 out of 10000
Failed run, not saved
On 960 out of 10000
Failed run, not saved
On 960 out of 10000
Failed run, not saved
On 960 out of 10000
Failed run, not saved
On 960 out of 10000
Failed run, not saved
On 960 out of 10000
Failed run, not saved
On 960 out of 10000
Failed run, not saved
On 960 out of 10000
Failed run, not saved
On 960 out of 10000
Failed run, not saved
On 960 out of 10000
Failed run, not saved
On 960 out of 10000
Failed run, not saved
		FAILED TOO MANY TIMES, TRYING ANOTHER ENVIRONMENT
On 960 out of 10000
On 961 out of 10000
On 962 out of 10000
On 963 out of 10000
On 964 out of 10000
On 965 out of 10000
Failed run, not saved
On 965 out of 10000
Failed run, not saved
On 965 out of 10000
Failed run, not saved
On 965 out of 10000
Failed run, not saved
On 965 out of 10000
Failed run, not saved
On 965 out of 10000
Failed run, not saved
On 965 out of 10000
Failed run, not saved
On 965 out of 10000
Failed run, not saved
On 965 out of 10000
Failed run, not saved
On 965 out of 10000
Failed run, not saved
On 965 out of 10000
Failed run, not saved
		FAILED TOO MANY TIMES, TRYING ANOTHER ENVIRONMENT
On 965 out of 10000
On 966 out of 10000
On 967 out of 10000
On 968 out of 10000
On 969 out of 10000
On 970 out of 10000
On 971 out of 10000
Failed run, not saved
On 971 out of 10000
Failed run, not saved
On 971 out of 10000
On 972 out of 10000
On 973 out of 10000
On 974 out of 10000
Failed run, not saved
On 974 out of 10000
Failed run, not saved
On 974 out of 10000
Failed run, not saved
On 974 out of 10000
Failed run, not saved
On 974 out of 10000
Failed run, not saved
On 974 out of 10000
On 975 out of 10000
Failed run, not saved
On 975 out of 10000
Failed run, not saved
On 975 out of 10000
Failed run, not saved
On 975 out of 10000
Failed run, not saved
On 975 out of 10000
Failed run, not saved
On 975 out of 10000
Failed run, not saved
On 975 out of 10000
On 976 out of 10000
On 977 out of 10000
On 978 out of 10000
On 979 out of 10000
Failed run, not saved
On 979 out of 10000
On 980 out of 10000
On 981 out of 10000
On 982 out of 10000
On 983 out of 10000
Failed run, not saved
On 983 out of 10000
Failed run, not saved
On 983 out of 10000
Failed run, not saved
On 983 out of 10000
Failed run, not saved
On 983 out of 10000
Failed run, not saved
On 983 out of 10000
Failed run, not saved
On 983 out of 10000
Failed run, not saved
On 983 out of 10000
Failed run, not saved
On 983 out of 10000
Failed run, not saved
On 983 out of 10000
Failed run, not saved
On 983 out of 10000
Failed run, not saved
		FAILED TOO MANY TIMES, TRYING ANOTHER ENVIRONMENT
On 983 out of 10000
Failed run, not saved
		FAILED TOO MANY TIMES, TRYING ANOTHER ENVIRONMENT
On 983 out of 10000
On 984 out of 10000
On 985 out of 10000
On 986 out of 10000
Failed run, not saved
On 986 out of 10000
Failed run, not saved
On 986 out of 10000
On 987 out of 10000
On 988 out of 10000
On 989 out of 10000
On 990 out of 10000
Failed run, not saved
On 990 out of 10000
Failed run, not saved
On 990 out of 10000
Failed run, not saved
On 990 out of 10000
Failed run, not saved
On 990 out of 10000
Failed run, not saved
On 990 out of 10000
Failed run, not saved
On 990 out of 10000
On 991 out of 10000
Failed run, not saved
On 991 out of 10000
Failed run, not saved
On 991 out of 10000
On 992 out of 10000
Failed run, not saved
On 992 out of 10000
On 993 out of 10000
On 994 out of 10000
On 995 out of 10000
On 996 out of 10000
On 997 out of 10000
On 998 out of 10000
On 999 out of 10000
On 1000 out of 10000
On 1001 out of 10000
On 1002 out of 10000
Failed run, not saved
On 1002 out of 10000
Failed run, not saved
On 1002 out of 10000
On 1003 out of 10000
On 1004 out of 10000
Failed run, not saved
On 1004 out of 10000
Failed run, not saved
On 1004 out of 10000
On 1005 out of 10000
On 1006 out of 10000
On 1007 out of 10000
Failed run, not saved
On 1007 out of 10000
On 1008 out of 10000
On 1009 out of 10000
On 1010 out of 10000
On 1011 out of 10000
On 1012 out of 10000
Failed run, not saved
On 1012 out of 10000
Failed run, not saved
On 1012 out of 10000
Failed run, not saved
On 1012 out of 10000
Failed run, not saved
On 1012 out of 10000
Failed run, not saved
On 1012 out of 10000
On 1013 out of 10000
Failed run, not saved
On 1013 out of 10000
Failed run, not saved
On 1013 out of 10000
Failed run, not saved
On 1013 out of 10000
On 1014 out of 10000
On 1015 out of 10000
On 1016 out of 10000
On 1017 out of 10000
On 1018 out of 10000
On 1019 out of 10000
On 1020 out of 10000
On 1021 out of 10000
Failed run, not saved
On 1021 out of 10000
On 1022 out of 10000
Failed run, not saved
On 1022 out of 10000
Failed run, not saved
On 1022 out of 10000
Failed run, not saved
On 1022 out of 10000
Failed run, not saved
On 1022 out of 10000
Failed run, not saved
On 1022 out of 10000
Failed run, not saved
On 1022 out of 10000
Failed run, not saved
On 1022 out of 10000
Failed run, not saved
On 1022 out of 10000
Failed run, not saved
On 1022 out of 10000
Failed run, not saved
On 1022 out of 10000
Failed run, not saved
		FAILED TOO MANY TIMES, TRYING ANOTHER ENVIRONMENT
On 1022 out of 10000
Failed run, not saved
		FAILED TOO MANY TIMES, TRYING ANOTHER ENVIRONMENT
On 1022 out of 10000
Failed run, not saved
		FAILED TOO MANY TIMES, TRYING ANOTHER ENVIRONMENT
On 1022 out of 10000
On 1023 out of 10000
On 1024 out of 10000
On 1025 out of 10000
On 1026 out of 10000
Failed run, not saved
On 1026 out of 10000
Failed run, not saved
On 1026 out of 10000
On 1027 out of 10000
On 1028 out of 10000
On 1029 out of 10000
On 1030 out of 10000
On 1031 out of 10000
Failed run, not saved
On 1031 out of 10000
Failed run, not saved
On 1031 out of 10000
Failed run, not saved
On 1031 out of 10000
Failed run, not saved
On 1031 out of 10000
Failed run, not saved
On 1031 out of 10000
Failed run, not saved
On 1031 out of 10000
Failed run, not saved
On 1031 out of 10000
Failed run, not saved
On 1031 out of 10000
Failed run, not saved
On 1031 out of 10000
Failed run, not saved
On 1031 out of 10000
Failed run, not saved
		FAILED TOO MANY TIMES, TRYING ANOTHER ENVIRONMENT
On 1031 out of 10000
Failed run, not saved
		FAILED TOO MANY TIMES, TRYING ANOTHER ENVIRONMENT
On 1031 out of 10000
On 1032 out of 10000
On 1033 out of 10000
Failed run, not saved
On 1033 out of 10000
On 1034 out of 10000
Failed run, not saved
On 1034 out of 10000
On 1035 out of 10000
On 1036 out of 10000
On 1037 out of 10000
On 1038 out of 10000
On 1039 out of 10000
On 1040 out of 10000
On 1041 out of 10000
Failed run, not saved
On 1041 out of 10000
Failed run, not saved
On 1041 out of 10000
Failed run, not saved
On 1041 out of 10000
Failed run, not saved
On 1041 out of 10000
Failed run, not saved
On 1041 out of 10000
Failed run, not saved
On 1041 out of 10000
On 1042 out of 10000
On 1043 out of 10000
On 1044 out of 10000
Failed run, not saved
On 1044 out of 10000
Failed run, not saved
On 1044 out of 10000
Failed run, not saved
On 1044 out of 10000
Failed run, not saved
On 1044 out of 10000
On 1045 out of 10000
On 1046 out of 10000
On 1047 out of 10000
On 1048 out of 10000
Failed run, not saved
On 1048 out of 10000
Failed run, not saved
On 1048 out of 10000
Failed run, not saved
On 1048 out of 10000
Failed run, not saved
On 1048 out of 10000
Failed run, not saved
On 1048 out of 10000
Failed run, not saved
On 1048 out of 10000
Failed run, not saved
On 1048 out of 10000
Failed run, not saved
On 1048 out of 10000
Failed run, not saved
On 1048 out of 10000
Failed run, not saved
On 1048 out of 10000
Failed run, not saved
		FAILED TOO MANY TIMES, TRYING ANOTHER ENVIRONMENT
On 1048 out of 10000
Failed run, not saved
		FAILED TOO MANY TIMES, TRYING ANOTHER ENVIRONMENT
On 1048 out of 10000
On 1049 out of 10000
Failed run, not saved
On 1049 out of 10000
Failed run, not saved
On 1049 out of 10000
Failed run, not saved
On 1049 out of 10000
Failed run, not saved
On 1049 out of 10000
Failed run, not saved
On 1049 out of 10000
Failed run, not saved
On 1049 out of 10000
Failed run, not saved
On 1049 out of 10000
Failed run, not saved
On 1049 out of 10000
Failed run, not saved
On 1049 out of 10000
Failed run, not saved
On 1049 out of 10000
Failed run, not saved
		FAILED TOO MANY TIMES, TRYING ANOTHER ENVIRONMENT
On 1049 out of 10000
On 1050 out of 10000
On 1051 out of 10000
On 1052 out of 10000
On 1053 out of 10000
On 1054 out of 10000
On 1055 out of 10000
On 1056 out of 10000
On 1057 out of 10000
On 1058 out of 10000
On 1059 out of 10000
Failed run, not saved
On 1059 out of 10000
Failed run, not saved
On 1059 out of 10000
On 1060 out of 10000
Failed run, not saved
On 1060 out of 10000
Failed run, not saved
On 1060 out of 10000
Failed run, not saved
On 1060 out of 10000
Failed run, not saved
On 1060 out of 10000
Failed run, not saved
On 1060 out of 10000
Failed run, not saved
On 1060 out of 10000
Failed run, not saved
On 1060 out of 10000
Failed run, not saved
On 1060 out of 10000
On 1061 out of 10000
On 1062 out of 10000
On 1063 out of 10000
On 1064 out of 10000
On 1065 out of 10000
On 1066 out of 10000
On 1067 out of 10000
On 1068 out of 10000
On 1069 out of 10000
Failed run, not saved
On 1069 out of 10000
Failed run, not saved
On 1069 out of 10000
Failed run, not saved
On 1069 out of 10000
On 1070 out of 10000
On 1071 out of 10000
On 1072 out of 10000
On 1073 out of 10000
On 1074 out of 10000
On 1075 out of 10000
Failed run, not saved
On 1075 out of 10000
Failed run, not saved
On 1075 out of 10000
Failed run, not saved
On 1075 out of 10000
On 1076 out of 10000
Failed run, not saved
On 1076 out of 10000
Failed run, not saved
On 1076 out of 10000
Failed run, not saved
On 1076 out of 10000
Failed run, not saved
On 1076 out of 10000
Failed run, not saved
On 1076 out of 10000
Failed run, not saved
On 1076 out of 10000
Failed run, not saved
On 1076 out of 10000
Failed run, not saved
On 1076 out of 10000
Failed run, not saved
On 1076 out of 10000
Failed run, not saved
On 1076 out of 10000
Failed run, not saved
		FAILED TOO MANY TIMES, TRYING ANOTHER ENVIRONMENT
On 1076 out of 10000
On 1077 out of 10000
On 1078 out of 10000
Failed run, not saved
On 1078 out of 10000
Failed run, not saved
On 1078 out of 10000
Failed run, not saved
On 1078 out of 10000
On 1079 out of 10000
Failed run, not saved
On 1079 out of 10000
Failed run, not saved
On 1079 out of 10000
On 1080 out of 10000
Failed run, not saved
On 1080 out of 10000
Failed run, not saved
On 1080 out of 10000
Failed run, not saved
On 1080 out of 10000
On 1081 out of 10000
On 1082 out of 10000
On 1083 out of 10000
Failed run, not saved
On 1083 out of 10000
On 1084 out of 10000
On 1085 out of 10000
On 1086 out of 10000
On 1087 out of 10000
On 1088 out of 10000
Failed run, not saved
On 1088 out of 10000
On 1089 out of 10000
Failed run, not saved
On 1089 out of 10000
Failed run, not saved
On 1089 out of 10000
On 1090 out of 10000
On 1091 out of 10000
On 1092 out of 10000
Failed run, not saved
On 1092 out of 10000
Failed run, not saved
On 1092 out of 10000
Failed run, not saved
On 1092 out of 10000
Failed run, not saved
On 1092 out of 10000
Failed run, not saved
On 1092 out of 10000
Failed run, not saved
On 1092 out of 10000
Failed run, not saved
On 1092 out of 10000
Failed run, not saved
On 1092 out of 10000
On 1093 out of 10000
On 1094 out of 10000
Failed run, not saved
On 1094 out of 10000
Failed run, not saved
On 1094 out of 10000
Failed run, not saved
On 1094 out of 10000
Failed run, not saved
On 1094 out of 10000
Failed run, not saved
On 1094 out of 10000
Failed run, not saved
On 1094 out of 10000
Failed run, not saved
On 1094 out of 10000
Failed run, not saved
On 1094 out of 10000
Failed run, not saved
On 1094 out of 10000
Failed run, not saved
On 1094 out of 10000
Failed run, not saved
		FAILED TOO MANY TIMES, TRYING ANOTHER ENVIRONMENT
On 1094 out of 10000
Failed run, not saved
		FAILED TOO MANY TIMES, TRYING ANOTHER ENVIRONMENT
On 1094 out of 10000
Failed run, not saved
		FAILED TOO MANY TIMES, TRYING ANOTHER ENVIRONMENT
On 1094 out of 10000
On 1095 out of 10000
On 1096 out of 10000
On 1097 out of 10000
On 1098 out of 10000
On 1099 out of 10000
Failed run, not saved
On 1099 out of 10000
On 1100 out of 10000
Failed run, not saved
On 1100 out of 10000
On 1101 out of 10000
On 1102 out of 10000
Failed run, not saved
On 1102 out of 10000
On 1103 out of 10000
Failed run, not saved
On 1103 out of 10000
Failed run, not saved
On 1103 out of 10000
Failed run, not saved
On 1103 out of 10000
Failed run, not saved
On 1103 out of 10000
On 1104 out of 10000
On 1105 out of 10000
On 1106 out of 10000
Failed run, not saved
On 1106 out of 10000
Failed run, not saved
On 1106 out of 10000
Failed run, not saved
On 1106 out of 10000
Failed run, not saved
On 1106 out of 10000
Failed run, not saved
On 1106 out of 10000
Failed run, not saved
On 1106 out of 10000
Failed run, not saved
On 1106 out of 10000
Failed run, not saved
On 1106 out of 10000
Failed run, not saved
On 1106 out of 10000
Failed run, not saved
On 1106 out of 10000
Failed run, not saved
		FAILED TOO MANY TIMES, TRYING ANOTHER ENVIRONMENT
On 1106 out of 10000
Failed run, not saved
		FAILED TOO MANY TIMES, TRYING ANOTHER ENVIRONMENT
On 1106 out of 10000
On 1107 out of 10000
On 1108 out of 10000
Failed run, not saved
On 1108 out of 10000
Failed run, not saved
On 1108 out of 10000
Failed run, not saved
On 1108 out of 10000
Failed run, not saved
On 1108 out of 10000
Failed run, not saved
On 1108 out of 10000
Failed run, not saved
On 1108 out of 10000
Failed run, not saved
On 1108 out of 10000
Failed run, not saved
On 1108 out of 10000
Failed run, not saved
On 1108 out of 10000
Failed run, not saved
On 1108 out of 10000
On 1109 out of 10000
On 1110 out of 10000
Failed run, not saved
On 1110 out of 10000
On 1111 out of 10000
On 1112 out of 10000
On 1113 out of 10000
On 1114 out of 10000
On 1115 out of 10000
Failed run, not saved
On 1115 out of 10000
Failed run, not saved
On 1115 out of 10000
Failed run, not saved
On 1115 out of 10000
Failed run, not saved
On 1115 out of 10000
Failed run, not saved
On 1115 out of 10000
Failed run, not saved
On 1115 out of 10000
Failed run, not saved
On 1115 out of 10000
Failed run, not saved
On 1115 out of 10000
Failed run, not saved
On 1115 out of 10000
Failed run, not saved
On 1115 out of 10000
Failed run, not saved
		FAILED TOO MANY TIMES, TRYING ANOTHER ENVIRONMENT
On 1115 out of 10000
On 1116 out of 10000
Failed run, not saved
On 1116 out of 10000
On 1117 out of 10000
On 1118 out of 10000
On 1119 out of 10000
On 1120 out of 10000
On 1121 out of 10000
On 1122 out of 10000
On 1123 out of 10000
On 1124 out of 10000
On 1125 out of 10000
On 1126 out of 10000
Failed run, not saved
On 1126 out of 10000
On 1127 out of 10000
On 1128 out of 10000
On 1129 out of 10000
On 1130 out of 10000
Failed run, not saved
On 1130 out of 10000
Failed run, not saved
On 1130 out of 10000
Failed run, not saved
On 1130 out of 10000
Failed run, not saved
On 1130 out of 10000
Failed run, not saved
On 1130 out of 10000
Failed run, not saved
On 1130 out of 10000
Failed run, not saved
On 1130 out of 10000
Failed run, not saved
On 1130 out of 10000
Failed run, not saved
On 1130 out of 10000
Failed run, not saved
On 1130 out of 10000
Failed run, not saved
		FAILED TOO MANY TIMES, TRYING ANOTHER ENVIRONMENT
On 1130 out of 10000
On 1131 out of 10000
Failed run, not saved
On 1131 out of 10000
Failed run, not saved
On 1131 out of 10000
On 1132 out of 10000
On 1133 out of 10000
On 1134 out of 10000
Failed run, not saved
On 1134 out of 10000
On 1135 out of 10000
On 1136 out of 10000
On 1137 out of 10000
On 1138 out of 10000
Failed run, not saved
On 1138 out of 10000
On 1139 out of 10000
On 1140 out of 10000
On 1141 out of 10000
Failed run, not saved
On 1141 out of 10000
Failed run, not saved
On 1141 out of 10000
Failed run, not saved
On 1141 out of 10000
Failed run, not saved
On 1141 out of 10000
Failed run, not saved
On 1141 out of 10000
Failed run, not saved
On 1141 out of 10000
Failed run, not saved
On 1141 out of 10000
Failed run, not saved
On 1141 out of 10000
Failed run, not saved
On 1141 out of 10000
Failed run, not saved
On 1141 out of 10000
Failed run, not saved
		FAILED TOO MANY TIMES, TRYING ANOTHER ENVIRONMENT
On 1141 out of 10000
On 1142 out of 10000
On 1143 out of 10000
On 1144 out of 10000
On 1145 out of 10000
On 1146 out of 10000
On 1147 out of 10000
On 1148 out of 10000
On 1149 out of 10000
On 1150 out of 10000
Failed run, not saved
On 1150 out of 10000
On 1151 out of 10000
Failed run, not saved
On 1151 out of 10000
Failed run, not saved
On 1151 out of 10000
Failed run, not saved
On 1151 out of 10000
Failed run, not saved
On 1151 out of 10000
Failed run, not saved
On 1151 out of 10000
Failed run, not saved
On 1151 out of 10000
Failed run, not saved
On 1151 out of 10000
Failed run, not saved
On 1151 out of 10000
Failed run, not saved
On 1151 out of 10000
Failed run, not saved
On 1151 out of 10000
Failed run, not saved
		FAILED TOO MANY TIMES, TRYING ANOTHER ENVIRONMENT
On 1151 out of 10000
Failed run, not saved
		FAILED TOO MANY TIMES, TRYING ANOTHER ENVIRONMENT
On 1151 out of 10000
On 1152 out of 10000
On 1153 out of 10000
Failed run, not saved
On 1153 out of 10000
Failed run, not saved
On 1153 out of 10000
On 1154 out of 10000
On 1155 out of 10000
Failed run, not saved
On 1155 out of 10000
Failed run, not saved
On 1155 out of 10000
Failed run, not saved
On 1155 out of 10000
Failed run, not saved
On 1155 out of 10000
Failed run, not saved
On 1155 out of 10000
Failed run, not saved
On 1155 out of 10000
Failed run, not saved
On 1155 out of 10000
Failed run, not saved
On 1155 out of 10000
Failed run, not saved
On 1155 out of 10000
On 1156 out of 10000
On 1157 out of 10000
Failed run, not saved
On 1157 out of 10000
On 1158 out of 10000
On 1159 out of 10000
On 1160 out of 10000
On 1161 out of 10000
On 1162 out of 10000
Failed run, not saved
On 1162 out of 10000
On 1163 out of 10000
On 1164 out of 10000
On 1165 out of 10000
On 1166 out of 10000
On 1167 out of 10000
On 1168 out of 10000
On 1169 out of 10000
Failed run, not saved
On 1169 out of 10000
On 1170 out of 10000
Failed run, not saved
On 1170 out of 10000
On 1171 out of 10000
Failed run, not saved
On 1171 out of 10000
Failed run, not saved
On 1171 out of 10000
On 1172 out of 10000
On 1173 out of 10000
On 1174 out of 10000
On 1175 out of 10000
On 1176 out of 10000
Failed run, not saved
On 1176 out of 10000
Failed run, not saved
On 1176 out of 10000
Failed run, not saved
On 1176 out of 10000
Failed run, not saved
On 1176 out of 10000
Failed run, not saved
On 1176 out of 10000
On 1177 out of 10000
On 1178 out of 10000
On 1179 out of 10000
On 1180 out of 10000
Failed run, not saved
On 1180 out of 10000
Failed run, not saved
On 1180 out of 10000
Failed run, not saved
On 1180 out of 10000
Failed run, not saved
On 1180 out of 10000
Failed run, not saved
On 1180 out of 10000
Failed run, not saved
On 1180 out of 10000
On 1181 out of 10000
On 1182 out of 10000
On 1183 out of 10000
Failed run, not saved
On 1183 out of 10000
On 1184 out of 10000
On 1185 out of 10000
Failed run, not saved
On 1185 out of 10000
Failed run, not saved
On 1185 out of 10000
Failed run, not saved
On 1185 out of 10000
On 1186 out of 10000
On 1187 out of 10000
On 1188 out of 10000
On 1189 out of 10000
On 1190 out of 10000
On 1191 out of 10000
Failed run, not saved
On 1191 out of 10000
On 1192 out of 10000
On 1193 out of 10000
On 1194 out of 10000
On 1195 out of 10000
Failed run, not saved
On 1195 out of 10000
On 1196 out of 10000
On 1197 out of 10000
On 1198 out of 10000
On 1199 out of 10000
On 1200 out of 10000
On 1201 out of 10000
On 1202 out of 10000
On 1203 out of 10000
On 1204 out of 10000
On 1205 out of 10000
On 1206 out of 10000
On 1207 out of 10000
Failed run, not saved
On 1207 out of 10000
On 1208 out of 10000
Failed run, not saved
On 1208 out of 10000
On 1209 out of 10000
On 1210 out of 10000
On 1211 out of 10000
On 1212 out of 10000
On 1213 out of 10000
On 1214 out of 10000
Failed run, not saved
On 1214 out of 10000
On 1215 out of 10000
On 1216 out of 10000
On 1217 out of 10000
On 1218 out of 10000
Failed run, not saved
On 1218 out of 10000
Failed run, not saved
On 1218 out of 10000
Failed run, not saved
On 1218 out of 10000
Failed run, not saved
On 1218 out of 10000
Failed run, not saved
On 1218 out of 10000
Failed run, not saved
On 1218 out of 10000
Failed run, not saved
On 1218 out of 10000
Failed run, not saved
On 1218 out of 10000
Failed run, not saved
On 1218 out of 10000
Failed run, not saved
On 1218 out of 10000
Failed run, not saved
		FAILED TOO MANY TIMES, TRYING ANOTHER ENVIRONMENT
On 1218 out of 10000
On 1219 out of 10000
On 1220 out of 10000
On 1221 out of 10000
On 1222 out of 10000
On 1223 out of 10000
On 1224 out of 10000
Failed run, not saved
On 1224 out of 10000
Failed run, not saved
On 1224 out of 10000
Failed run, not saved
On 1224 out of 10000
Failed run, not saved
On 1224 out of 10000
Failed run, not saved
On 1224 out of 10000
Failed run, not saved
On 1224 out of 10000
Failed run, not saved
On 1224 out of 10000
Failed run, not saved
On 1224 out of 10000
Failed run, not saved
On 1224 out of 10000
Failed run, not saved
On 1224 out of 10000
Failed run, not saved
		FAILED TOO MANY TIMES, TRYING ANOTHER ENVIRONMENT
On 1224 out of 10000
On 1225 out of 10000
On 1226 out of 10000
On 1227 out of 10000
On 1228 out of 10000
On 1229 out of 10000
On 1230 out of 10000
On 1231 out of 10000
Failed run, not saved
On 1231 out of 10000
Failed run, not saved
On 1231 out of 10000
Failed run, not saved
On 1231 out of 10000
Failed run, not saved
On 1231 out of 10000
Failed run, not saved
On 1231 out of 10000
Failed run, not saved
On 1231 out of 10000
Failed run, not saved
On 1231 out of 10000
Failed run, not saved
On 1231 out of 10000
On 1232 out of 10000
On 1233 out of 10000
Failed run, not saved
On 1233 out of 10000
On 1234 out of 10000
Failed run, not saved
On 1234 out of 10000
On 1235 out of 10000
On 1236 out of 10000
On 1237 out of 10000
On 1238 out of 10000
On 1239 out of 10000
On 1240 out of 10000
Failed run, not saved
On 1240 out of 10000
Failed run, not saved
On 1240 out of 10000
Failed run, not saved
On 1240 out of 10000
On 1241 out of 10000
On 1242 out of 10000
Failed run, not saved
On 1242 out of 10000
Failed run, not saved
On 1242 out of 10000
Failed run, not saved
On 1242 out of 10000
Failed run, not saved
On 1242 out of 10000
Failed run, not saved
On 1242 out of 10000
Failed run, not saved
On 1242 out of 10000
Failed run, not saved
On 1242 out of 10000
Failed run, not saved
On 1242 out of 10000
Failed run, not saved
On 1242 out of 10000
Failed run, not saved
On 1242 out of 10000
Failed run, not saved
		FAILED TOO MANY TIMES, TRYING ANOTHER ENVIRONMENT
On 1242 out of 10000
On 1243 out of 10000
On 1244 out of 10000
On 1245 out of 10000
On 1246 out of 10000
On 1247 out of 10000
Failed run, not saved
On 1247 out of 10000
On 1248 out of 10000
Failed run, not saved
On 1248 out of 10000
Failed run, not saved
On 1248 out of 10000
Failed run, not saved
On 1248 out of 10000
Failed run, not saved
On 1248 out of 10000
Failed run, not saved
On 1248 out of 10000
On 1249 out of 10000
On 1250 out of 10000
On 1251 out of 10000
On 1252 out of 10000
On 1253 out of 10000
On 1254 out of 10000
Failed run, not saved
On 1254 out of 10000
Failed run, not saved
On 1254 out of 10000
Failed run, not saved
On 1254 out of 10000
Failed run, not saved
On 1254 out of 10000
On 1255 out of 10000
On 1256 out of 10000
On 1257 out of 10000
On 1258 out of 10000
On 1259 out of 10000
Failed run, not saved
On 1259 out of 10000
On 1260 out of 10000
On 1261 out of 10000
On 1262 out of 10000
On 1263 out of 10000
Failed run, not saved
On 1263 out of 10000
On 1264 out of 10000
On 1265 out of 10000
Failed run, not saved
On 1265 out of 10000
Failed run, not saved
On 1265 out of 10000
Failed run, not saved
On 1265 out of 10000
Failed run, not saved
On 1265 out of 10000
Failed run, not saved
On 1265 out of 10000
Failed run, not saved
On 1265 out of 10000
Failed run, not saved
On 1265 out of 10000
Failed run, not saved
On 1265 out of 10000
Failed run, not saved
On 1265 out of 10000
Failed run, not saved
On 1265 out of 10000
Failed run, not saved
		FAILED TOO MANY TIMES, TRYING ANOTHER ENVIRONMENT
On 1265 out of 10000
Failed run, not saved
		FAILED TOO MANY TIMES, TRYING ANOTHER ENVIRONMENT
On 1265 out of 10000
Failed run, not saved
		FAILED TOO MANY TIMES, TRYING ANOTHER ENVIRONMENT
On 1265 out of 10000
Failed run, not saved
		FAILED TOO MANY TIMES, TRYING ANOTHER ENVIRONMENT
On 1265 out of 10000
Failed run, not saved
		FAILED TOO MANY TIMES, TRYING ANOTHER ENVIRONMENT
On 1265 out of 10000
On 1266 out of 10000
Failed run, not saved
On 1266 out of 10000
Failed run, not saved
On 1266 out of 10000
Failed run, not saved
On 1266 out of 10000
On 1267 out of 10000
Failed run, not saved
On 1267 out of 10000
Failed run, not saved
On 1267 out of 10000
Failed run, not saved
On 1267 out of 10000
Failed run, not saved
On 1267 out of 10000
Failed run, not saved
On 1267 out of 10000
Failed run, not saved
On 1267 out of 10000
On 1268 out of 10000
Failed run, not saved
On 1268 out of 10000
On 1269 out of 10000
On 1270 out of 10000
Failed run, not saved
On 1270 out of 10000
On 1271 out of 10000
On 1272 out of 10000
On 1273 out of 10000
On 1274 out of 10000
On 1275 out of 10000
Failed run, not saved
On 1275 out of 10000
Failed run, not saved
On 1275 out of 10000
Failed run, not saved
On 1275 out of 10000
Failed run, not saved
On 1275 out of 10000
Failed run, not saved
On 1275 out of 10000
On 1276 out of 10000
Failed run, not saved
On 1276 out of 10000
Failed run, not saved
On 1276 out of 10000
Failed run, not saved
On 1276 out of 10000
On 1277 out of 10000
Failed run, not saved
On 1277 out of 10000
On 1278 out of 10000
On 1279 out of 10000
Failed run, not saved
On 1279 out of 10000
Failed run, not saved
On 1279 out of 10000
Failed run, not saved
On 1279 out of 10000
Failed run, not saved
On 1279 out of 10000
Failed run, not saved
On 1279 out of 10000
Failed run, not saved
On 1279 out of 10000
Failed run, not saved
On 1279 out of 10000
Failed run, not saved
On 1279 out of 10000
Failed run, not saved
On 1279 out of 10000
Failed run, not saved
On 1279 out of 10000
Failed run, not saved
		FAILED TOO MANY TIMES, TRYING ANOTHER ENVIRONMENT
On 1279 out of 10000
On 1280 out of 10000
Failed run, not saved
On 1280 out of 10000
Failed run, not saved
On 1280 out of 10000
Failed run, not saved
On 1280 out of 10000
Failed run, not saved
On 1280 out of 10000
Failed run, not saved
On 1280 out of 10000
Failed run, not saved
On 1280 out of 10000
Failed run, not saved
On 1280 out of 10000
Failed run, not saved
On 1280 out of 10000
Failed run, not saved
On 1280 out of 10000
Failed run, not saved
On 1280 out of 10000
Failed run, not saved
		FAILED TOO MANY TIMES, TRYING ANOTHER ENVIRONMENT
On 1280 out of 10000
On 1281 out of 10000
Failed run, not saved
On 1281 out of 10000
On 1282 out of 10000
On 1283 out of 10000
On 1284 out of 10000
On 1285 out of 10000
On 1286 out of 10000
Failed run, not saved
On 1286 out of 10000
On 1287 out of 10000
On 1288 out of 10000
Failed run, not saved
On 1288 out of 10000
On 1289 out of 10000
On 1290 out of 10000
On 1291 out of 10000
On 1292 out of 10000
On 1293 out of 10000
Failed run, not saved
On 1293 out of 10000
Failed run, not saved
On 1293 out of 10000
Failed run, not saved
On 1293 out of 10000
Failed run, not saved
On 1293 out of 10000
Failed run, not saved
On 1293 out of 10000
Failed run, not saved
On 1293 out of 10000
Failed run, not saved
On 1293 out of 10000
Failed run, not saved
On 1293 out of 10000
Failed run, not saved
On 1293 out of 10000
Failed run, not saved
On 1293 out of 10000
Failed run, not saved
		FAILED TOO MANY TIMES, TRYING ANOTHER ENVIRONMENT
On 1293 out of 10000
Failed run, not saved
		FAILED TOO MANY TIMES, TRYING ANOTHER ENVIRONMENT
On 1293 out of 10000
Failed run, not saved
		FAILED TOO MANY TIMES, TRYING ANOTHER ENVIRONMENT
On 1293 out of 10000
On 1294 out of 10000
On 1295 out of 10000
On 1296 out of 10000
On 1297 out of 10000
Failed run, not saved
On 1297 out of 10000
On 1298 out of 10000
On 1299 out of 10000
On 1300 out of 10000
Failed run, not saved
On 1300 out of 10000
On 1301 out of 10000
On 1302 out of 10000
On 1303 out of 10000
On 1304 out of 10000
On 1305 out of 10000
Failed run, not saved
On 1305 out of 10000
On 1306 out of 10000
On 1307 out of 10000
On 1308 out of 10000
Failed run, not saved
On 1308 out of 10000
On 1309 out of 10000
On 1310 out of 10000
On 1311 out of 10000
Failed run, not saved
On 1311 out of 10000
Failed run, not saved
On 1311 out of 10000
On 1312 out of 10000
On 1313 out of 10000
On 1314 out of 10000
On 1315 out of 10000
On 1316 out of 10000
On 1317 out of 10000
On 1318 out of 10000
On 1319 out of 10000
On 1320 out of 10000
On 1321 out of 10000
On 1322 out of 10000
On 1323 out of 10000
Failed run, not saved
On 1323 out of 10000
Failed run, not saved
On 1323 out of 10000
Failed run, not saved
On 1323 out of 10000
Failed run, not saved
On 1323 out of 10000
Failed run, not saved
On 1323 out of 10000
On 1324 out of 10000
On 1325 out of 10000
Failed run, not saved
On 1325 out of 10000
Failed run, not saved
On 1325 out of 10000
Failed run, not saved
On 1325 out of 10000
On 1326 out of 10000
Failed run, not saved
On 1326 out of 10000
Failed run, not saved
On 1326 out of 10000
Failed run, not saved
On 1326 out of 10000
Failed run, not saved
On 1326 out of 10000
Failed run, not saved
On 1326 out of 10000
Failed run, not saved
On 1326 out of 10000
On 1327 out of 10000
On 1328 out of 10000
On 1329 out of 10000
On 1330 out of 10000
On 1331 out of 10000
On 1332 out of 10000
On 1333 out of 10000
On 1334 out of 10000
On 1335 out of 10000
On 1336 out of 10000
On 1337 out of 10000
Failed run, not saved
On 1337 out of 10000
Failed run, not saved
On 1337 out of 10000
Failed run, not saved
On 1337 out of 10000
Failed run, not saved
On 1337 out of 10000
Failed run, not saved
On 1337 out of 10000
Failed run, not saved
On 1337 out of 10000
Failed run, not saved
On 1337 out of 10000
Failed run, not saved
On 1337 out of 10000
Failed run, not saved
On 1337 out of 10000
On 1338 out of 10000
On 1339 out of 10000
On 1340 out of 10000
Failed run, not saved
On 1340 out of 10000
Failed run, not saved
On 1340 out of 10000
Failed run, not saved
On 1340 out of 10000
Failed run, not saved
On 1340 out of 10000
Failed run, not saved
On 1340 out of 10000
Failed run, not saved
On 1340 out of 10000
Failed run, not saved
On 1340 out of 10000
Failed run, not saved
On 1340 out of 10000
Failed run, not saved
On 1340 out of 10000
Failed run, not saved
On 1340 out of 10000
Failed run, not saved
		FAILED TOO MANY TIMES, TRYING ANOTHER ENVIRONMENT
On 1340 out of 10000
On 1341 out of 10000
On 1342 out of 10000
On 1343 out of 10000
On 1344 out of 10000
Failed run, not saved
On 1344 out of 10000
On 1345 out of 10000
Failed run, not saved
On 1345 out of 10000
Failed run, not saved
On 1345 out of 10000
Failed run, not saved
On 1345 out of 10000
Failed run, not saved
On 1345 out of 10000
Failed run, not saved
On 1345 out of 10000
Failed run, not saved
On 1345 out of 10000
Failed run, not saved
On 1345 out of 10000
On 1346 out of 10000
On 1347 out of 10000
On 1348 out of 10000
On 1349 out of 10000
On 1350 out of 10000
Failed run, not saved
On 1350 out of 10000
On 1351 out of 10000
On 1352 out of 10000
On 1353 out of 10000
Failed run, not saved
On 1353 out of 10000
Failed run, not saved
On 1353 out of 10000
Failed run, not saved
On 1353 out of 10000
Failed run, not saved
On 1353 out of 10000
Failed run, not saved
On 1353 out of 10000
Failed run, not saved
On 1353 out of 10000
Failed run, not saved
On 1353 out of 10000
Failed run, not saved
On 1353 out of 10000
Failed run, not saved
On 1353 out of 10000
Failed run, not saved
On 1353 out of 10000
Failed run, not saved
		FAILED TOO MANY TIMES, TRYING ANOTHER ENVIRONMENT
On 1353 out of 10000
On 1354 out of 10000
On 1355 out of 10000
On 1356 out of 10000
On 1357 out of 10000
On 1358 out of 10000
On 1359 out of 10000
On 1360 out of 10000
Failed run, not saved
On 1360 out of 10000
Failed run, not saved
On 1360 out of 10000
On 1361 out of 10000
Failed run, not saved
On 1361 out of 10000
On 1362 out of 10000
Failed run, not saved
On 1362 out of 10000
On 1363 out of 10000
On 1364 out of 10000
On 1365 out of 10000
On 1366 out of 10000
On 1367 out of 10000
Failed run, not saved
On 1367 out of 10000
On 1368 out of 10000
On 1369 out of 10000
On 1370 out of 10000
On 1371 out of 10000
On 1372 out of 10000
On 1373 out of 10000
On 1374 out of 10000
On 1375 out of 10000
Failed run, not saved
On 1375 out of 10000
Failed run, not saved
On 1375 out of 10000
Failed run, not saved
On 1375 out of 10000
On 1376 out of 10000
On 1377 out of 10000
Failed run, not saved
On 1377 out of 10000
Failed run, not saved
On 1377 out of 10000
Failed run, not saved
On 1377 out of 10000
On 1378 out of 10000
On 1379 out of 10000
On 1380 out of 10000
On 1381 out of 10000
Failed run, not saved
On 1381 out of 10000
Failed run, not saved
On 1381 out of 10000
Failed run, not saved
On 1381 out of 10000
Failed run, not saved
On 1381 out of 10000
Failed run, not saved
On 1381 out of 10000
Failed run, not saved
On 1381 out of 10000
Failed run, not saved
On 1381 out of 10000
Failed run, not saved
On 1381 out of 10000
Failed run, not saved
On 1381 out of 10000
Failed run, not saved
On 1381 out of 10000
Failed run, not saved
		FAILED TOO MANY TIMES, TRYING ANOTHER ENVIRONMENT
On 1381 out of 10000
Failed run, not saved
		FAILED TOO MANY TIMES, TRYING ANOTHER ENVIRONMENT
On 1381 out of 10000
On 1382 out of 10000
Failed run, not saved
On 1382 out of 10000
Failed run, not saved
On 1382 out of 10000
Failed run, not saved
On 1382 out of 10000
Failed run, not saved
On 1382 out of 10000
On 1383 out of 10000
On 1384 out of 10000
Failed run, not saved
On 1384 out of 10000
Failed run, not saved
On 1384 out of 10000
Failed run, not saved
On 1384 out of 10000
Failed run, not saved
On 1384 out of 10000
Failed run, not saved
On 1384 out of 10000
Failed run, not saved
On 1384 out of 10000
Failed run, not saved
On 1384 out of 10000
Failed run, not saved
On 1384 out of 10000
Failed run, not saved
On 1384 out of 10000
On 1385 out of 10000
On 1386 out of 10000
On 1387 out of 10000
On 1388 out of 10000
On 1389 out of 10000
On 1390 out of 10000
On 1391 out of 10000
On 1392 out of 10000
On 1393 out of 10000
On 1394 out of 10000
On 1395 out of 10000
On 1396 out of 10000
On 1397 out of 10000
On 1398 out of 10000
On 1399 out of 10000
Failed run, not saved
On 1399 out of 10000
On 1400 out of 10000
On 1401 out of 10000
On 1402 out of 10000
On 1403 out of 10000
On 1404 out of 10000
On 1405 out of 10000
On 1406 out of 10000
On 1407 out of 10000
On 1408 out of 10000
On 1409 out of 10000
On 1410 out of 10000
On 1411 out of 10000
On 1412 out of 10000
On 1413 out of 10000
On 1414 out of 10000
Failed run, not saved
On 1414 out of 10000
Failed run, not saved
On 1414 out of 10000
Failed run, not saved
On 1414 out of 10000
Failed run, not saved
On 1414 out of 10000
On 1415 out of 10000
Failed run, not saved
On 1415 out of 10000
On 1416 out of 10000
Failed run, not saved
On 1416 out of 10000
Failed run, not saved
On 1416 out of 10000
Failed run, not saved
On 1416 out of 10000
Failed run, not saved
On 1416 out of 10000
Failed run, not saved
On 1416 out of 10000
Failed run, not saved
On 1416 out of 10000
Failed run, not saved
On 1416 out of 10000
Failed run, not saved
On 1416 out of 10000
Failed run, not saved
On 1416 out of 10000
Failed run, not saved
On 1416 out of 10000
Failed run, not saved
		FAILED TOO MANY TIMES, TRYING ANOTHER ENVIRONMENT
On 1416 out of 10000
On 1417 out of 10000
Failed run, not saved
On 1417 out of 10000
On 1418 out of 10000
On 1419 out of 10000
Failed run, not saved
On 1419 out of 10000
Failed run, not saved
On 1419 out of 10000
On 1420 out of 10000
Failed run, not saved
On 1420 out of 10000
Failed run, not saved
On 1420 out of 10000
Failed run, not saved
On 1420 out of 10000
Failed run, not saved
On 1420 out of 10000
Failed run, not saved
On 1420 out of 10000
Failed run, not saved
On 1420 out of 10000
Failed run, not saved
On 1420 out of 10000
Failed run, not saved
On 1420 out of 10000
Failed run, not saved
On 1420 out of 10000
Failed run, not saved
On 1420 out of 10000
Failed run, not saved
		FAILED TOO MANY TIMES, TRYING ANOTHER ENVIRONMENT
On 1420 out of 10000
On 1421 out of 10000
On 1422 out of 10000
On 1423 out of 10000
On 1424 out of 10000
On 1425 out of 10000
Failed run, not saved
On 1425 out of 10000
On 1426 out of 10000
Failed run, not saved
On 1426 out of 10000
On 1427 out of 10000
On 1428 out of 10000
On 1429 out of 10000
Failed run, not saved
On 1429 out of 10000
On 1430 out of 10000
On 1431 out of 10000
Failed run, not saved
On 1431 out of 10000
On 1432 out of 10000
On 1433 out of 10000
On 1434 out of 10000
On 1435 out of 10000
On 1436 out of 10000
Failed run, not saved
On 1436 out of 10000
Failed run, not saved
On 1436 out of 10000
Failed run, not saved
On 1436 out of 10000
On 1437 out of 10000
On 1438 out of 10000
On 1439 out of 10000
Failed run, not saved
On 1439 out of 10000
On 1440 out of 10000
On 1441 out of 10000
On 1442 out of 10000
On 1443 out of 10000
Failed run, not saved
On 1443 out of 10000
On 1444 out of 10000
On 1445 out of 10000
On 1446 out of 10000
On 1447 out of 10000
On 1448 out of 10000
On 1449 out of 10000
On 1450 out of 10000
Failed run, not saved
On 1450 out of 10000
On 1451 out of 10000
Failed run, not saved
On 1451 out of 10000
On 1452 out of 10000
Failed run, not saved
On 1452 out of 10000
On 1453 out of 10000
On 1454 out of 10000
On 1455 out of 10000
Failed run, not saved
On 1455 out of 10000
On 1456 out of 10000
Failed run, not saved
On 1456 out of 10000
Failed run, not saved
On 1456 out of 10000
Failed run, not saved
On 1456 out of 10000
Failed run, not saved
On 1456 out of 10000
Failed run, not saved
On 1456 out of 10000
Failed run, not saved
On 1456 out of 10000
Failed run, not saved
On 1456 out of 10000
Failed run, not saved
On 1456 out of 10000
Failed run, not saved
On 1456 out of 10000
Failed run, not saved
On 1456 out of 10000
Failed run, not saved
		FAILED TOO MANY TIMES, TRYING ANOTHER ENVIRONMENT
On 1456 out of 10000
On 1457 out of 10000
On 1458 out of 10000
Failed run, not saved
On 1458 out of 10000
On 1459 out of 10000
Failed run, not saved
On 1459 out of 10000
On 1460 out of 10000
Failed run, not saved
On 1460 out of 10000
Failed run, not saved
On 1460 out of 10000
Failed run, not saved
On 1460 out of 10000
Failed run, not saved
On 1460 out of 10000
Failed run, not saved
On 1460 out of 10000
Failed run, not saved
On 1460 out of 10000
Failed run, not saved
On 1460 out of 10000
Failed run, not saved
On 1460 out of 10000
Failed run, not saved
On 1460 out of 10000
Failed run, not saved
On 1460 out of 10000
Failed run, not saved
		FAILED TOO MANY TIMES, TRYING ANOTHER ENVIRONMENT
On 1460 out of 10000
Failed run, not saved
		FAILED TOO MANY TIMES, TRYING ANOTHER ENVIRONMENT
On 1460 out of 10000
On 1461 out of 10000
On 1462 out of 10000
On 1463 out of 10000
On 1464 out of 10000
Failed run, not saved
On 1464 out of 10000
Failed run, not saved
On 1464 out of 10000
On 1465 out of 10000
On 1466 out of 10000
On 1467 out of 10000
Failed run, not saved
On 1467 out of 10000
Failed run, not saved
On 1467 out of 10000
Failed run, not saved
On 1467 out of 10000
Failed run, not saved
On 1467 out of 10000
Failed run, not saved
On 1467 out of 10000
Failed run, not saved
On 1467 out of 10000
Failed run, not saved
On 1467 out of 10000
Failed run, not saved
On 1467 out of 10000
Failed run, not saved
On 1467 out of 10000
Failed run, not saved
On 1467 out of 10000
Failed run, not saved
		FAILED TOO MANY TIMES, TRYING ANOTHER ENVIRONMENT
On 1467 out of 10000
On 1468 out of 10000
On 1469 out of 10000
On 1470 out of 10000
On 1471 out of 10000
Failed run, not saved
On 1471 out of 10000
Failed run, not saved
On 1471 out of 10000
Failed run, not saved
On 1471 out of 10000
Failed run, not saved
On 1471 out of 10000
Failed run, not saved
On 1471 out of 10000
Failed run, not saved
On 1471 out of 10000
Failed run, not saved
On 1471 out of 10000
Failed run, not saved
On 1471 out of 10000
Failed run, not saved
On 1471 out of 10000
Failed run, not saved
On 1471 out of 10000
Failed run, not saved
		FAILED TOO MANY TIMES, TRYING ANOTHER ENVIRONMENT
On 1471 out of 10000
On 1472 out of 10000
On 1473 out of 10000
Failed run, not saved
On 1473 out of 10000
Failed run, not saved
On 1473 out of 10000
On 1474 out of 10000
Failed run, not saved
On 1474 out of 10000
Failed run, not saved
On 1474 out of 10000
Failed run, not saved
On 1474 out of 10000
Failed run, not saved
On 1474 out of 10000
Failed run, not saved
On 1474 out of 10000
Failed run, not saved
On 1474 out of 10000
Failed run, not saved
On 1474 out of 10000
Failed run, not saved
On 1474 out of 10000
Failed run, not saved
On 1474 out of 10000
Failed run, not saved
On 1474 out of 10000
Failed run, not saved
		FAILED TOO MANY TIMES, TRYING ANOTHER ENVIRONMENT
On 1474 out of 10000
On 1475 out of 10000
On 1476 out of 10000
On 1477 out of 10000
On 1478 out of 10000
On 1479 out of 10000
On 1480 out of 10000
On 1481 out of 10000
On 1482 out of 10000
On 1483 out of 10000
On 1484 out of 10000
On 1485 out of 10000
On 1486 out of 10000
Failed run, not saved
On 1486 out of 10000
On 1487 out of 10000
Failed run, not saved
On 1487 out of 10000
Failed run, not saved
On 1487 out of 10000
On 1488 out of 10000
On 1489 out of 10000
On 1490 out of 10000
Failed run, not saved
On 1490 out of 10000
Failed run, not saved
On 1490 out of 10000
On 1491 out of 10000
On 1492 out of 10000
On 1493 out of 10000
On 1494 out of 10000
Failed run, not saved
On 1494 out of 10000
Failed run, not saved
On 1494 out of 10000
Failed run, not saved
On 1494 out of 10000
Failed run, not saved
On 1494 out of 10000
Failed run, not saved
On 1494 out of 10000
Failed run, not saved
On 1494 out of 10000
Failed run, not saved
On 1494 out of 10000
Failed run, not saved
On 1494 out of 10000
On 1495 out of 10000
On 1496 out of 10000
On 1497 out of 10000
On 1498 out of 10000
On 1499 out of 10000
On 1500 out of 10000
Failed run, not saved
On 1500 out of 10000
Failed run, not saved
On 1500 out of 10000
Failed run, not saved
On 1500 out of 10000
Failed run, not saved
On 1500 out of 10000
Failed run, not saved
On 1500 out of 10000
Failed run, not saved
On 1500 out of 10000
Failed run, not saved
On 1500 out of 10000
Failed run, not saved
On 1500 out of 10000
Failed run, not saved
On 1500 out of 10000
Failed run, not saved
On 1500 out of 10000
Failed run, not saved
		FAILED TOO MANY TIMES, TRYING ANOTHER ENVIRONMENT
On 1500 out of 10000
On 1501 out of 10000
Failed run, not saved
On 1501 out of 10000
Failed run, not saved
On 1501 out of 10000
Failed run, not saved
On 1501 out of 10000
Failed run, not saved
On 1501 out of 10000
Failed run, not saved
On 1501 out of 10000
Failed run, not saved
On 1501 out of 10000
Failed run, not saved
On 1501 out of 10000
Failed run, not saved
On 1501 out of 10000
Failed run, not saved
On 1501 out of 10000
Failed run, not saved
On 1501 out of 10000
Failed run, not saved
		FAILED TOO MANY TIMES, TRYING ANOTHER ENVIRONMENT
On 1501 out of 10000
Failed run, not saved
		FAILED TOO MANY TIMES, TRYING ANOTHER ENVIRONMENT
On 1501 out of 10000
On 1502 out of 10000
On 1503 out of 10000
Failed run, not saved
On 1503 out of 10000
Failed run, not saved
On 1503 out of 10000
Failed run, not saved
On 1503 out of 10000
Failed run, not saved
On 1503 out of 10000
Failed run, not saved
On 1503 out of 10000
Failed run, not saved
On 1503 out of 10000
Failed run, not saved
On 1503 out of 10000
Failed run, not saved
On 1503 out of 10000
On 1504 out of 10000
On 1505 out of 10000
On 1506 out of 10000
Failed run, not saved
On 1506 out of 10000
Failed run, not saved
On 1506 out of 10000
Failed run, not saved
On 1506 out of 10000
Failed run, not saved
On 1506 out of 10000
Failed run, not saved
On 1506 out of 10000
Failed run, not saved
On 1506 out of 10000
Failed run, not saved
On 1506 out of 10000
Failed run, not saved
On 1506 out of 10000
Failed run, not saved
On 1506 out of 10000
Failed run, not saved
On 1506 out of 10000
Failed run, not saved
		FAILED TOO MANY TIMES, TRYING ANOTHER ENVIRONMENT
On 1506 out of 10000
Failed run, not saved
		FAILED TOO MANY TIMES, TRYING ANOTHER ENVIRONMENT
On 1506 out of 10000
On 1507 out of 10000
Failed run, not saved
On 1507 out of 10000
Failed run, not saved
On 1507 out of 10000
Failed run, not saved
On 1507 out of 10000
Failed run, not saved
On 1507 out of 10000
Failed run, not saved
On 1507 out of 10000
Failed run, not saved
On 1507 out of 10000
Failed run, not saved
On 1507 out of 10000
Failed run, not saved
On 1507 out of 10000
Failed run, not saved
On 1507 out of 10000
Failed run, not saved
On 1507 out of 10000
Failed run, not saved
		FAILED TOO MANY TIMES, TRYING ANOTHER ENVIRONMENT
On 1507 out of 10000
On 1508 out of 10000
On 1509 out of 10000
On 1510 out of 10000
Failed run, not saved
On 1510 out of 10000
Failed run, not saved
On 1510 out of 10000
On 1511 out of 10000
On 1512 out of 10000
On 1513 out of 10000
Failed run, not saved
On 1513 out of 10000
Failed run, not saved
On 1513 out of 10000
Failed run, not saved
On 1513 out of 10000
Failed run, not saved
On 1513 out of 10000
On 1514 out of 10000
Failed run, not saved
On 1514 out of 10000
Failed run, not saved
On 1514 out of 10000
Failed run, not saved
On 1514 out of 10000
Failed run, not saved
On 1514 out of 10000
Failed run, not saved
On 1514 out of 10000
Failed run, not saved
On 1514 out of 10000
Failed run, not saved
On 1514 out of 10000
Failed run, not saved
On 1514 out of 10000
Failed run, not saved
On 1514 out of 10000
Failed run, not saved
On 1514 out of 10000
Failed run, not saved
		FAILED TOO MANY TIMES, TRYING ANOTHER ENVIRONMENT
On 1514 out of 10000
Failed run, not saved
		FAILED TOO MANY TIMES, TRYING ANOTHER ENVIRONMENT
On 1514 out of 10000
On 1515 out of 10000
On 1516 out of 10000
Failed run, not saved
On 1516 out of 10000
On 1517 out of 10000
Failed run, not saved
On 1517 out of 10000
Failed run, not saved
On 1517 out of 10000
On 1518 out of 10000
On 1519 out of 10000
On 1520 out of 10000
Failed run, not saved
On 1520 out of 10000
Failed run, not saved
On 1520 out of 10000
Failed run, not saved
On 1520 out of 10000
Failed run, not saved
On 1520 out of 10000
Failed run, not saved
On 1520 out of 10000
Failed run, not saved
On 1520 out of 10000
Failed run, not saved
On 1520 out of 10000
Failed run, not saved
On 1520 out of 10000
On 1521 out of 10000
On 1522 out of 10000
On 1523 out of 10000
On 1524 out of 10000
On 1525 out of 10000
Failed run, not saved
On 1525 out of 10000
Failed run, not saved
On 1525 out of 10000
Failed run, not saved
On 1525 out of 10000
Failed run, not saved
On 1525 out of 10000
Failed run, not saved
On 1525 out of 10000
Failed run, not saved
On 1525 out of 10000
Failed run, not saved
On 1525 out of 10000
Failed run, not saved
On 1525 out of 10000
Failed run, not saved
On 1525 out of 10000
Failed run, not saved
On 1525 out of 10000
Failed run, not saved
		FAILED TOO MANY TIMES, TRYING ANOTHER ENVIRONMENT
On 1525 out of 10000
On 1526 out of 10000
On 1527 out of 10000
On 1528 out of 10000
On 1529 out of 10000
Failed run, not saved
On 1529 out of 10000
Failed run, not saved
On 1529 out of 10000
Failed run, not saved
On 1529 out of 10000
Failed run, not saved
On 1529 out of 10000
Failed run, not saved
On 1529 out of 10000
Failed run, not saved
On 1529 out of 10000
Failed run, not saved
On 1529 out of 10000
Failed run, not saved
On 1529 out of 10000
Failed run, not saved
On 1529 out of 10000
Failed run, not saved
On 1529 out of 10000
Failed run, not saved
		FAILED TOO MANY TIMES, TRYING ANOTHER ENVIRONMENT
On 1529 out of 10000
On 1530 out of 10000
On 1531 out of 10000
On 1532 out of 10000
Failed run, not saved
On 1532 out of 10000
On 1533 out of 10000
On 1534 out of 10000
On 1535 out of 10000
On 1536 out of 10000
On 1537 out of 10000
On 1538 out of 10000
Failed run, not saved
On 1538 out of 10000
Failed run, not saved
On 1538 out of 10000
Failed run, not saved
On 1538 out of 10000
Failed run, not saved
On 1538 out of 10000
Failed run, not saved
On 1538 out of 10000
Failed run, not saved
On 1538 out of 10000
Failed run, not saved
On 1538 out of 10000
Failed run, not saved
On 1538 out of 10000
Failed run, not saved
On 1538 out of 10000
Failed run, not saved
On 1538 out of 10000
Failed run, not saved
		FAILED TOO MANY TIMES, TRYING ANOTHER ENVIRONMENT
On 1538 out of 10000
On 1539 out of 10000
Failed run, not saved
On 1539 out of 10000
Failed run, not saved
On 1539 out of 10000
On 1540 out of 10000
On 1541 out of 10000
On 1542 out of 10000
On 1543 out of 10000
On 1544 out of 10000
Failed run, not saved
On 1544 out of 10000
Failed run, not saved
On 1544 out of 10000
On 1545 out of 10000
Failed run, not saved
On 1545 out of 10000
Failed run, not saved
On 1545 out of 10000
Failed run, not saved
On 1545 out of 10000
Failed run, not saved
On 1545 out of 10000
Failed run, not saved
On 1545 out of 10000
Failed run, not saved
On 1545 out of 10000
Failed run, not saved
On 1545 out of 10000
Failed run, not saved
On 1545 out of 10000
Failed run, not saved
On 1545 out of 10000
Failed run, not saved
On 1545 out of 10000
Failed run, not saved
		FAILED TOO MANY TIMES, TRYING ANOTHER ENVIRONMENT
On 1545 out of 10000
On 1546 out of 10000
On 1547 out of 10000
On 1548 out of 10000
On 1549 out of 10000
On 1550 out of 10000
On 1551 out of 10000
On 1552 out of 10000
On 1553 out of 10000
On 1554 out of 10000
Failed run, not saved
On 1554 out of 10000
On 1555 out of 10000
On 1556 out of 10000
On 1557 out of 10000
On 1558 out of 10000
On 1559 out of 10000
On 1560 out of 10000
On 1561 out of 10000
Failed run, not saved
On 1561 out of 10000
Failed run, not saved
On 1561 out of 10000
Failed run, not saved
On 1561 out of 10000
Failed run, not saved
On 1561 out of 10000
Failed run, not saved
On 1561 out of 10000
Failed run, not saved
On 1561 out of 10000
Failed run, not saved
On 1561 out of 10000
Failed run, not saved
On 1561 out of 10000
Failed run, not saved
On 1561 out of 10000
Failed run, not saved
On 1561 out of 10000
Failed run, not saved
		FAILED TOO MANY TIMES, TRYING ANOTHER ENVIRONMENT
On 1561 out of 10000
Failed run, not saved
		FAILED TOO MANY TIMES, TRYING ANOTHER ENVIRONMENT
On 1561 out of 10000
Failed run, not saved
		FAILED TOO MANY TIMES, TRYING ANOTHER ENVIRONMENT
On 1561 out of 10000
On 1562 out of 10000
On 1563 out of 10000
On 1564 out of 10000
On 1565 out of 10000
On 1566 out of 10000
On 1567 out of 10000
Failed run, not saved
On 1567 out of 10000
On 1568 out of 10000
Failed run, not saved
On 1568 out of 10000
Failed run, not saved
On 1568 out of 10000
Failed run, not saved
On 1568 out of 10000
Failed run, not saved
On 1568 out of 10000
Failed run, not saved
On 1568 out of 10000
Failed run, not saved
On 1568 out of 10000
Failed run, not saved
On 1568 out of 10000
Failed run, not saved
On 1568 out of 10000
Failed run, not saved
On 1568 out of 10000
Failed run, not saved
On 1568 out of 10000
Failed run, not saved
		FAILED TOO MANY TIMES, TRYING ANOTHER ENVIRONMENT
On 1568 out of 10000
On 1569 out of 10000
On 1570 out of 10000
Failed run, not saved
On 1570 out of 10000
Failed run, not saved
On 1570 out of 10000
Failed run, not saved
On 1570 out of 10000
On 1571 out of 10000
Failed run, not saved
On 1571 out of 10000
Failed run, not saved
On 1571 out of 10000
Failed run, not saved
On 1571 out of 10000
Failed run, not saved
On 1571 out of 10000
Failed run, not saved
On 1571 out of 10000
Failed run, not saved
On 1571 out of 10000
On 1572 out of 10000
Failed run, not saved
On 1572 out of 10000
Failed run, not saved
On 1572 out of 10000
Failed run, not saved
On 1572 out of 10000
Failed run, not saved
On 1572 out of 10000
On 1573 out of 10000
Failed run, not saved
On 1573 out of 10000
On 1574 out of 10000
On 1575 out of 10000
On 1576 out of 10000
On 1577 out of 10000
Failed run, not saved
On 1577 out of 10000
Failed run, not saved
On 1577 out of 10000
Failed run, not saved
On 1577 out of 10000
Failed run, not saved
On 1577 out of 10000
Failed run, not saved
On 1577 out of 10000
Failed run, not saved
On 1577 out of 10000
Failed run, not saved
On 1577 out of 10000
Failed run, not saved
On 1577 out of 10000
Failed run, not saved
On 1577 out of 10000
Failed run, not saved
On 1577 out of 10000
Failed run, not saved
		FAILED TOO MANY TIMES, TRYING ANOTHER ENVIRONMENT
On 1577 out of 10000
On 1578 out of 10000
On 1579 out of 10000
Failed run, not saved
On 1579 out of 10000
Failed run, not saved
On 1579 out of 10000
Failed run, not saved
On 1579 out of 10000
Failed run, not saved
On 1579 out of 10000
On 1580 out of 10000
On 1581 out of 10000
Failed run, not saved
On 1581 out of 10000
Failed run, not saved
On 1581 out of 10000
On 1582 out of 10000
Failed run, not saved
On 1582 out of 10000
On 1583 out of 10000
On 1584 out of 10000
On 1585 out of 10000
On 1586 out of 10000
On 1587 out of 10000
On 1588 out of 10000
Failed run, not saved
On 1588 out of 10000
Failed run, not saved
On 1588 out of 10000
On 1589 out of 10000
On 1590 out of 10000
On 1591 out of 10000
Failed run, not saved
On 1591 out of 10000
On 1592 out of 10000
Failed run, not saved
On 1592 out of 10000
Failed run, not saved
On 1592 out of 10000
On 1593 out of 10000
On 1594 out of 10000
On 1595 out of 10000
On 1596 out of 10000
Failed run, not saved
On 1596 out of 10000
Failed run, not saved
On 1596 out of 10000
Failed run, not saved
On 1596 out of 10000
Failed run, not saved
On 1596 out of 10000
Failed run, not saved
On 1596 out of 10000
Failed run, not saved
On 1596 out of 10000
Failed run, not saved
On 1596 out of 10000
Failed run, not saved
On 1596 out of 10000
Failed run, not saved
On 1596 out of 10000
Failed run, not saved
On 1596 out of 10000
Failed run, not saved
		FAILED TOO MANY TIMES, TRYING ANOTHER ENVIRONMENT
On 1596 out of 10000
On 1597 out of 10000
Failed run, not saved
On 1597 out of 10000
Failed run, not saved
On 1597 out of 10000
Failed run, not saved
On 1597 out of 10000
Failed run, not saved
On 1597 out of 10000
Failed run, not saved
On 1597 out of 10000
Failed run, not saved
On 1597 out of 10000
Failed run, not saved
On 1597 out of 10000
Failed run, not saved
On 1597 out of 10000
Failed run, not saved
On 1597 out of 10000
Failed run, not saved
On 1597 out of 10000
Failed run, not saved
		FAILED TOO MANY TIMES, TRYING ANOTHER ENVIRONMENT
On 1597 out of 10000
On 1598 out of 10000
On 1599 out of 10000
On 1600 out of 10000
On 1601 out of 10000
On 1602 out of 10000
On 1603 out of 10000
Failed run, not saved
On 1603 out of 10000
Failed run, not saved
On 1603 out of 10000
Failed run, not saved
On 1603 out of 10000
Failed run, not saved
On 1603 out of 10000
Failed run, not saved
On 1603 out of 10000
Failed run, not saved
On 1603 out of 10000
Failed run, not saved
On 1603 out of 10000
Failed run, not saved
On 1603 out of 10000
Failed run, not saved
On 1603 out of 10000
Failed run, not saved
On 1603 out of 10000
On 1604 out of 10000
On 1605 out of 10000
On 1606 out of 10000
On 1607 out of 10000
On 1608 out of 10000
On 1609 out of 10000
On 1610 out of 10000
On 1611 out of 10000
On 1612 out of 10000
On 1613 out of 10000
On 1614 out of 10000
On 1615 out of 10000
On 1616 out of 10000
Failed run, not saved
On 1616 out of 10000
Failed run, not saved
On 1616 out of 10000
Failed run, not saved
On 1616 out of 10000
Failed run, not saved
On 1616 out of 10000
Failed run, not saved
On 1616 out of 10000
Failed run, not saved
On 1616 out of 10000
Failed run, not saved
On 1616 out of 10000
Failed run, not saved
On 1616 out of 10000
Failed run, not saved
On 1616 out of 10000
Failed run, not saved
On 1616 out of 10000
Failed run, not saved
		FAILED TOO MANY TIMES, TRYING ANOTHER ENVIRONMENT
On 1616 out of 10000
On 1617 out of 10000
On 1618 out of 10000
Failed run, not saved
On 1618 out of 10000
Failed run, not saved
On 1618 out of 10000
Failed run, not saved
On 1618 out of 10000
Failed run, not saved
On 1618 out of 10000
On 1619 out of 10000
On 1620 out of 10000
Failed run, not saved
On 1620 out of 10000
Failed run, not saved
On 1620 out of 10000
Failed run, not saved
On 1620 out of 10000
Failed run, not saved
On 1620 out of 10000
Failed run, not saved
On 1620 out of 10000
Failed run, not saved
On 1620 out of 10000
Failed run, not saved
On 1620 out of 10000
Failed run, not saved
On 1620 out of 10000
On 1621 out of 10000
On 1622 out of 10000
On 1623 out of 10000
On 1624 out of 10000
On 1625 out of 10000
On 1626 out of 10000
On 1627 out of 10000
On 1628 out of 10000
On 1629 out of 10000
On 1630 out of 10000
Failed run, not saved
On 1630 out of 10000
Failed run, not saved
On 1630 out of 10000
Failed run, not saved
On 1630 out of 10000
Failed run, not saved
On 1630 out of 10000
Failed run, not saved
On 1630 out of 10000
Failed run, not saved
On 1630 out of 10000
On 1631 out of 10000
On 1632 out of 10000
On 1633 out of 10000
On 1634 out of 10000
Failed run, not saved
On 1634 out of 10000
Failed run, not saved
On 1634 out of 10000
On 1635 out of 10000
Failed run, not saved
On 1635 out of 10000
On 1636 out of 10000
On 1637 out of 10000
Failed run, not saved
On 1637 out of 10000
On 1638 out of 10000
On 1639 out of 10000
On 1640 out of 10000
On 1641 out of 10000
On 1642 out of 10000
On 1643 out of 10000
On 1644 out of 10000
On 1645 out of 10000
On 1646 out of 10000
Failed run, not saved
On 1646 out of 10000
On 1647 out of 10000
On 1648 out of 10000
On 1649 out of 10000
Failed run, not saved
On 1649 out of 10000
Failed run, not saved
On 1649 out of 10000
Failed run, not saved
On 1649 out of 10000
Failed run, not saved
On 1649 out of 10000
Failed run, not saved
On 1649 out of 10000
Failed run, not saved
On 1649 out of 10000
Failed run, not saved
On 1649 out of 10000
Failed run, not saved
On 1649 out of 10000
Failed run, not saved
On 1649 out of 10000
Failed run, not saved
On 1649 out of 10000
Failed run, not saved
		FAILED TOO MANY TIMES, TRYING ANOTHER ENVIRONMENT
On 1649 out of 10000
On 1650 out of 10000
On 1651 out of 10000
On 1652 out of 10000
Failed run, not saved
On 1652 out of 10000
Failed run, not saved
On 1652 out of 10000
Failed run, not saved
On 1652 out of 10000
Failed run, not saved
On 1652 out of 10000
Failed run, not saved
On 1652 out of 10000
On 1653 out of 10000
On 1654 out of 10000
On 1655 out of 10000
On 1656 out of 10000
Failed run, not saved
On 1656 out of 10000
Failed run, not saved
On 1656 out of 10000
On 1657 out of 10000
On 1658 out of 10000
On 1659 out of 10000
On 1660 out of 10000
On 1661 out of 10000
On 1662 out of 10000
On 1663 out of 10000
On 1664 out of 10000
On 1665 out of 10000
On 1666 out of 10000
Failed run, not saved
On 1666 out of 10000
On 1667 out of 10000
On 1668 out of 10000
On 1669 out of 10000
Failed run, not saved
On 1669 out of 10000
Failed run, not saved
On 1669 out of 10000
On 1670 out of 10000
On 1671 out of 10000
On 1672 out of 10000
On 1673 out of 10000
On 1674 out of 10000
On 1675 out of 10000
On 1676 out of 10000
On 1677 out of 10000
On 1678 out of 10000
On 1679 out of 10000
On 1680 out of 10000
On 1681 out of 10000
On 1682 out of 10000
Failed run, not saved
On 1682 out of 10000
Failed run, not saved
On 1682 out of 10000
Failed run, not saved
On 1682 out of 10000
Failed run, not saved
On 1682 out of 10000
Failed run, not saved
On 1682 out of 10000
On 1683 out of 10000
On 1684 out of 10000
Failed run, not saved
On 1684 out of 10000
On 1685 out of 10000
Failed run, not saved
On 1685 out of 10000
Failed run, not saved
On 1685 out of 10000
Failed run, not saved
On 1685 out of 10000
Failed run, not saved
On 1685 out of 10000
Failed run, not saved
On 1685 out of 10000
Failed run, not saved
On 1685 out of 10000
Failed run, not saved
On 1685 out of 10000
Failed run, not saved
On 1685 out of 10000
Failed run, not saved
On 1685 out of 10000
Failed run, not saved
On 1685 out of 10000
Failed run, not saved
		FAILED TOO MANY TIMES, TRYING ANOTHER ENVIRONMENT
On 1685 out of 10000
On 1686 out of 10000
On 1687 out of 10000
On 1688 out of 10000
On 1689 out of 10000
Failed run, not saved
On 1689 out of 10000
On 1690 out of 10000
On 1691 out of 10000
Failed run, not saved
On 1691 out of 10000
Failed run, not saved
On 1691 out of 10000
Failed run, not saved
On 1691 out of 10000
On 1692 out of 10000
On 1693 out of 10000
On 1694 out of 10000
On 1695 out of 10000
On 1696 out of 10000
On 1697 out of 10000
On 1698 out of 10000
Failed run, not saved
On 1698 out of 10000
Failed run, not saved
On 1698 out of 10000
Failed run, not saved
On 1698 out of 10000
Failed run, not saved
On 1698 out of 10000
Failed run, not saved
On 1698 out of 10000
Failed run, not saved
On 1698 out of 10000
Failed run, not saved
On 1698 out of 10000
Failed run, not saved
On 1698 out of 10000
Failed run, not saved
On 1698 out of 10000
Failed run, not saved
On 1698 out of 10000
Failed run, not saved
		FAILED TOO MANY TIMES, TRYING ANOTHER ENVIRONMENT
On 1698 out of 10000
On 1699 out of 10000
On 1700 out of 10000
On 1701 out of 10000
Failed run, not saved
On 1701 out of 10000
Failed run, not saved
On 1701 out of 10000
Failed run, not saved
On 1701 out of 10000
Failed run, not saved
On 1701 out of 10000
Failed run, not saved
On 1701 out of 10000
Failed run, not saved
On 1701 out of 10000
Failed run, not saved
On 1701 out of 10000
Failed run, not saved
On 1701 out of 10000
Failed run, not saved
On 1701 out of 10000
Failed run, not saved
On 1701 out of 10000
Failed run, not saved
		FAILED TOO MANY TIMES, TRYING ANOTHER ENVIRONMENT
On 1701 out of 10000
Failed run, not saved
		FAILED TOO MANY TIMES, TRYING ANOTHER ENVIRONMENT
On 1701 out of 10000
On 1702 out of 10000
On 1703 out of 10000
Failed run, not saved
On 1703 out of 10000
Failed run, not saved
On 1703 out of 10000
Failed run, not saved
On 1703 out of 10000
Failed run, not saved
On 1703 out of 10000
Failed run, not saved
On 1703 out of 10000
On 1704 out of 10000
On 1705 out of 10000
On 1706 out of 10000
On 1707 out of 10000
Failed run, not saved
On 1707 out of 10000
On 1708 out of 10000
On 1709 out of 10000
On 1710 out of 10000
On 1711 out of 10000
Failed run, not saved
On 1711 out of 10000
Failed run, not saved
On 1711 out of 10000
On 1712 out of 10000
On 1713 out of 10000
Failed run, not saved
On 1713 out of 10000
Failed run, not saved
On 1713 out of 10000
Failed run, not saved
On 1713 out of 10000
Failed run, not saved
On 1713 out of 10000
Failed run, not saved
On 1713 out of 10000
Failed run, not saved
On 1713 out of 10000
Failed run, not saved
On 1713 out of 10000
Failed run, not saved
On 1713 out of 10000
Failed run, not saved
On 1713 out of 10000
Failed run, not saved
On 1713 out of 10000
Failed run, not saved
		FAILED TOO MANY TIMES, TRYING ANOTHER ENVIRONMENT
On 1713 out of 10000
Failed run, not saved
		FAILED TOO MANY TIMES, TRYING ANOTHER ENVIRONMENT
On 1713 out of 10000
On 1714 out of 10000
Failed run, not saved
On 1714 out of 10000
On 1715 out of 10000
Failed run, not saved
On 1715 out of 10000
Failed run, not saved
On 1715 out of 10000
Failed run, not saved
On 1715 out of 10000
Failed run, not saved
On 1715 out of 10000
Failed run, not saved
On 1715 out of 10000
Failed run, not saved
On 1715 out of 10000
Failed run, not saved
On 1715 out of 10000
Failed run, not saved
On 1715 out of 10000
Failed run, not saved
On 1715 out of 10000
On 1716 out of 10000
On 1717 out of 10000
Failed run, not saved
On 1717 out of 10000
On 1718 out of 10000
Failed run, not saved
On 1718 out of 10000
Failed run, not saved
On 1718 out of 10000
Failed run, not saved
On 1718 out of 10000
Failed run, not saved
On 1718 out of 10000
Failed run, not saved
On 1718 out of 10000
Failed run, not saved
On 1718 out of 10000
Failed run, not saved
On 1718 out of 10000
Failed run, not saved
On 1718 out of 10000
Failed run, not saved
On 1718 out of 10000
Failed run, not saved
On 1718 out of 10000
Failed run, not saved
		FAILED TOO MANY TIMES, TRYING ANOTHER ENVIRONMENT
On 1718 out of 10000
Failed run, not saved
		FAILED TOO MANY TIMES, TRYING ANOTHER ENVIRONMENT
On 1718 out of 10000
On 1719 out of 10000
On 1720 out of 10000
On 1721 out of 10000
On 1722 out of 10000
Failed run, not saved
On 1722 out of 10000
On 1723 out of 10000
On 1724 out of 10000
Failed run, not saved
On 1724 out of 10000
Failed run, not saved
On 1724 out of 10000
Failed run, not saved
On 1724 out of 10000
Failed run, not saved
On 1724 out of 10000
On 1725 out of 10000
On 1726 out of 10000
Failed run, not saved
On 1726 out of 10000
On 1727 out of 10000
On 1728 out of 10000
On 1729 out of 10000
On 1730 out of 10000
On 1731 out of 10000
Failed run, not saved
On 1731 out of 10000
Failed run, not saved
On 1731 out of 10000
Failed run, not saved
On 1731 out of 10000
Failed run, not saved
On 1731 out of 10000
Failed run, not saved
On 1731 out of 10000
Failed run, not saved
On 1731 out of 10000
Failed run, not saved
On 1731 out of 10000
Failed run, not saved
On 1731 out of 10000
Failed run, not saved
On 1731 out of 10000
Failed run, not saved
On 1731 out of 10000
On 1732 out of 10000
On 1733 out of 10000
On 1734 out of 10000
On 1735 out of 10000
On 1736 out of 10000
On 1737 out of 10000
On 1738 out of 10000
On 1739 out of 10000
On 1740 out of 10000
Failed run, not saved
On 1740 out of 10000
Failed run, not saved
On 1740 out of 10000
Failed run, not saved
On 1740 out of 10000
Failed run, not saved
On 1740 out of 10000
Failed run, not saved
On 1740 out of 10000
On 1741 out of 10000
On 1742 out of 10000
On 1743 out of 10000
On 1744 out of 10000
Failed run, not saved
On 1744 out of 10000
Failed run, not saved
On 1744 out of 10000
On 1745 out of 10000
On 1746 out of 10000
Failed run, not saved
On 1746 out of 10000
On 1747 out of 10000
On 1748 out of 10000
On 1749 out of 10000
On 1750 out of 10000
Failed run, not saved
On 1750 out of 10000
On 1751 out of 10000
On 1752 out of 10000
Failed run, not saved
On 1752 out of 10000
Failed run, not saved
On 1752 out of 10000
Failed run, not saved
On 1752 out of 10000
Failed run, not saved
On 1752 out of 10000
Failed run, not saved
On 1752 out of 10000
Failed run, not saved
On 1752 out of 10000
Failed run, not saved
On 1752 out of 10000
Failed run, not saved
On 1752 out of 10000
Failed run, not saved
On 1752 out of 10000
Failed run, not saved
On 1752 out of 10000
Failed run, not saved
		FAILED TOO MANY TIMES, TRYING ANOTHER ENVIRONMENT
On 1752 out of 10000
Failed run, not saved
		FAILED TOO MANY TIMES, TRYING ANOTHER ENVIRONMENT
On 1752 out of 10000
On 1753 out of 10000
On 1754 out of 10000
On 1755 out of 10000
On 1756 out of 10000
On 1757 out of 10000
On 1758 out of 10000
On 1759 out of 10000
Failed run, not saved
On 1759 out of 10000
Failed run, not saved
On 1759 out of 10000
Failed run, not saved
On 1759 out of 10000
Failed run, not saved
On 1759 out of 10000
Failed run, not saved
On 1759 out of 10000
Failed run, not saved
On 1759 out of 10000
Failed run, not saved
On 1759 out of 10000
Failed run, not saved
On 1759 out of 10000
Failed run, not saved
On 1759 out of 10000
Failed run, not saved
On 1759 out of 10000
Failed run, not saved
		FAILED TOO MANY TIMES, TRYING ANOTHER ENVIRONMENT
On 1759 out of 10000
On 1760 out of 10000
On 1761 out of 10000
On 1762 out of 10000
On 1763 out of 10000
On 1764 out of 10000
Failed run, not saved
On 1764 out of 10000
Failed run, not saved
On 1764 out of 10000
On 1765 out of 10000
On 1766 out of 10000
On 1767 out of 10000
Failed run, not saved
On 1767 out of 10000
On 1768 out of 10000
Failed run, not saved
On 1768 out of 10000
On 1769 out of 10000
On 1770 out of 10000
On 1771 out of 10000
Failed run, not saved
On 1771 out of 10000
Failed run, not saved
On 1771 out of 10000
Failed run, not saved
On 1771 out of 10000
Failed run, not saved
On 1771 out of 10000
Failed run, not saved
On 1771 out of 10000
Failed run, not saved
On 1771 out of 10000
Failed run, not saved
On 1771 out of 10000
Failed run, not saved
On 1771 out of 10000
Failed run, not saved
On 1771 out of 10000
Failed run, not saved
On 1771 out of 10000
Failed run, not saved
		FAILED TOO MANY TIMES, TRYING ANOTHER ENVIRONMENT
On 1771 out of 10000
On 1772 out of 10000
On 1773 out of 10000
Failed run, not saved
On 1773 out of 10000
Failed run, not saved
On 1773 out of 10000
Failed run, not saved
On 1773 out of 10000
Failed run, not saved
On 1773 out of 10000
Failed run, not saved
On 1773 out of 10000
Failed run, not saved
On 1773 out of 10000
Failed run, not saved
On 1773 out of 10000
Failed run, not saved
On 1773 out of 10000
Failed run, not saved
On 1773 out of 10000
Failed run, not saved
On 1773 out of 10000
Failed run, not saved
		FAILED TOO MANY TIMES, TRYING ANOTHER ENVIRONMENT
On 1773 out of 10000
On 1774 out of 10000
On 1775 out of 10000
Failed run, not saved
On 1775 out of 10000
On 1776 out of 10000
Failed run, not saved
On 1776 out of 10000
Failed run, not saved
On 1776 out of 10000
Failed run, not saved
On 1776 out of 10000
Failed run, not saved
On 1776 out of 10000
Failed run, not saved
On 1776 out of 10000
Failed run, not saved
On 1776 out of 10000
Failed run, not saved
On 1776 out of 10000
Failed run, not saved
On 1776 out of 10000
Failed run, not saved
On 1776 out of 10000
Failed run, not saved
On 1776 out of 10000
Failed run, not saved
		FAILED TOO MANY TIMES, TRYING ANOTHER ENVIRONMENT
On 1776 out of 10000
On 1777 out of 10000
On 1778 out of 10000
On 1779 out of 10000
On 1780 out of 10000
Failed run, not saved
On 1780 out of 10000
On 1781 out of 10000
On 1782 out of 10000
On 1783 out of 10000
On 1784 out of 10000
On 1785 out of 10000
Failed run, not saved
On 1785 out of 10000
Failed run, not saved
On 1785 out of 10000
Failed run, not saved
On 1785 out of 10000
Failed run, not saved
On 1785 out of 10000
Failed run, not saved
On 1785 out of 10000
Failed run, not saved
On 1785 out of 10000
Failed run, not saved
On 1785 out of 10000
Failed run, not saved
On 1785 out of 10000
Failed run, not saved
On 1785 out of 10000
Failed run, not saved
On 1785 out of 10000
Failed run, not saved
		FAILED TOO MANY TIMES, TRYING ANOTHER ENVIRONMENT
On 1785 out of 10000
On 1786 out of 10000
On 1787 out of 10000
On 1788 out of 10000
On 1789 out of 10000
On 1790 out of 10000
On 1791 out of 10000
Failed run, not saved
On 1791 out of 10000
Failed run, not saved
On 1791 out of 10000
Failed run, not saved
On 1791 out of 10000
On 1792 out of 10000
On 1793 out of 10000
On 1794 out of 10000
On 1795 out of 10000
Failed run, not saved
On 1795 out of 10000
On 1796 out of 10000
On 1797 out of 10000
Failed run, not saved
On 1797 out of 10000
On 1798 out of 10000
On 1799 out of 10000
Failed run, not saved
On 1799 out of 10000
Failed run, not saved
On 1799 out of 10000
Failed run, not saved
On 1799 out of 10000
On 1800 out of 10000
On 1801 out of 10000
On 1802 out of 10000
On 1803 out of 10000
On 1804 out of 10000
Failed run, not saved
On 1804 out of 10000
Failed run, not saved
On 1804 out of 10000
Failed run, not saved
On 1804 out of 10000
Failed run, not saved
On 1804 out of 10000
Failed run, not saved
On 1804 out of 10000
Failed run, not saved
On 1804 out of 10000
Failed run, not saved
On 1804 out of 10000
Failed run, not saved
On 1804 out of 10000
Failed run, not saved
On 1804 out of 10000
Failed run, not saved
On 1804 out of 10000
Failed run, not saved
		FAILED TOO MANY TIMES, TRYING ANOTHER ENVIRONMENT
On 1804 out of 10000
Failed run, not saved
		FAILED TOO MANY TIMES, TRYING ANOTHER ENVIRONMENT
On 1804 out of 10000
On 1805 out of 10000
On 1806 out of 10000
On 1807 out of 10000
Failed run, not saved
On 1807 out of 10000
On 1808 out of 10000
On 1809 out of 10000
Failed run, not saved
On 1809 out of 10000
Failed run, not saved
On 1809 out of 10000
Failed run, not saved
On 1809 out of 10000
Failed run, not saved
On 1809 out of 10000
Failed run, not saved
On 1809 out of 10000
Failed run, not saved
On 1809 out of 10000
Failed run, not saved
On 1809 out of 10000
Failed run, not saved
On 1809 out of 10000
Failed run, not saved
On 1809 out of 10000
Failed run, not saved
On 1809 out of 10000
Failed run, not saved
		FAILED TOO MANY TIMES, TRYING ANOTHER ENVIRONMENT
On 1809 out of 10000
On 1810 out of 10000
On 1811 out of 10000
On 1812 out of 10000
Failed run, not saved
On 1812 out of 10000
Failed run, not saved
On 1812 out of 10000
Failed run, not saved
On 1812 out of 10000
On 1813 out of 10000
On 1814 out of 10000
On 1815 out of 10000
Failed run, not saved
On 1815 out of 10000
Failed run, not saved
On 1815 out of 10000
On 1816 out of 10000
On 1817 out of 10000
On 1818 out of 10000
Failed run, not saved
On 1818 out of 10000
Failed run, not saved
On 1818 out of 10000
Failed run, not saved
On 1818 out of 10000
Failed run, not saved
On 1818 out of 10000
On 1819 out of 10000
On 1820 out of 10000
Failed run, not saved
On 1820 out of 10000
On 1821 out of 10000
Failed run, not saved
On 1821 out of 10000
Failed run, not saved
On 1821 out of 10000
Failed run, not saved
On 1821 out of 10000
Failed run, not saved
On 1821 out of 10000
Failed run, not saved
On 1821 out of 10000
Failed run, not saved
On 1821 out of 10000
Failed run, not saved
On 1821 out of 10000
Failed run, not saved
On 1821 out of 10000
Failed run, not saved
On 1821 out of 10000
Failed run, not saved
On 1821 out of 10000
On 1822 out of 10000
On 1823 out of 10000
On 1824 out of 10000
Failed run, not saved
On 1824 out of 10000
On 1825 out of 10000
On 1826 out of 10000
Failed run, not saved
On 1826 out of 10000
Failed run, not saved
On 1826 out of 10000
Failed run, not saved
On 1826 out of 10000
Failed run, not saved
On 1826 out of 10000
On 1827 out of 10000
Failed run, not saved
On 1827 out of 10000
Failed run, not saved
On 1827 out of 10000
On 1828 out of 10000
On 1829 out of 10000
On 1830 out of 10000
On 1831 out of 10000
On 1832 out of 10000
Failed run, not saved
On 1832 out of 10000
Failed run, not saved
On 1832 out of 10000
On 1833 out of 10000
On 1834 out of 10000
On 1835 out of 10000
On 1836 out of 10000
On 1837 out of 10000
On 1838 out of 10000
Failed run, not saved
On 1838 out of 10000
Failed run, not saved
On 1838 out of 10000
On 1839 out of 10000
On 1840 out of 10000
On 1841 out of 10000
On 1842 out of 10000
On 1843 out of 10000
On 1844 out of 10000
Failed run, not saved
On 1844 out of 10000
Failed run, not saved
On 1844 out of 10000
Failed run, not saved
On 1844 out of 10000
Failed run, not saved
On 1844 out of 10000
Failed run, not saved
On 1844 out of 10000
Failed run, not saved
On 1844 out of 10000
Failed run, not saved
On 1844 out of 10000
Failed run, not saved
On 1844 out of 10000
Failed run, not saved
On 1844 out of 10000
On 1845 out of 10000
On 1846 out of 10000
On 1847 out of 10000
Failed run, not saved
On 1847 out of 10000
Failed run, not saved
On 1847 out of 10000
Failed run, not saved
On 1847 out of 10000
Failed run, not saved
On 1847 out of 10000
Failed run, not saved
On 1847 out of 10000
Failed run, not saved
On 1847 out of 10000
Failed run, not saved
On 1847 out of 10000
On 1848 out of 10000
On 1849 out of 10000
On 1850 out of 10000
On 1851 out of 10000
On 1852 out of 10000
On 1853 out of 10000
Failed run, not saved
On 1853 out of 10000
Failed run, not saved
On 1853 out of 10000
Failed run, not saved
On 1853 out of 10000
Failed run, not saved
On 1853 out of 10000
Failed run, not saved
On 1853 out of 10000
Failed run, not saved
On 1853 out of 10000
Failed run, not saved
On 1853 out of 10000
Failed run, not saved
On 1853 out of 10000
Failed run, not saved
On 1853 out of 10000
Failed run, not saved
On 1853 out of 10000
Failed run, not saved
		FAILED TOO MANY TIMES, TRYING ANOTHER ENVIRONMENT
On 1853 out of 10000
Failed run, not saved
		FAILED TOO MANY TIMES, TRYING ANOTHER ENVIRONMENT
On 1853 out of 10000
Failed run, not saved
		FAILED TOO MANY TIMES, TRYING ANOTHER ENVIRONMENT
On 1853 out of 10000
Failed run, not saved
		FAILED TOO MANY TIMES, TRYING ANOTHER ENVIRONMENT
On 1853 out of 10000
On 1854 out of 10000
On 1855 out of 10000
Failed run, not saved
On 1855 out of 10000
Failed run, not saved
On 1855 out of 10000
Failed run, not saved
On 1855 out of 10000
Failed run, not saved
On 1855 out of 10000
Failed run, not saved
On 1855 out of 10000
On 1856 out of 10000
On 1857 out of 10000
On 1858 out of 10000
Failed run, not saved
On 1858 out of 10000
On 1859 out of 10000
On 1860 out of 10000
On 1861 out of 10000
On 1862 out of 10000
On 1863 out of 10000
Failed run, not saved
On 1863 out of 10000
On 1864 out of 10000
Failed run, not saved
On 1864 out of 10000
Failed run, not saved
On 1864 out of 10000
Failed run, not saved
On 1864 out of 10000
Failed run, not saved
On 1864 out of 10000
Failed run, not saved
On 1864 out of 10000
Failed run, not saved
On 1864 out of 10000
Failed run, not saved
On 1864 out of 10000
Failed run, not saved
On 1864 out of 10000
Failed run, not saved
On 1864 out of 10000
Failed run, not saved
On 1864 out of 10000
Failed run, not saved
		FAILED TOO MANY TIMES, TRYING ANOTHER ENVIRONMENT
On 1864 out of 10000
On 1865 out of 10000
On 1866 out of 10000
On 1867 out of 10000
On 1868 out of 10000
On 1869 out of 10000
On 1870 out of 10000
On 1871 out of 10000
On 1872 out of 10000
On 1873 out of 10000
On 1874 out of 10000
On 1875 out of 10000
On 1876 out of 10000
On 1877 out of 10000
On 1878 out of 10000
Failed run, not saved
On 1878 out of 10000
Failed run, not saved
On 1878 out of 10000
Failed run, not saved
On 1878 out of 10000
On 1879 out of 10000
On 1880 out of 10000
On 1881 out of 10000
On 1882 out of 10000
On 1883 out of 10000
On 1884 out of 10000
On 1885 out of 10000
On 1886 out of 10000
On 1887 out of 10000
On 1888 out of 10000
Failed run, not saved
On 1888 out of 10000
On 1889 out of 10000
Failed run, not saved
On 1889 out of 10000
Failed run, not saved
On 1889 out of 10000
Failed run, not saved
On 1889 out of 10000
Failed run, not saved
On 1889 out of 10000
Failed run, not saved
On 1889 out of 10000
Failed run, not saved
On 1889 out of 10000
Failed run, not saved
On 1889 out of 10000
On 1890 out of 10000
On 1891 out of 10000
On 1892 out of 10000
On 1893 out of 10000
Failed run, not saved
On 1893 out of 10000
Failed run, not saved
On 1893 out of 10000
Failed run, not saved
On 1893 out of 10000
Failed run, not saved
On 1893 out of 10000
Failed run, not saved
On 1893 out of 10000
On 1894 out of 10000
On 1895 out of 10000
On 1896 out of 10000
On 1897 out of 10000
On 1898 out of 10000
On 1899 out of 10000
On 1900 out of 10000
On 1901 out of 10000
Failed run, not saved
On 1901 out of 10000
Failed run, not saved
On 1901 out of 10000
Failed run, not saved
On 1901 out of 10000
Failed run, not saved
On 1901 out of 10000
Failed run, not saved
On 1901 out of 10000
Failed run, not saved
On 1901 out of 10000
Failed run, not saved
On 1901 out of 10000
Failed run, not saved
On 1901 out of 10000
Failed run, not saved
On 1901 out of 10000
Failed run, not saved
On 1901 out of 10000
Failed run, not saved
		FAILED TOO MANY TIMES, TRYING ANOTHER ENVIRONMENT
On 1901 out of 10000
Failed run, not saved
		FAILED TOO MANY TIMES, TRYING ANOTHER ENVIRONMENT
On 1901 out of 10000
On 1902 out of 10000
On 1903 out of 10000
On 1904 out of 10000
On 1905 out of 10000
On 1906 out of 10000
On 1907 out of 10000
On 1908 out of 10000
On 1909 out of 10000
On 1910 out of 10000
Failed run, not saved
On 1910 out of 10000
On 1911 out of 10000
Failed run, not saved
On 1911 out of 10000
On 1912 out of 10000
Failed run, not saved
On 1912 out of 10000
Failed run, not saved
On 1912 out of 10000
Failed run, not saved
On 1912 out of 10000
Failed run, not saved
On 1912 out of 10000
On 1913 out of 10000
On 1914 out of 10000
On 1915 out of 10000
On 1916 out of 10000
Failed run, not saved
On 1916 out of 10000
On 1917 out of 10000
On 1918 out of 10000
On 1919 out of 10000
Failed run, not saved
On 1919 out of 10000
Failed run, not saved
On 1919 out of 10000
Failed run, not saved
On 1919 out of 10000
Failed run, not saved
On 1919 out of 10000
Failed run, not saved
On 1919 out of 10000
Failed run, not saved
On 1919 out of 10000
Failed run, not saved
On 1919 out of 10000
Failed run, not saved
On 1919 out of 10000
Failed run, not saved
On 1919 out of 10000
Failed run, not saved
On 1919 out of 10000
Failed run, not saved
		FAILED TOO MANY TIMES, TRYING ANOTHER ENVIRONMENT
On 1919 out of 10000
On 1920 out of 10000
On 1921 out of 10000
On 1922 out of 10000
Failed run, not saved
On 1922 out of 10000
Failed run, not saved
On 1922 out of 10000
On 1923 out of 10000
Failed run, not saved
On 1923 out of 10000
On 1924 out of 10000
On 1925 out of 10000
On 1926 out of 10000
On 1927 out of 10000
Failed run, not saved
On 1927 out of 10000
Failed run, not saved
On 1927 out of 10000
Failed run, not saved
On 1927 out of 10000
Failed run, not saved
On 1927 out of 10000
On 1928 out of 10000
On 1929 out of 10000
On 1930 out of 10000
On 1931 out of 10000
On 1932 out of 10000
On 1933 out of 10000
Failed run, not saved
On 1933 out of 10000
Failed run, not saved
On 1933 out of 10000
Failed run, not saved
On 1933 out of 10000
Failed run, not saved
On 1933 out of 10000
Failed run, not saved
On 1933 out of 10000
Failed run, not saved
On 1933 out of 10000
Failed run, not saved
On 1933 out of 10000
Failed run, not saved
On 1933 out of 10000
Failed run, not saved
On 1933 out of 10000
Failed run, not saved
On 1933 out of 10000
Failed run, not saved
		FAILED TOO MANY TIMES, TRYING ANOTHER ENVIRONMENT
On 1933 out of 10000
Failed run, not saved
		FAILED TOO MANY TIMES, TRYING ANOTHER ENVIRONMENT
On 1933 out of 10000
Failed run, not saved
		FAILED TOO MANY TIMES, TRYING ANOTHER ENVIRONMENT
On 1933 out of 10000
Failed run, not saved
		FAILED TOO MANY TIMES, TRYING ANOTHER ENVIRONMENT
On 1933 out of 10000
On 1934 out of 10000
On 1935 out of 10000
Failed run, not saved
On 1935 out of 10000
On 1936 out of 10000
On 1937 out of 10000
Failed run, not saved
On 1937 out of 10000
Failed run, not saved
On 1937 out of 10000
Failed run, not saved
On 1937 out of 10000
Failed run, not saved
On 1937 out of 10000
Failed run, not saved
On 1937 out of 10000
Failed run, not saved
On 1937 out of 10000
Failed run, not saved
On 1937 out of 10000
Failed run, not saved
On 1937 out of 10000
Failed run, not saved
On 1937 out of 10000
Failed run, not saved
On 1937 out of 10000
Failed run, not saved
		FAILED TOO MANY TIMES, TRYING ANOTHER ENVIRONMENT
On 1937 out of 10000
Failed run, not saved
		FAILED TOO MANY TIMES, TRYING ANOTHER ENVIRONMENT
On 1937 out of 10000
Failed run, not saved
		FAILED TOO MANY TIMES, TRYING ANOTHER ENVIRONMENT
On 1937 out of 10000
On 1938 out of 10000
Failed run, not saved
On 1938 out of 10000
Failed run, not saved
On 1938 out of 10000
Failed run, not saved
On 1938 out of 10000
Failed run, not saved
On 1938 out of 10000
Failed run, not saved
On 1938 out of 10000
Failed run, not saved
On 1938 out of 10000
Failed run, not saved
On 1938 out of 10000
Failed run, not saved
On 1938 out of 10000
Failed run, not saved
On 1938 out of 10000
Failed run, not saved
On 1938 out of 10000
Failed run, not saved
		FAILED TOO MANY TIMES, TRYING ANOTHER ENVIRONMENT
On 1938 out of 10000
On 1939 out of 10000
Failed run, not saved
On 1939 out of 10000
On 1940 out of 10000
On 1941 out of 10000
On 1942 out of 10000
On 1943 out of 10000
Failed run, not saved
On 1943 out of 10000
Failed run, not saved
On 1943 out of 10000
Failed run, not saved
On 1943 out of 10000
Failed run, not saved
On 1943 out of 10000
Failed run, not saved
On 1943 out of 10000
Failed run, not saved
On 1943 out of 10000
Failed run, not saved
On 1943 out of 10000
Failed run, not saved
On 1943 out of 10000
Failed run, not saved
On 1943 out of 10000
Failed run, not saved
On 1943 out of 10000
Failed run, not saved
		FAILED TOO MANY TIMES, TRYING ANOTHER ENVIRONMENT
On 1943 out of 10000
On 1944 out of 10000
On 1945 out of 10000
On 1946 out of 10000
On 1947 out of 10000
On 1948 out of 10000
On 1949 out of 10000
Failed run, not saved
On 1949 out of 10000
On 1950 out of 10000
On 1951 out of 10000
On 1952 out of 10000
On 1953 out of 10000
On 1954 out of 10000
Failed run, not saved
On 1954 out of 10000
Failed run, not saved
On 1954 out of 10000
On 1955 out of 10000
Failed run, not saved
On 1955 out of 10000
On 1956 out of 10000
On 1957 out of 10000
On 1958 out of 10000
On 1959 out of 10000
On 1960 out of 10000
On 1961 out of 10000
On 1962 out of 10000
Failed run, not saved
On 1962 out of 10000
Failed run, not saved
On 1962 out of 10000
Failed run, not saved
On 1962 out of 10000
Failed run, not saved
On 1962 out of 10000
Failed run, not saved
On 1962 out of 10000
Failed run, not saved
On 1962 out of 10000
On 1963 out of 10000
On 1964 out of 10000
On 1965 out of 10000
On 1966 out of 10000
On 1967 out of 10000
On 1968 out of 10000
On 1969 out of 10000
On 1970 out of 10000
On 1971 out of 10000
On 1972 out of 10000
On 1973 out of 10000
On 1974 out of 10000
Failed run, not saved
On 1974 out of 10000
Failed run, not saved
On 1974 out of 10000
Failed run, not saved
On 1974 out of 10000
Failed run, not saved
On 1974 out of 10000
Failed run, not saved
On 1974 out of 10000
Failed run, not saved
On 1974 out of 10000
Failed run, not saved
On 1974 out of 10000
Failed run, not saved
On 1974 out of 10000
Failed run, not saved
On 1974 out of 10000
Failed run, not saved
On 1974 out of 10000
Failed run, not saved
		FAILED TOO MANY TIMES, TRYING ANOTHER ENVIRONMENT
On 1974 out of 10000
On 1975 out of 10000
On 1976 out of 10000
On 1977 out of 10000
On 1978 out of 10000
On 1979 out of 10000
On 1980 out of 10000
On 1981 out of 10000
Failed run, not saved
On 1981 out of 10000
Failed run, not saved
On 1981 out of 10000
On 1982 out of 10000
On 1983 out of 10000
Failed run, not saved
On 1983 out of 10000
Failed run, not saved
On 1983 out of 10000
Failed run, not saved
On 1983 out of 10000
Failed run, not saved
On 1983 out of 10000
Failed run, not saved
On 1983 out of 10000
Failed run, not saved
On 1983 out of 10000
Failed run, not saved
On 1983 out of 10000
Failed run, not saved
On 1983 out of 10000
Failed run, not saved
On 1983 out of 10000
Failed run, not saved
On 1983 out of 10000
Failed run, not saved
		FAILED TOO MANY TIMES, TRYING ANOTHER ENVIRONMENT
On 1983 out of 10000
Failed run, not saved
		FAILED TOO MANY TIMES, TRYING ANOTHER ENVIRONMENT
On 1983 out of 10000
On 1984 out of 10000
On 1985 out of 10000
On 1986 out of 10000
On 1987 out of 10000
On 1988 out of 10000
Failed run, not saved
On 1988 out of 10000
Failed run, not saved
On 1988 out of 10000
On 1989 out of 10000
On 1990 out of 10000
On 1991 out of 10000
On 1992 out of 10000
Failed run, not saved
On 1992 out of 10000
Failed run, not saved
On 1992 out of 10000
Failed run, not saved
On 1992 out of 10000
Failed run, not saved
On 1992 out of 10000
Failed run, not saved
On 1992 out of 10000
Failed run, not saved
On 1992 out of 10000
Failed run, not saved
On 1992 out of 10000
Failed run, not saved
On 1992 out of 10000
Failed run, not saved
On 1992 out of 10000
Failed run, not saved
On 1992 out of 10000
Failed run, not saved
		FAILED TOO MANY TIMES, TRYING ANOTHER ENVIRONMENT
On 1992 out of 10000
On 1993 out of 10000
On 1994 out of 10000
On 1995 out of 10000
On 1996 out of 10000
Failed run, not saved
On 1996 out of 10000
On 1997 out of 10000
On 1998 out of 10000
Failed run, not saved
On 1998 out of 10000
Failed run, not saved
On 1998 out of 10000
On 1999 out of 10000
On 2000 out of 10000
On 2001 out of 10000
Failed run, not saved
On 2001 out of 10000
Failed run, not saved
On 2001 out of 10000
Failed run, not saved
On 2001 out of 10000
Failed run, not saved
On 2001 out of 10000
Failed run, not saved
On 2001 out of 10000
Failed run, not saved
On 2001 out of 10000
Failed run, not saved
On 2001 out of 10000
Failed run, not saved
On 2001 out of 10000
Failed run, not saved
On 2001 out of 10000
Failed run, not saved
On 2001 out of 10000
Failed run, not saved
		FAILED TOO MANY TIMES, TRYING ANOTHER ENVIRONMENT
On 2001 out of 10000
Failed run, not saved
		FAILED TOO MANY TIMES, TRYING ANOTHER ENVIRONMENT
On 2001 out of 10000
Failed run, not saved
		FAILED TOO MANY TIMES, TRYING ANOTHER ENVIRONMENT
On 2001 out of 10000
On 2002 out of 10000
On 2003 out of 10000
Failed run, not saved
On 2003 out of 10000
Failed run, not saved
On 2003 out of 10000
On 2004 out of 10000
Failed run, not saved
On 2004 out of 10000
Failed run, not saved
On 2004 out of 10000
Failed run, not saved
On 2004 out of 10000
Failed run, not saved
On 2004 out of 10000
Failed run, not saved
On 2004 out of 10000
Failed run, not saved
On 2004 out of 10000
Failed run, not saved
On 2004 out of 10000
Failed run, not saved
On 2004 out of 10000
Failed run, not saved
On 2004 out of 10000
Failed run, not saved
On 2004 out of 10000
Failed run, not saved
		FAILED TOO MANY TIMES, TRYING ANOTHER ENVIRONMENT
On 2004 out of 10000
On 2005 out of 10000
On 2006 out of 10000
On 2007 out of 10000
On 2008 out of 10000
Failed run, not saved
On 2008 out of 10000
Failed run, not saved
On 2008 out of 10000
Failed run, not saved
On 2008 out of 10000
On 2009 out of 10000
On 2010 out of 10000
On 2011 out of 10000
On 2012 out of 10000
On 2013 out of 10000
Failed run, not saved
On 2013 out of 10000
Failed run, not saved
On 2013 out of 10000
Failed run, not saved
On 2013 out of 10000
Failed run, not saved
On 2013 out of 10000
Failed run, not saved
On 2013 out of 10000
Failed run, not saved
On 2013 out of 10000
Failed run, not saved
On 2013 out of 10000
Failed run, not saved
On 2013 out of 10000
Failed run, not saved
On 2013 out of 10000
Failed run, not saved
On 2013 out of 10000
Failed run, not saved
		FAILED TOO MANY TIMES, TRYING ANOTHER ENVIRONMENT
On 2013 out of 10000
On 2014 out of 10000
On 2015 out of 10000
On 2016 out of 10000
On 2017 out of 10000
Failed run, not saved
On 2017 out of 10000
Failed run, not saved
On 2017 out of 10000
On 2018 out of 10000
On 2019 out of 10000
On 2020 out of 10000
On 2021 out of 10000
Failed run, not saved
On 2021 out of 10000
On 2022 out of 10000
Failed run, not saved
On 2022 out of 10000
Failed run, not saved
On 2022 out of 10000
Failed run, not saved
On 2022 out of 10000
Failed run, not saved
On 2022 out of 10000
Failed run, not saved
On 2022 out of 10000
Failed run, not saved
On 2022 out of 10000
Failed run, not saved
On 2022 out of 10000
Failed run, not saved
On 2022 out of 10000
Failed run, not saved
On 2022 out of 10000
Failed run, not saved
On 2022 out of 10000
Failed run, not saved
		FAILED TOO MANY TIMES, TRYING ANOTHER ENVIRONMENT
On 2022 out of 10000
On 2023 out of 10000
On 2024 out of 10000
On 2025 out of 10000
On 2026 out of 10000
On 2027 out of 10000
Failed run, not saved
On 2027 out of 10000
On 2028 out of 10000
On 2029 out of 10000
Failed run, not saved
On 2029 out of 10000
Failed run, not saved
On 2029 out of 10000
Failed run, not saved
On 2029 out of 10000
Failed run, not saved
On 2029 out of 10000
Failed run, not saved
On 2029 out of 10000
Failed run, not saved
On 2029 out of 10000
Failed run, not saved
On 2029 out of 10000
Failed run, not saved
On 2029 out of 10000
Failed run, not saved
On 2029 out of 10000
Failed run, not saved
On 2029 out of 10000
Failed run, not saved
		FAILED TOO MANY TIMES, TRYING ANOTHER ENVIRONMENT
On 2029 out of 10000
On 2030 out of 10000
On 2031 out of 10000
Failed run, not saved
On 2031 out of 10000
Failed run, not saved
On 2031 out of 10000
Failed run, not saved
On 2031 out of 10000
Failed run, not saved
On 2031 out of 10000
Failed run, not saved
On 2031 out of 10000
Failed run, not saved
On 2031 out of 10000
Failed run, not saved
On 2031 out of 10000
Failed run, not saved
On 2031 out of 10000
Failed run, not saved
On 2031 out of 10000
Failed run, not saved
On 2031 out of 10000
On 2032 out of 10000
Failed run, not saved
On 2032 out of 10000
On 2033 out of 10000
On 2034 out of 10000
On 2035 out of 10000
On 2036 out of 10000
On 2037 out of 10000
On 2038 out of 10000
On 2039 out of 10000
On 2040 out of 10000
On 2041 out of 10000
Failed run, not saved
On 2041 out of 10000
Failed run, not saved
On 2041 out of 10000
On 2042 out of 10000
Failed run, not saved
On 2042 out of 10000
On 2043 out of 10000
On 2044 out of 10000
On 2045 out of 10000
On 2046 out of 10000
Failed run, not saved
On 2046 out of 10000
Failed run, not saved
On 2046 out of 10000
Failed run, not saved
On 2046 out of 10000
Failed run, not saved
On 2046 out of 10000
Failed run, not saved
On 2046 out of 10000
Failed run, not saved
On 2046 out of 10000
Failed run, not saved
On 2046 out of 10000
Failed run, not saved
On 2046 out of 10000
On 2047 out of 10000
On 2048 out of 10000
On 2049 out of 10000
On 2050 out of 10000
On 2051 out of 10000
Failed run, not saved
On 2051 out of 10000
Failed run, not saved
On 2051 out of 10000
Failed run, not saved
On 2051 out of 10000
Failed run, not saved
On 2051 out of 10000
On 2052 out of 10000
On 2053 out of 10000
On 2054 out of 10000
On 2055 out of 10000
On 2056 out of 10000
On 2057 out of 10000
Failed run, not saved
On 2057 out of 10000
Failed run, not saved
On 2057 out of 10000
Failed run, not saved
On 2057 out of 10000
Failed run, not saved
On 2057 out of 10000
Failed run, not saved
On 2057 out of 10000
Failed run, not saved
On 2057 out of 10000
Failed run, not saved
On 2057 out of 10000
Failed run, not saved
On 2057 out of 10000
Failed run, not saved
On 2057 out of 10000
Failed run, not saved
On 2057 out of 10000
Failed run, not saved
		FAILED TOO MANY TIMES, TRYING ANOTHER ENVIRONMENT
On 2057 out of 10000
On 2058 out of 10000
Failed run, not saved
On 2058 out of 10000
On 2059 out of 10000
On 2060 out of 10000
On 2061 out of 10000
Failed run, not saved
On 2061 out of 10000
On 2062 out of 10000
On 2063 out of 10000
On 2064 out of 10000
On 2065 out of 10000
On 2066 out of 10000
On 2067 out of 10000
On 2068 out of 10000
Failed run, not saved
On 2068 out of 10000
On 2069 out of 10000
On 2070 out of 10000
On 2071 out of 10000
On 2072 out of 10000
Failed run, not saved
On 2072 out of 10000
Failed run, not saved
On 2072 out of 10000
Failed run, not saved
On 2072 out of 10000
Failed run, not saved
On 2072 out of 10000
On 2073 out of 10000
On 2074 out of 10000
On 2075 out of 10000
On 2076 out of 10000
On 2077 out of 10000
On 2078 out of 10000
Failed run, not saved
On 2078 out of 10000
Failed run, not saved
On 2078 out of 10000
Failed run, not saved
On 2078 out of 10000
Failed run, not saved
On 2078 out of 10000
Failed run, not saved
On 2078 out of 10000
On 2079 out of 10000
Failed run, not saved
On 2079 out of 10000
Failed run, not saved
On 2079 out of 10000
Failed run, not saved
On 2079 out of 10000
Failed run, not saved
On 2079 out of 10000
Failed run, not saved
On 2079 out of 10000
Failed run, not saved
On 2079 out of 10000
Failed run, not saved
On 2079 out of 10000
Failed run, not saved
On 2079 out of 10000
Failed run, not saved
On 2079 out of 10000
Failed run, not saved
On 2079 out of 10000
Failed run, not saved
		FAILED TOO MANY TIMES, TRYING ANOTHER ENVIRONMENT
On 2079 out of 10000
Failed run, not saved
		FAILED TOO MANY TIMES, TRYING ANOTHER ENVIRONMENT
On 2079 out of 10000
On 2080 out of 10000
On 2081 out of 10000
Failed run, not saved
On 2081 out of 10000
Failed run, not saved
On 2081 out of 10000
Failed run, not saved
On 2081 out of 10000
Failed run, not saved
On 2081 out of 10000
Failed run, not saved
On 2081 out of 10000
Failed run, not saved
On 2081 out of 10000
Failed run, not saved
On 2081 out of 10000
Failed run, not saved
On 2081 out of 10000
Failed run, not saved
On 2081 out of 10000
Failed run, not saved
On 2081 out of 10000
Failed run, not saved
		FAILED TOO MANY TIMES, TRYING ANOTHER ENVIRONMENT
On 2081 out of 10000
On 2082 out of 10000
On 2083 out of 10000
Failed run, not saved
On 2083 out of 10000
Failed run, not saved
On 2083 out of 10000
Failed run, not saved
On 2083 out of 10000
Failed run, not saved
On 2083 out of 10000
Failed run, not saved
On 2083 out of 10000
Failed run, not saved
On 2083 out of 10000
Failed run, not saved
On 2083 out of 10000
Failed run, not saved
On 2083 out of 10000
Failed run, not saved
On 2083 out of 10000
Failed run, not saved
On 2083 out of 10000
Failed run, not saved
		FAILED TOO MANY TIMES, TRYING ANOTHER ENVIRONMENT
On 2083 out of 10000
On 2084 out of 10000
Failed run, not saved
On 2084 out of 10000
Failed run, not saved
On 2084 out of 10000
On 2085 out of 10000
On 2086 out of 10000
On 2087 out of 10000
On 2088 out of 10000
On 2089 out of 10000
Failed run, not saved
On 2089 out of 10000
Failed run, not saved
On 2089 out of 10000
Failed run, not saved
On 2089 out of 10000
Failed run, not saved
On 2089 out of 10000
Failed run, not saved
On 2089 out of 10000
Failed run, not saved
On 2089 out of 10000
Failed run, not saved
On 2089 out of 10000
On 2090 out of 10000
On 2091 out of 10000
On 2092 out of 10000
On 2093 out of 10000
On 2094 out of 10000
On 2095 out of 10000
On 2096 out of 10000
Failed run, not saved
On 2096 out of 10000
On 2097 out of 10000
Failed run, not saved
On 2097 out of 10000
Failed run, not saved
On 2097 out of 10000
Failed run, not saved
On 2097 out of 10000
Failed run, not saved
On 2097 out of 10000
Failed run, not saved
On 2097 out of 10000
Failed run, not saved
On 2097 out of 10000
Failed run, not saved
On 2097 out of 10000
Failed run, not saved
On 2097 out of 10000
Failed run, not saved
On 2097 out of 10000
Failed run, not saved
On 2097 out of 10000
Failed run, not saved
		FAILED TOO MANY TIMES, TRYING ANOTHER ENVIRONMENT
On 2097 out of 10000
On 2098 out of 10000
Failed run, not saved
On 2098 out of 10000
On 2099 out of 10000
Failed run, not saved
On 2099 out of 10000
On 2100 out of 10000
On 2101 out of 10000
On 2102 out of 10000
On 2103 out of 10000
On 2104 out of 10000
On 2105 out of 10000
Failed run, not saved
On 2105 out of 10000
Failed run, not saved
On 2105 out of 10000
Failed run, not saved
On 2105 out of 10000
Failed run, not saved
On 2105 out of 10000
Failed run, not saved
On 2105 out of 10000
Failed run, not saved
On 2105 out of 10000
Failed run, not saved
On 2105 out of 10000
Failed run, not saved
On 2105 out of 10000
Failed run, not saved
On 2105 out of 10000
Failed run, not saved
On 2105 out of 10000
Failed run, not saved
		FAILED TOO MANY TIMES, TRYING ANOTHER ENVIRONMENT
On 2105 out of 10000
Failed run, not saved
		FAILED TOO MANY TIMES, TRYING ANOTHER ENVIRONMENT
On 2105 out of 10000
On 2106 out of 10000
On 2107 out of 10000
On 2108 out of 10000
On 2109 out of 10000
On 2110 out of 10000
On 2111 out of 10000
Failed run, not saved
On 2111 out of 10000
Failed run, not saved
On 2111 out of 10000
Failed run, not saved
On 2111 out of 10000
Failed run, not saved
On 2111 out of 10000
Failed run, not saved
On 2111 out of 10000
On 2112 out of 10000
On 2113 out of 10000
On 2114 out of 10000
On 2115 out of 10000
On 2116 out of 10000
On 2117 out of 10000
Failed run, not saved
On 2117 out of 10000
Failed run, not saved
On 2117 out of 10000
On 2118 out of 10000
Failed run, not saved
On 2118 out of 10000
Failed run, not saved
On 2118 out of 10000
Failed run, not saved
On 2118 out of 10000
Failed run, not saved
On 2118 out of 10000
Failed run, not saved
On 2118 out of 10000
Failed run, not saved
On 2118 out of 10000
Failed run, not saved
On 2118 out of 10000
Failed run, not saved
On 2118 out of 10000
Failed run, not saved
On 2118 out of 10000
Failed run, not saved
On 2118 out of 10000
Failed run, not saved
		FAILED TOO MANY TIMES, TRYING ANOTHER ENVIRONMENT
On 2118 out of 10000
On 2119 out of 10000
On 2120 out of 10000
On 2121 out of 10000
Failed run, not saved
On 2121 out of 10000
On 2122 out of 10000
On 2123 out of 10000
On 2124 out of 10000
On 2125 out of 10000
On 2126 out of 10000
Failed run, not saved
On 2126 out of 10000
On 2127 out of 10000
Failed run, not saved
On 2127 out of 10000
On 2128 out of 10000
On 2129 out of 10000
On 2130 out of 10000
On 2131 out of 10000
On 2132 out of 10000
On 2133 out of 10000
Failed run, not saved
On 2133 out of 10000
Failed run, not saved
On 2133 out of 10000
On 2134 out of 10000
On 2135 out of 10000
On 2136 out of 10000
Failed run, not saved
On 2136 out of 10000
Failed run, not saved
On 2136 out of 10000
Failed run, not saved
On 2136 out of 10000
Failed run, not saved
On 2136 out of 10000
Failed run, not saved
On 2136 out of 10000
Failed run, not saved
On 2136 out of 10000
Failed run, not saved
On 2136 out of 10000
Failed run, not saved
On 2136 out of 10000
Failed run, not saved
On 2136 out of 10000
Failed run, not saved
On 2136 out of 10000
Failed run, not saved
		FAILED TOO MANY TIMES, TRYING ANOTHER ENVIRONMENT
On 2136 out of 10000
On 2137 out of 10000
On 2138 out of 10000
On 2139 out of 10000
On 2140 out of 10000
On 2141 out of 10000
On 2142 out of 10000
On 2143 out of 10000
On 2144 out of 10000
Failed run, not saved
On 2144 out of 10000
Failed run, not saved
On 2144 out of 10000
Failed run, not saved
On 2144 out of 10000
Failed run, not saved
On 2144 out of 10000
Failed run, not saved
On 2144 out of 10000
Failed run, not saved
On 2144 out of 10000
Failed run, not saved
On 2144 out of 10000
Failed run, not saved
On 2144 out of 10000
Failed run, not saved
On 2144 out of 10000
Failed run, not saved
On 2144 out of 10000
Failed run, not saved
		FAILED TOO MANY TIMES, TRYING ANOTHER ENVIRONMENT
On 2144 out of 10000
On 2145 out of 10000
On 2146 out of 10000
On 2147 out of 10000
On 2148 out of 10000
Failed run, not saved
On 2148 out of 10000
Failed run, not saved
On 2148 out of 10000
On 2149 out of 10000
On 2150 out of 10000
On 2151 out of 10000
On 2152 out of 10000
On 2153 out of 10000
On 2154 out of 10000
On 2155 out of 10000
On 2156 out of 10000
On 2157 out of 10000
On 2158 out of 10000
On 2159 out of 10000
On 2160 out of 10000
On 2161 out of 10000
On 2162 out of 10000
On 2163 out of 10000
Failed run, not saved
On 2163 out of 10000
Failed run, not saved
On 2163 out of 10000
Failed run, not saved
On 2163 out of 10000
Failed run, not saved
On 2163 out of 10000
On 2164 out of 10000
Failed run, not saved
On 2164 out of 10000
Failed run, not saved
On 2164 out of 10000
Failed run, not saved
On 2164 out of 10000
Failed run, not saved
On 2164 out of 10000
Failed run, not saved
On 2164 out of 10000
Failed run, not saved
On 2164 out of 10000
Failed run, not saved
On 2164 out of 10000
Failed run, not saved
On 2164 out of 10000
Failed run, not saved
On 2164 out of 10000
Failed run, not saved
On 2164 out of 10000
Failed run, not saved
		FAILED TOO MANY TIMES, TRYING ANOTHER ENVIRONMENT
On 2164 out of 10000
On 2165 out of 10000
On 2166 out of 10000
On 2167 out of 10000
On 2168 out of 10000
On 2169 out of 10000
Failed run, not saved
On 2169 out of 10000
Failed run, not saved
On 2169 out of 10000
On 2170 out of 10000
On 2171 out of 10000
On 2172 out of 10000
On 2173 out of 10000
On 2174 out of 10000
Failed run, not saved
On 2174 out of 10000
Failed run, not saved
On 2174 out of 10000
Failed run, not saved
On 2174 out of 10000
Failed run, not saved
On 2174 out of 10000
Failed run, not saved
On 2174 out of 10000
Failed run, not saved
On 2174 out of 10000
Failed run, not saved
On 2174 out of 10000
Failed run, not saved
On 2174 out of 10000
On 2175 out of 10000
On 2176 out of 10000
On 2177 out of 10000
Failed run, not saved
On 2177 out of 10000
On 2178 out of 10000
Failed run, not saved
On 2178 out of 10000
On 2179 out of 10000
Failed run, not saved
On 2179 out of 10000
Failed run, not saved
On 2179 out of 10000
Failed run, not saved
On 2179 out of 10000
Failed run, not saved
On 2179 out of 10000
Failed run, not saved
On 2179 out of 10000
Failed run, not saved
On 2179 out of 10000
Failed run, not saved
On 2179 out of 10000
Failed run, not saved
On 2179 out of 10000
Failed run, not saved
On 2179 out of 10000
Failed run, not saved
On 2179 out of 10000
Failed run, not saved
		FAILED TOO MANY TIMES, TRYING ANOTHER ENVIRONMENT
On 2179 out of 10000
On 2180 out of 10000
On 2181 out of 10000
Failed run, not saved
On 2181 out of 10000
Failed run, not saved
On 2181 out of 10000
Failed run, not saved
On 2181 out of 10000
Failed run, not saved
On 2181 out of 10000
Failed run, not saved
On 2181 out of 10000
Failed run, not saved
On 2181 out of 10000
On 2182 out of 10000
On 2183 out of 10000
Failed run, not saved
On 2183 out of 10000
Failed run, not saved
On 2183 out of 10000
Failed run, not saved
On 2183 out of 10000
Failed run, not saved
On 2183 out of 10000
On 2184 out of 10000
On 2185 out of 10000
On 2186 out of 10000
On 2187 out of 10000
On 2188 out of 10000
On 2189 out of 10000
Failed run, not saved
On 2189 out of 10000
Failed run, not saved
On 2189 out of 10000
Failed run, not saved
On 2189 out of 10000
On 2190 out of 10000
On 2191 out of 10000
Failed run, not saved
On 2191 out of 10000
Failed run, not saved
On 2191 out of 10000
Failed run, not saved
On 2191 out of 10000
Failed run, not saved
On 2191 out of 10000
Failed run, not saved
On 2191 out of 10000
Failed run, not saved
On 2191 out of 10000
Failed run, not saved
On 2191 out of 10000
Failed run, not saved
On 2191 out of 10000
Failed run, not saved
On 2191 out of 10000
Failed run, not saved
On 2191 out of 10000
Failed run, not saved
		FAILED TOO MANY TIMES, TRYING ANOTHER ENVIRONMENT
On 2191 out of 10000
Failed run, not saved
		FAILED TOO MANY TIMES, TRYING ANOTHER ENVIRONMENT
On 2191 out of 10000
On 2192 out of 10000
On 2193 out of 10000
On 2194 out of 10000
On 2195 out of 10000
Failed run, not saved
On 2195 out of 10000
On 2196 out of 10000
On 2197 out of 10000
Failed run, not saved
On 2197 out of 10000
On 2198 out of 10000
On 2199 out of 10000
Failed run, not saved
On 2199 out of 10000
Failed run, not saved
On 2199 out of 10000
Failed run, not saved
On 2199 out of 10000
On 2200 out of 10000
On 2201 out of 10000
On 2202 out of 10000
On 2203 out of 10000
On 2204 out of 10000
On 2205 out of 10000
On 2206 out of 10000
On 2207 out of 10000
On 2208 out of 10000
On 2209 out of 10000
On 2210 out of 10000
On 2211 out of 10000
On 2212 out of 10000
On 2213 out of 10000
On 2214 out of 10000
On 2215 out of 10000
On 2216 out of 10000
On 2217 out of 10000
On 2218 out of 10000
On 2219 out of 10000
Failed run, not saved
On 2219 out of 10000
On 2220 out of 10000
Failed run, not saved
On 2220 out of 10000
Failed run, not saved
On 2220 out of 10000
Failed run, not saved
On 2220 out of 10000
Failed run, not saved
On 2220 out of 10000
Failed run, not saved
On 2220 out of 10000
Failed run, not saved
On 2220 out of 10000
Failed run, not saved
On 2220 out of 10000
Failed run, not saved
On 2220 out of 10000
Failed run, not saved
On 2220 out of 10000
Failed run, not saved
On 2220 out of 10000
Failed run, not saved
		FAILED TOO MANY TIMES, TRYING ANOTHER ENVIRONMENT
On 2220 out of 10000
Failed run, not saved
		FAILED TOO MANY TIMES, TRYING ANOTHER ENVIRONMENT
On 2220 out of 10000
On 2221 out of 10000
On 2222 out of 10000
On 2223 out of 10000
On 2224 out of 10000
On 2225 out of 10000
On 2226 out of 10000
Failed run, not saved
On 2226 out of 10000
On 2227 out of 10000
Failed run, not saved
On 2227 out of 10000
Failed run, not saved
On 2227 out of 10000
Failed run, not saved
On 2227 out of 10000
Failed run, not saved
On 2227 out of 10000
Failed run, not saved
On 2227 out of 10000
Failed run, not saved
On 2227 out of 10000
Failed run, not saved
On 2227 out of 10000
Failed run, not saved
On 2227 out of 10000
Failed run, not saved
On 2227 out of 10000
Failed run, not saved
On 2227 out of 10000
Failed run, not saved
		FAILED TOO MANY TIMES, TRYING ANOTHER ENVIRONMENT
On 2227 out of 10000
On 2228 out of 10000
Failed run, not saved
On 2228 out of 10000
Failed run, not saved
On 2228 out of 10000
Failed run, not saved
On 2228 out of 10000
Failed run, not saved
On 2228 out of 10000
Failed run, not saved
On 2228 out of 10000
Failed run, not saved
On 2228 out of 10000
Failed run, not saved
On 2228 out of 10000
Failed run, not saved
On 2228 out of 10000
Failed run, not saved
On 2228 out of 10000
Failed run, not saved
On 2228 out of 10000
Failed run, not saved
		FAILED TOO MANY TIMES, TRYING ANOTHER ENVIRONMENT
On 2228 out of 10000
Failed run, not saved
		FAILED TOO MANY TIMES, TRYING ANOTHER ENVIRONMENT
On 2228 out of 10000
On 2229 out of 10000
On 2230 out of 10000
On 2231 out of 10000
On 2232 out of 10000
On 2233 out of 10000
On 2234 out of 10000
On 2235 out of 10000
On 2236 out of 10000
On 2237 out of 10000
On 2238 out of 10000
On 2239 out of 10000
On 2240 out of 10000
On 2241 out of 10000
On 2242 out of 10000
On 2243 out of 10000
On 2244 out of 10000
Failed run, not saved
On 2244 out of 10000
On 2245 out of 10000
On 2246 out of 10000
Failed run, not saved
On 2246 out of 10000
On 2247 out of 10000
Failed run, not saved
On 2247 out of 10000
Failed run, not saved
On 2247 out of 10000
On 2248 out of 10000
On 2249 out of 10000
On 2250 out of 10000
On 2251 out of 10000
On 2252 out of 10000
On 2253 out of 10000
On 2254 out of 10000
On 2255 out of 10000
On 2256 out of 10000
On 2257 out of 10000
On 2258 out of 10000
On 2259 out of 10000
On 2260 out of 10000
On 2261 out of 10000
On 2262 out of 10000
Failed run, not saved
On 2262 out of 10000
On 2263 out of 10000
On 2264 out of 10000
On 2265 out of 10000
On 2266 out of 10000
On 2267 out of 10000
On 2268 out of 10000
Failed run, not saved
On 2268 out of 10000
Failed run, not saved
On 2268 out of 10000
Failed run, not saved
On 2268 out of 10000
On 2269 out of 10000
On 2270 out of 10000
Failed run, not saved
On 2270 out of 10000
Failed run, not saved
On 2270 out of 10000
Failed run, not saved
On 2270 out of 10000
Failed run, not saved
On 2270 out of 10000
Failed run, not saved
On 2270 out of 10000
Failed run, not saved
On 2270 out of 10000
Failed run, not saved
On 2270 out of 10000
On 2271 out of 10000
On 2272 out of 10000
On 2273 out of 10000
On 2274 out of 10000
On 2275 out of 10000
On 2276 out of 10000
Failed run, not saved
On 2276 out of 10000
Failed run, not saved
On 2276 out of 10000
Failed run, not saved
On 2276 out of 10000
Failed run, not saved
On 2276 out of 10000
Failed run, not saved
On 2276 out of 10000
On 2277 out of 10000
On 2278 out of 10000
On 2279 out of 10000
On 2280 out of 10000
Failed run, not saved
On 2280 out of 10000
On 2281 out of 10000
Failed run, not saved
On 2281 out of 10000
On 2282 out of 10000
On 2283 out of 10000
Failed run, not saved
On 2283 out of 10000
On 2284 out of 10000
Failed run, not saved
On 2284 out of 10000
Failed run, not saved
On 2284 out of 10000
On 2285 out of 10000
On 2286 out of 10000
On 2287 out of 10000
On 2288 out of 10000
On 2289 out of 10000
On 2290 out of 10000
On 2291 out of 10000
On 2292 out of 10000
On 2293 out of 10000
On 2294 out of 10000
Failed run, not saved
On 2294 out of 10000
Failed run, not saved
On 2294 out of 10000
Failed run, not saved
On 2294 out of 10000
Failed run, not saved
On 2294 out of 10000
Failed run, not saved
On 2294 out of 10000
Failed run, not saved
On 2294 out of 10000
Failed run, not saved
On 2294 out of 10000
Failed run, not saved
On 2294 out of 10000
Failed run, not saved
On 2294 out of 10000
Failed run, not saved
On 2294 out of 10000
Failed run, not saved
		FAILED TOO MANY TIMES, TRYING ANOTHER ENVIRONMENT
On 2294 out of 10000
On 2295 out of 10000
On 2296 out of 10000
Failed run, not saved
On 2296 out of 10000
Failed run, not saved
On 2296 out of 10000
Failed run, not saved
On 2296 out of 10000
Failed run, not saved
On 2296 out of 10000
Failed run, not saved
On 2296 out of 10000
Failed run, not saved
On 2296 out of 10000
Failed run, not saved
On 2296 out of 10000
Failed run, not saved
On 2296 out of 10000
Failed run, not saved
On 2296 out of 10000
Failed run, not saved
On 2296 out of 10000
Failed run, not saved
		FAILED TOO MANY TIMES, TRYING ANOTHER ENVIRONMENT
On 2296 out of 10000
On 2297 out of 10000
On 2298 out of 10000
On 2299 out of 10000
On 2300 out of 10000
On 2301 out of 10000
On 2302 out of 10000
On 2303 out of 10000
On 2304 out of 10000
Failed run, not saved
On 2304 out of 10000
On 2305 out of 10000
On 2306 out of 10000
On 2307 out of 10000
On 2308 out of 10000
On 2309 out of 10000
Failed run, not saved
On 2309 out of 10000
Failed run, not saved
On 2309 out of 10000
Failed run, not saved
On 2309 out of 10000
On 2310 out of 10000
Failed run, not saved
On 2310 out of 10000
On 2311 out of 10000
Failed run, not saved
On 2311 out of 10000
Failed run, not saved
On 2311 out of 10000
On 2312 out of 10000
Failed run, not saved
On 2312 out of 10000
Failed run, not saved
On 2312 out of 10000
On 2313 out of 10000
On 2314 out of 10000
On 2315 out of 10000
On 2316 out of 10000
On 2317 out of 10000
Failed run, not saved
On 2317 out of 10000
Failed run, not saved
On 2317 out of 10000
On 2318 out of 10000
Failed run, not saved
On 2318 out of 10000
Failed run, not saved
On 2318 out of 10000
Failed run, not saved
On 2318 out of 10000
Failed run, not saved
On 2318 out of 10000
Failed run, not saved
On 2318 out of 10000
Failed run, not saved
On 2318 out of 10000
Failed run, not saved
On 2318 out of 10000
Failed run, not saved
On 2318 out of 10000
Failed run, not saved
On 2318 out of 10000
Failed run, not saved
On 2318 out of 10000
Failed run, not saved
		FAILED TOO MANY TIMES, TRYING ANOTHER ENVIRONMENT
On 2318 out of 10000
On 2319 out of 10000
On 2320 out of 10000
On 2321 out of 10000
On 2322 out of 10000
On 2323 out of 10000
On 2324 out of 10000
Failed run, not saved
On 2324 out of 10000
Failed run, not saved
On 2324 out of 10000
Failed run, not saved
On 2324 out of 10000
Failed run, not saved
On 2324 out of 10000
Failed run, not saved
On 2324 out of 10000
Failed run, not saved
On 2324 out of 10000
Failed run, not saved
On 2324 out of 10000
Failed run, not saved
On 2324 out of 10000
Failed run, not saved
On 2324 out of 10000
Failed run, not saved
On 2324 out of 10000
Failed run, not saved
		FAILED TOO MANY TIMES, TRYING ANOTHER ENVIRONMENT
On 2324 out of 10000
On 2325 out of 10000
On 2326 out of 10000
Failed run, not saved
On 2326 out of 10000
On 2327 out of 10000
On 2328 out of 10000
On 2329 out of 10000
Failed run, not saved
On 2329 out of 10000
Failed run, not saved
On 2329 out of 10000
Failed run, not saved
On 2329 out of 10000
Failed run, not saved
On 2329 out of 10000
Failed run, not saved
On 2329 out of 10000
Failed run, not saved
On 2329 out of 10000
Failed run, not saved
On 2329 out of 10000
Failed run, not saved
On 2329 out of 10000
Failed run, not saved
On 2329 out of 10000
Failed run, not saved
On 2329 out of 10000
Failed run, not saved
		FAILED TOO MANY TIMES, TRYING ANOTHER ENVIRONMENT
On 2329 out of 10000
On 2330 out of 10000
On 2331 out of 10000
On 2332 out of 10000
On 2333 out of 10000
On 2334 out of 10000
On 2335 out of 10000
On 2336 out of 10000
On 2337 out of 10000
Failed run, not saved
On 2337 out of 10000
Failed run, not saved
On 2337 out of 10000
Failed run, not saved
On 2337 out of 10000
Failed run, not saved
On 2337 out of 10000
Failed run, not saved
On 2337 out of 10000
Failed run, not saved
On 2337 out of 10000
Failed run, not saved
On 2337 out of 10000
Failed run, not saved
On 2337 out of 10000
Failed run, not saved
On 2337 out of 10000
Failed run, not saved
On 2337 out of 10000
Failed run, not saved
		FAILED TOO MANY TIMES, TRYING ANOTHER ENVIRONMENT
On 2337 out of 10000
On 2338 out of 10000
On 2339 out of 10000
Failed run, not saved
On 2339 out of 10000
Failed run, not saved
On 2339 out of 10000
On 2340 out of 10000
On 2341 out of 10000
On 2342 out of 10000
On 2343 out of 10000
On 2344 out of 10000
Failed run, not saved
On 2344 out of 10000
Failed run, not saved
On 2344 out of 10000
Failed run, not saved
On 2344 out of 10000
Failed run, not saved
On 2344 out of 10000
Failed run, not saved
On 2344 out of 10000
Failed run, not saved
On 2344 out of 10000
On 2345 out of 10000
On 2346 out of 10000
On 2347 out of 10000
On 2348 out of 10000
On 2349 out of 10000
On 2350 out of 10000
Failed run, not saved
On 2350 out of 10000
Failed run, not saved
On 2350 out of 10000
Failed run, not saved
On 2350 out of 10000
Failed run, not saved
On 2350 out of 10000
Failed run, not saved
On 2350 out of 10000
On 2351 out of 10000
On 2352 out of 10000
Failed run, not saved
On 2352 out of 10000
Failed run, not saved
On 2352 out of 10000
Failed run, not saved
On 2352 out of 10000
Failed run, not saved
On 2352 out of 10000
Failed run, not saved
On 2352 out of 10000
Failed run, not saved
On 2352 out of 10000
Failed run, not saved
On 2352 out of 10000
Failed run, not saved
On 2352 out of 10000
Failed run, not saved
On 2352 out of 10000
Failed run, not saved
On 2352 out of 10000
Failed run, not saved
		FAILED TOO MANY TIMES, TRYING ANOTHER ENVIRONMENT
On 2352 out of 10000
On 2353 out of 10000
On 2354 out of 10000
On 2355 out of 10000
On 2356 out of 10000
On 2357 out of 10000
On 2358 out of 10000
On 2359 out of 10000
On 2360 out of 10000
On 2361 out of 10000
On 2362 out of 10000
On 2363 out of 10000
On 2364 out of 10000
On 2365 out of 10000
On 2366 out of 10000
On 2367 out of 10000
On 2368 out of 10000
On 2369 out of 10000
On 2370 out of 10000
Failed run, not saved
On 2370 out of 10000
Failed run, not saved
On 2370 out of 10000
Failed run, not saved
On 2370 out of 10000
Failed run, not saved
On 2370 out of 10000
Failed run, not saved
On 2370 out of 10000
Failed run, not saved
On 2370 out of 10000
Failed run, not saved
On 2370 out of 10000
Failed run, not saved
On 2370 out of 10000
On 2371 out of 10000
On 2372 out of 10000
On 2373 out of 10000
On 2374 out of 10000
On 2375 out of 10000
On 2376 out of 10000
On 2377 out of 10000
Failed run, not saved
On 2377 out of 10000
Failed run, not saved
On 2377 out of 10000
On 2378 out of 10000
On 2379 out of 10000
Failed run, not saved
On 2379 out of 10000
Failed run, not saved
On 2379 out of 10000
Failed run, not saved
On 2379 out of 10000
Failed run, not saved
On 2379 out of 10000
Failed run, not saved
On 2379 out of 10000
Failed run, not saved
On 2379 out of 10000
Failed run, not saved
On 2379 out of 10000
Failed run, not saved
On 2379 out of 10000
Failed run, not saved
On 2379 out of 10000
Failed run, not saved
On 2379 out of 10000
Failed run, not saved
		FAILED TOO MANY TIMES, TRYING ANOTHER ENVIRONMENT
On 2379 out of 10000
On 2380 out of 10000
On 2381 out of 10000
On 2382 out of 10000
On 2383 out of 10000
Failed run, not saved
On 2383 out of 10000
Failed run, not saved
On 2383 out of 10000
On 2384 out of 10000
On 2385 out of 10000
Failed run, not saved
On 2385 out of 10000
Failed run, not saved
On 2385 out of 10000
Failed run, not saved
On 2385 out of 10000
Failed run, not saved
On 2385 out of 10000
Failed run, not saved
On 2385 out of 10000
Failed run, not saved
On 2385 out of 10000
Failed run, not saved
On 2385 out of 10000
Failed run, not saved
On 2385 out of 10000
Failed run, not saved
On 2385 out of 10000
Failed run, not saved
On 2385 out of 10000
Failed run, not saved
		FAILED TOO MANY TIMES, TRYING ANOTHER ENVIRONMENT
On 2385 out of 10000
On 2386 out of 10000
On 2387 out of 10000
On 2388 out of 10000
On 2389 out of 10000
On 2390 out of 10000
Failed run, not saved
On 2390 out of 10000
On 2391 out of 10000
Failed run, not saved
On 2391 out of 10000
Failed run, not saved
On 2391 out of 10000
On 2392 out of 10000
On 2393 out of 10000
On 2394 out of 10000
Failed run, not saved
On 2394 out of 10000
Failed run, not saved
On 2394 out of 10000
Failed run, not saved
On 2394 out of 10000
Failed run, not saved
On 2394 out of 10000
Failed run, not saved
On 2394 out of 10000
Failed run, not saved
On 2394 out of 10000
Failed run, not saved
On 2394 out of 10000
Failed run, not saved
On 2394 out of 10000
Failed run, not saved
On 2394 out of 10000
Failed run, not saved
On 2394 out of 10000
Failed run, not saved
		FAILED TOO MANY TIMES, TRYING ANOTHER ENVIRONMENT
On 2394 out of 10000
On 2395 out of 10000
Failed run, not saved
On 2395 out of 10000
On 2396 out of 10000
Failed run, not saved
On 2396 out of 10000
On 2397 out of 10000
On 2398 out of 10000
Failed run, not saved
On 2398 out of 10000
On 2399 out of 10000
On 2400 out of 10000
On 2401 out of 10000
On 2402 out of 10000
Failed run, not saved
On 2402 out of 10000
Failed run, not saved
On 2402 out of 10000
Failed run, not saved
On 2402 out of 10000
On 2403 out of 10000
On 2404 out of 10000
On 2405 out of 10000
On 2406 out of 10000
On 2407 out of 10000
Failed run, not saved
On 2407 out of 10000
Failed run, not saved
On 2407 out of 10000
Failed run, not saved
On 2407 out of 10000
Failed run, not saved
On 2407 out of 10000
Failed run, not saved
On 2407 out of 10000
Failed run, not saved
On 2407 out of 10000
Failed run, not saved
On 2407 out of 10000
Failed run, not saved
On 2407 out of 10000
Failed run, not saved
On 2407 out of 10000
Failed run, not saved
On 2407 out of 10000
Failed run, not saved
		FAILED TOO MANY TIMES, TRYING ANOTHER ENVIRONMENT
On 2407 out of 10000
On 2408 out of 10000
Failed run, not saved
On 2408 out of 10000
On 2409 out of 10000
On 2410 out of 10000
On 2411 out of 10000
Failed run, not saved
On 2411 out of 10000
Failed run, not saved
On 2411 out of 10000
Failed run, not saved
On 2411 out of 10000
On 2412 out of 10000
Failed run, not saved
On 2412 out of 10000
Failed run, not saved
On 2412 out of 10000
Failed run, not saved
On 2412 out of 10000
Failed run, not saved
On 2412 out of 10000
Failed run, not saved
On 2412 out of 10000
Failed run, not saved
On 2412 out of 10000
Failed run, not saved
On 2412 out of 10000
Failed run, not saved
On 2412 out of 10000
Failed run, not saved
On 2412 out of 10000
Failed run, not saved
On 2412 out of 10000
Failed run, not saved
		FAILED TOO MANY TIMES, TRYING ANOTHER ENVIRONMENT
On 2412 out of 10000
On 2413 out of 10000
Failed run, not saved
On 2413 out of 10000
On 2414 out of 10000
Failed run, not saved
On 2414 out of 10000
On 2415 out of 10000
On 2416 out of 10000
On 2417 out of 10000
On 2418 out of 10000
Failed run, not saved
On 2418 out of 10000
On 2419 out of 10000
On 2420 out of 10000
On 2421 out of 10000
On 2422 out of 10000
On 2423 out of 10000
On 2424 out of 10000
Failed run, not saved
On 2424 out of 10000
Failed run, not saved
On 2424 out of 10000
Failed run, not saved
On 2424 out of 10000
Failed run, not saved
On 2424 out of 10000
Failed run, not saved
On 2424 out of 10000
Failed run, not saved
On 2424 out of 10000
Failed run, not saved
On 2424 out of 10000
On 2425 out of 10000
On 2426 out of 10000
On 2427 out of 10000
On 2428 out of 10000
On 2429 out of 10000
Failed run, not saved
On 2429 out of 10000
On 2430 out of 10000
On 2431 out of 10000
On 2432 out of 10000
On 2433 out of 10000
On 2434 out of 10000
On 2435 out of 10000
Failed run, not saved
On 2435 out of 10000
On 2436 out of 10000
On 2437 out of 10000
Failed run, not saved
On 2437 out of 10000
Failed run, not saved
On 2437 out of 10000
Failed run, not saved
On 2437 out of 10000
Failed run, not saved
On 2437 out of 10000
On 2438 out of 10000
On 2439 out of 10000
On 2440 out of 10000
On 2441 out of 10000
On 2442 out of 10000
Failed run, not saved
On 2442 out of 10000
Failed run, not saved
On 2442 out of 10000
Failed run, not saved
On 2442 out of 10000
On 2443 out of 10000
On 2444 out of 10000
On 2445 out of 10000
On 2446 out of 10000
On 2447 out of 10000
Failed run, not saved
On 2447 out of 10000
On 2448 out of 10000
On 2449 out of 10000
On 2450 out of 10000
Failed run, not saved
On 2450 out of 10000
On 2451 out of 10000
On 2452 out of 10000
On 2453 out of 10000
On 2454 out of 10000
On 2455 out of 10000
Failed run, not saved
On 2455 out of 10000
Failed run, not saved
On 2455 out of 10000
Failed run, not saved
On 2455 out of 10000
Failed run, not saved
On 2455 out of 10000
Failed run, not saved
On 2455 out of 10000
Failed run, not saved
On 2455 out of 10000
On 2456 out of 10000
On 2457 out of 10000
On 2458 out of 10000
Failed run, not saved
On 2458 out of 10000
Failed run, not saved
On 2458 out of 10000
On 2459 out of 10000
On 2460 out of 10000
On 2461 out of 10000
Failed run, not saved
On 2461 out of 10000
Failed run, not saved
On 2461 out of 10000
Failed run, not saved
On 2461 out of 10000
Failed run, not saved
On 2461 out of 10000
Failed run, not saved
On 2461 out of 10000
On 2462 out of 10000
On 2463 out of 10000
On 2464 out of 10000
On 2465 out of 10000
Failed run, not saved
On 2465 out of 10000
On 2466 out of 10000
On 2467 out of 10000
On 2468 out of 10000
On 2469 out of 10000
On 2470 out of 10000
On 2471 out of 10000
On 2472 out of 10000
Failed run, not saved
On 2472 out of 10000
Failed run, not saved
On 2472 out of 10000
On 2473 out of 10000
On 2474 out of 10000
On 2475 out of 10000
On 2476 out of 10000
On 2477 out of 10000
Failed run, not saved
On 2477 out of 10000
Failed run, not saved
On 2477 out of 10000
Failed run, not saved
On 2477 out of 10000
Failed run, not saved
On 2477 out of 10000
Failed run, not saved
On 2477 out of 10000
Failed run, not saved
On 2477 out of 10000
Failed run, not saved
On 2477 out of 10000
Failed run, not saved
On 2477 out of 10000
Failed run, not saved
On 2477 out of 10000
Failed run, not saved
On 2477 out of 10000
Failed run, not saved
		FAILED TOO MANY TIMES, TRYING ANOTHER ENVIRONMENT
On 2477 out of 10000
Failed run, not saved
		FAILED TOO MANY TIMES, TRYING ANOTHER ENVIRONMENT
On 2477 out of 10000
Failed run, not saved
		FAILED TOO MANY TIMES, TRYING ANOTHER ENVIRONMENT
On 2477 out of 10000
Failed run, not saved
		FAILED TOO MANY TIMES, TRYING ANOTHER ENVIRONMENT
On 2477 out of 10000
On 2478 out of 10000
Failed run, not saved
On 2478 out of 10000
Failed run, not saved
On 2478 out of 10000
Failed run, not saved
On 2478 out of 10000
Failed run, not saved
On 2478 out of 10000
Failed run, not saved
On 2478 out of 10000
Failed run, not saved
On 2478 out of 10000
Failed run, not saved
On 2478 out of 10000
Failed run, not saved
On 2478 out of 10000
Failed run, not saved
On 2478 out of 10000
Failed run, not saved
On 2478 out of 10000
Failed run, not saved
		FAILED TOO MANY TIMES, TRYING ANOTHER ENVIRONMENT
On 2478 out of 10000
On 2479 out of 10000
On 2480 out of 10000
On 2481 out of 10000
On 2482 out of 10000
On 2483 out of 10000
On 2484 out of 10000
On 2485 out of 10000
On 2486 out of 10000
Failed run, not saved
On 2486 out of 10000
On 2487 out of 10000
On 2488 out of 10000
On 2489 out of 10000
On 2490 out of 10000
Failed run, not saved
On 2490 out of 10000
On 2491 out of 10000
On 2492 out of 10000
On 2493 out of 10000
On 2494 out of 10000
On 2495 out of 10000
Failed run, not saved
On 2495 out of 10000
Failed run, not saved
On 2495 out of 10000
Failed run, not saved
On 2495 out of 10000
Failed run, not saved
On 2495 out of 10000
On 2496 out of 10000
On 2497 out of 10000
On 2498 out of 10000
On 2499 out of 10000
On 2500 out of 10000
On 2501 out of 10000
On 2502 out of 10000
On 2503 out of 10000
Failed run, not saved
On 2503 out of 10000
Failed run, not saved
On 2503 out of 10000
Failed run, not saved
On 2503 out of 10000
On 2504 out of 10000
On 2505 out of 10000
Failed run, not saved
On 2505 out of 10000
Failed run, not saved
On 2505 out of 10000
Failed run, not saved
On 2505 out of 10000
Failed run, not saved
On 2505 out of 10000
Failed run, not saved
On 2505 out of 10000
Failed run, not saved
On 2505 out of 10000
Failed run, not saved
On 2505 out of 10000
Failed run, not saved
On 2505 out of 10000
Failed run, not saved
On 2505 out of 10000
Failed run, not saved
On 2505 out of 10000
Failed run, not saved
		FAILED TOO MANY TIMES, TRYING ANOTHER ENVIRONMENT
On 2505 out of 10000
Failed run, not saved
		FAILED TOO MANY TIMES, TRYING ANOTHER ENVIRONMENT
On 2505 out of 10000
On 2506 out of 10000
On 2507 out of 10000
On 2508 out of 10000
On 2509 out of 10000
On 2510 out of 10000
On 2511 out of 10000
On 2512 out of 10000
On 2513 out of 10000
On 2514 out of 10000
On 2515 out of 10000
On 2516 out of 10000
On 2517 out of 10000
On 2518 out of 10000
On 2519 out of 10000
On 2520 out of 10000
On 2521 out of 10000
On 2522 out of 10000
On 2523 out of 10000
On 2524 out of 10000
On 2525 out of 10000
On 2526 out of 10000
On 2527 out of 10000
On 2528 out of 10000
On 2529 out of 10000
On 2530 out of 10000
On 2531 out of 10000
On 2532 out of 10000
On 2533 out of 10000
On 2534 out of 10000
On 2535 out of 10000
On 2536 out of 10000
On 2537 out of 10000
On 2538 out of 10000
Failed run, not saved
On 2538 out of 10000
On 2539 out of 10000
On 2540 out of 10000
On 2541 out of 10000
Failed run, not saved
On 2541 out of 10000
Failed run, not saved
On 2541 out of 10000
Failed run, not saved
On 2541 out of 10000
On 2542 out of 10000
On 2543 out of 10000
On 2544 out of 10000
On 2545 out of 10000
On 2546 out of 10000
On 2547 out of 10000
On 2548 out of 10000
On 2549 out of 10000
On 2550 out of 10000
On 2551 out of 10000
Failed run, not saved
On 2551 out of 10000
On 2552 out of 10000
On 2553 out of 10000
Failed run, not saved
On 2553 out of 10000
On 2554 out of 10000
Failed run, not saved
On 2554 out of 10000
Failed run, not saved
On 2554 out of 10000
On 2555 out of 10000
Failed run, not saved
On 2555 out of 10000
Failed run, not saved
On 2555 out of 10000
Failed run, not saved
On 2555 out of 10000
Failed run, not saved
On 2555 out of 10000
Failed run, not saved
On 2555 out of 10000
Failed run, not saved
On 2555 out of 10000
Failed run, not saved
On 2555 out of 10000
Failed run, not saved
On 2555 out of 10000
Failed run, not saved
On 2555 out of 10000
Failed run, not saved
On 2555 out of 10000
On 2556 out of 10000
On 2557 out of 10000
Failed run, not saved
On 2557 out of 10000
Failed run, not saved
On 2557 out of 10000
Failed run, not saved
On 2557 out of 10000
Failed run, not saved
On 2557 out of 10000
Failed run, not saved
On 2557 out of 10000
Failed run, not saved
On 2557 out of 10000
Failed run, not saved
On 2557 out of 10000
Failed run, not saved
On 2557 out of 10000
Failed run, not saved
On 2557 out of 10000
Failed run, not saved
On 2557 out of 10000
Failed run, not saved
		FAILED TOO MANY TIMES, TRYING ANOTHER ENVIRONMENT
On 2557 out of 10000
Failed run, not saved
		FAILED TOO MANY TIMES, TRYING ANOTHER ENVIRONMENT
On 2557 out of 10000
Failed run, not saved
		FAILED TOO MANY TIMES, TRYING ANOTHER ENVIRONMENT
On 2557 out of 10000
On 2558 out of 10000
On 2559 out of 10000
On 2560 out of 10000
On 2561 out of 10000
On 2562 out of 10000
On 2563 out of 10000
On 2564 out of 10000
On 2565 out of 10000
On 2566 out of 10000
On 2567 out of 10000
On 2568 out of 10000
Failed run, not saved
On 2568 out of 10000
Failed run, not saved
On 2568 out of 10000
Failed run, not saved
On 2568 out of 10000
Failed run, not saved
On 2568 out of 10000
Failed run, not saved
On 2568 out of 10000
On 2569 out of 10000
On 2570 out of 10000
On 2571 out of 10000
On 2572 out of 10000
On 2573 out of 10000
Failed run, not saved
On 2573 out of 10000
Failed run, not saved
On 2573 out of 10000
Failed run, not saved
On 2573 out of 10000
Failed run, not saved
On 2573 out of 10000
Failed run, not saved
On 2573 out of 10000
On 2574 out of 10000
On 2575 out of 10000
On 2576 out of 10000
On 2577 out of 10000
On 2578 out of 10000
On 2579 out of 10000
On 2580 out of 10000
On 2581 out of 10000
On 2582 out of 10000
On 2583 out of 10000
Failed run, not saved
On 2583 out of 10000
Failed run, not saved
On 2583 out of 10000
Failed run, not saved
On 2583 out of 10000
Failed run, not saved
On 2583 out of 10000
Failed run, not saved
On 2583 out of 10000
Failed run, not saved
On 2583 out of 10000
On 2584 out of 10000
Failed run, not saved
On 2584 out of 10000
Failed run, not saved
On 2584 out of 10000
Failed run, not saved
On 2584 out of 10000
Failed run, not saved
On 2584 out of 10000
Failed run, not saved
On 2584 out of 10000
Failed run, not saved
On 2584 out of 10000
Failed run, not saved
On 2584 out of 10000
Failed run, not saved
On 2584 out of 10000
Failed run, not saved
On 2584 out of 10000
Failed run, not saved
On 2584 out of 10000
Failed run, not saved
		FAILED TOO MANY TIMES, TRYING ANOTHER ENVIRONMENT
On 2584 out of 10000
On 2585 out of 10000
Failed run, not saved
On 2585 out of 10000
Failed run, not saved
On 2585 out of 10000
Failed run, not saved
On 2585 out of 10000
Failed run, not saved
On 2585 out of 10000
Failed run, not saved
On 2585 out of 10000
Failed run, not saved
On 2585 out of 10000
On 2586 out of 10000
Failed run, not saved
On 2586 out of 10000
Failed run, not saved
On 2586 out of 10000
Failed run, not saved
On 2586 out of 10000
On 2587 out of 10000
On 2588 out of 10000
On 2589 out of 10000
On 2590 out of 10000
On 2591 out of 10000
Failed run, not saved
On 2591 out of 10000
Failed run, not saved
On 2591 out of 10000
On 2592 out of 10000
Failed run, not saved
On 2592 out of 10000
On 2593 out of 10000
On 2594 out of 10000
Failed run, not saved
On 2594 out of 10000
Failed run, not saved
On 2594 out of 10000
On 2595 out of 10000
On 2596 out of 10000
On 2597 out of 10000
On 2598 out of 10000
On 2599 out of 10000
On 2600 out of 10000
On 2601 out of 10000
Failed run, not saved
On 2601 out of 10000
Failed run, not saved
On 2601 out of 10000
Failed run, not saved
On 2601 out of 10000
Failed run, not saved
On 2601 out of 10000
Failed run, not saved
On 2601 out of 10000
On 2602 out of 10000
On 2603 out of 10000
On 2604 out of 10000
On 2605 out of 10000
Failed run, not saved
On 2605 out of 10000
On 2606 out of 10000
On 2607 out of 10000
On 2608 out of 10000
On 2609 out of 10000
On 2610 out of 10000
Failed run, not saved
On 2610 out of 10000
Failed run, not saved
On 2610 out of 10000
Failed run, not saved
On 2610 out of 10000
Failed run, not saved
On 2610 out of 10000
On 2611 out of 10000
Failed run, not saved
On 2611 out of 10000
On 2612 out of 10000
Failed run, not saved
On 2612 out of 10000
On 2613 out of 10000
Failed run, not saved
On 2613 out of 10000
On 2614 out of 10000
Failed run, not saved
On 2614 out of 10000
Failed run, not saved
On 2614 out of 10000
Failed run, not saved
On 2614 out of 10000
Failed run, not saved
On 2614 out of 10000
Failed run, not saved
On 2614 out of 10000
Failed run, not saved
On 2614 out of 10000
Failed run, not saved
On 2614 out of 10000
Failed run, not saved
On 2614 out of 10000
Failed run, not saved
On 2614 out of 10000
Failed run, not saved
On 2614 out of 10000
Failed run, not saved
		FAILED TOO MANY TIMES, TRYING ANOTHER ENVIRONMENT
On 2614 out of 10000
Failed run, not saved
		FAILED TOO MANY TIMES, TRYING ANOTHER ENVIRONMENT
On 2614 out of 10000
On 2615 out of 10000
On 2616 out of 10000
Failed run, not saved
On 2616 out of 10000
Failed run, not saved
On 2616 out of 10000
Failed run, not saved
On 2616 out of 10000
Failed run, not saved
On 2616 out of 10000
Failed run, not saved
On 2616 out of 10000
Failed run, not saved
On 2616 out of 10000
Failed run, not saved
On 2616 out of 10000
Failed run, not saved
On 2616 out of 10000
Failed run, not saved
On 2616 out of 10000
Failed run, not saved
On 2616 out of 10000
Failed run, not saved
		FAILED TOO MANY TIMES, TRYING ANOTHER ENVIRONMENT
On 2616 out of 10000
Failed run, not saved
		FAILED TOO MANY TIMES, TRYING ANOTHER ENVIRONMENT
On 2616 out of 10000
On 2617 out of 10000
On 2618 out of 10000
On 2619 out of 10000
On 2620 out of 10000
On 2621 out of 10000
Failed run, not saved
On 2621 out of 10000
On 2622 out of 10000
Failed run, not saved
On 2622 out of 10000
Failed run, not saved
On 2622 out of 10000
On 2623 out of 10000
On 2624 out of 10000
On 2625 out of 10000
On 2626 out of 10000
On 2627 out of 10000
On 2628 out of 10000
On 2629 out of 10000
Failed run, not saved
On 2629 out of 10000
Failed run, not saved
On 2629 out of 10000
Failed run, not saved
On 2629 out of 10000
Failed run, not saved
On 2629 out of 10000
On 2630 out of 10000
On 2631 out of 10000
On 2632 out of 10000
On 2633 out of 10000
On 2634 out of 10000
Failed run, not saved
On 2634 out of 10000
Failed run, not saved
On 2634 out of 10000
Failed run, not saved
On 2634 out of 10000
Failed run, not saved
On 2634 out of 10000
Failed run, not saved
On 2634 out of 10000
On 2635 out of 10000
On 2636 out of 10000
Failed run, not saved
On 2636 out of 10000
Failed run, not saved
On 2636 out of 10000
Failed run, not saved
On 2636 out of 10000
Failed run, not saved
On 2636 out of 10000
Failed run, not saved
On 2636 out of 10000
On 2637 out of 10000
On 2638 out of 10000
On 2639 out of 10000
On 2640 out of 10000
On 2641 out of 10000
On 2642 out of 10000
On 2643 out of 10000
On 2644 out of 10000
Failed run, not saved
On 2644 out of 10000
Failed run, not saved
On 2644 out of 10000
Failed run, not saved
On 2644 out of 10000
Failed run, not saved
On 2644 out of 10000
On 2645 out of 10000
On 2646 out of 10000
On 2647 out of 10000
Failed run, not saved
On 2647 out of 10000
On 2648 out of 10000
On 2649 out of 10000
On 2650 out of 10000
Failed run, not saved
On 2650 out of 10000
On 2651 out of 10000
Failed run, not saved
On 2651 out of 10000
Failed run, not saved
On 2651 out of 10000
Failed run, not saved
On 2651 out of 10000
Failed run, not saved
On 2651 out of 10000
Failed run, not saved
On 2651 out of 10000
On 2652 out of 10000
Failed run, not saved
On 2652 out of 10000
On 2653 out of 10000
On 2654 out of 10000
On 2655 out of 10000
On 2656 out of 10000
On 2657 out of 10000
On 2658 out of 10000
On 2659 out of 10000
On 2660 out of 10000
On 2661 out of 10000
On 2662 out of 10000
On 2663 out of 10000
On 2664 out of 10000
On 2665 out of 10000
Failed run, not saved
On 2665 out of 10000
Failed run, not saved
On 2665 out of 10000
Failed run, not saved
On 2665 out of 10000
Failed run, not saved
On 2665 out of 10000
Failed run, not saved
On 2665 out of 10000
On 2666 out of 10000
On 2667 out of 10000
On 2668 out of 10000
On 2669 out of 10000
On 2670 out of 10000
On 2671 out of 10000
On 2672 out of 10000
Failed run, not saved
On 2672 out of 10000
On 2673 out of 10000
On 2674 out of 10000
On 2675 out of 10000
Failed run, not saved
On 2675 out of 10000
Failed run, not saved
On 2675 out of 10000
On 2676 out of 10000
On 2677 out of 10000
On 2678 out of 10000
On 2679 out of 10000
Failed run, not saved
On 2679 out of 10000
Failed run, not saved
On 2679 out of 10000
Failed run, not saved
On 2679 out of 10000
Failed run, not saved
On 2679 out of 10000
Failed run, not saved
On 2679 out of 10000
Failed run, not saved
On 2679 out of 10000
Failed run, not saved
On 2679 out of 10000
Failed run, not saved
On 2679 out of 10000
Failed run, not saved
On 2679 out of 10000
Failed run, not saved
On 2679 out of 10000
Failed run, not saved
		FAILED TOO MANY TIMES, TRYING ANOTHER ENVIRONMENT
On 2679 out of 10000
On 2680 out of 10000
On 2681 out of 10000
On 2682 out of 10000
On 2683 out of 10000
Failed run, not saved
On 2683 out of 10000
On 2684 out of 10000
On 2685 out of 10000
Failed run, not saved
On 2685 out of 10000
Failed run, not saved
On 2685 out of 10000
Failed run, not saved
On 2685 out of 10000
On 2686 out of 10000
On 2687 out of 10000
On 2688 out of 10000
On 2689 out of 10000
On 2690 out of 10000
Failed run, not saved
On 2690 out of 10000
Failed run, not saved
On 2690 out of 10000
Failed run, not saved
On 2690 out of 10000
Failed run, not saved
On 2690 out of 10000
Failed run, not saved
On 2690 out of 10000
Failed run, not saved
On 2690 out of 10000
Failed run, not saved
On 2690 out of 10000
Failed run, not saved
On 2690 out of 10000
Failed run, not saved
On 2690 out of 10000
Failed run, not saved
On 2690 out of 10000
Failed run, not saved
		FAILED TOO MANY TIMES, TRYING ANOTHER ENVIRONMENT
On 2690 out of 10000
On 2691 out of 10000
On 2692 out of 10000
On 2693 out of 10000
On 2694 out of 10000
On 2695 out of 10000
On 2696 out of 10000
Failed run, not saved
On 2696 out of 10000
On 2697 out of 10000
On 2698 out of 10000
On 2699 out of 10000
On 2700 out of 10000
On 2701 out of 10000
Failed run, not saved
On 2701 out of 10000
On 2702 out of 10000
On 2703 out of 10000
On 2704 out of 10000
On 2705 out of 10000
On 2706 out of 10000
On 2707 out of 10000
On 2708 out of 10000
On 2709 out of 10000
Failed run, not saved
On 2709 out of 10000
Failed run, not saved
On 2709 out of 10000
Failed run, not saved
On 2709 out of 10000
Failed run, not saved
On 2709 out of 10000
Failed run, not saved
On 2709 out of 10000
Failed run, not saved
On 2709 out of 10000
Failed run, not saved
On 2709 out of 10000
Failed run, not saved
On 2709 out of 10000
Failed run, not saved
On 2709 out of 10000
Failed run, not saved
On 2709 out of 10000
Failed run, not saved
		FAILED TOO MANY TIMES, TRYING ANOTHER ENVIRONMENT
On 2709 out of 10000
On 2710 out of 10000
On 2711 out of 10000
On 2712 out of 10000
On 2713 out of 10000
On 2714 out of 10000
On 2715 out of 10000
On 2716 out of 10000
Failed run, not saved
On 2716 out of 10000
Failed run, not saved
On 2716 out of 10000
On 2717 out of 10000
On 2718 out of 10000
On 2719 out of 10000
Failed run, not saved
On 2719 out of 10000
Failed run, not saved
On 2719 out of 10000
Failed run, not saved
On 2719 out of 10000
Failed run, not saved
On 2719 out of 10000
Failed run, not saved
On 2719 out of 10000
Failed run, not saved
On 2719 out of 10000
Failed run, not saved
On 2719 out of 10000
Failed run, not saved
On 2719 out of 10000
Failed run, not saved
On 2719 out of 10000
Failed run, not saved
On 2719 out of 10000
On 2720 out of 10000
On 2721 out of 10000
Failed run, not saved
On 2721 out of 10000
On 2722 out of 10000
Failed run, not saved
On 2722 out of 10000
On 2723 out of 10000
On 2724 out of 10000
On 2725 out of 10000
On 2726 out of 10000
On 2727 out of 10000
On 2728 out of 10000
On 2729 out of 10000
On 2730 out of 10000
On 2731 out of 10000
On 2732 out of 10000
On 2733 out of 10000
On 2734 out of 10000
On 2735 out of 10000
On 2736 out of 10000
On 2737 out of 10000
On 2738 out of 10000
On 2739 out of 10000
On 2740 out of 10000
On 2741 out of 10000
Failed run, not saved
On 2741 out of 10000
On 2742 out of 10000
On 2743 out of 10000
On 2744 out of 10000
On 2745 out of 10000
Failed run, not saved
On 2745 out of 10000
Failed run, not saved
On 2745 out of 10000
Failed run, not saved
On 2745 out of 10000
Failed run, not saved
On 2745 out of 10000
Failed run, not saved
On 2745 out of 10000
Failed run, not saved
On 2745 out of 10000
Failed run, not saved
On 2745 out of 10000
Failed run, not saved
On 2745 out of 10000
Failed run, not saved
On 2745 out of 10000
Failed run, not saved
On 2745 out of 10000
Failed run, not saved
		FAILED TOO MANY TIMES, TRYING ANOTHER ENVIRONMENT
On 2745 out of 10000
On 2746 out of 10000
On 2747 out of 10000
Failed run, not saved
On 2747 out of 10000
Failed run, not saved
On 2747 out of 10000
Failed run, not saved
On 2747 out of 10000
Failed run, not saved
On 2747 out of 10000
Failed run, not saved
On 2747 out of 10000
Failed run, not saved
On 2747 out of 10000
Failed run, not saved
On 2747 out of 10000
Failed run, not saved
On 2747 out of 10000
Failed run, not saved
On 2747 out of 10000
Failed run, not saved
On 2747 out of 10000
Failed run, not saved
		FAILED TOO MANY TIMES, TRYING ANOTHER ENVIRONMENT
On 2747 out of 10000
On 2748 out of 10000
On 2749 out of 10000
On 2750 out of 10000
On 2751 out of 10000
On 2752 out of 10000
On 2753 out of 10000
Failed run, not saved
On 2753 out of 10000
On 2754 out of 10000
On 2755 out of 10000
On 2756 out of 10000
On 2757 out of 10000
On 2758 out of 10000
On 2759 out of 10000
On 2760 out of 10000
On 2761 out of 10000
On 2762 out of 10000
On 2763 out of 10000
Failed run, not saved
On 2763 out of 10000
Failed run, not saved
On 2763 out of 10000
Failed run, not saved
On 2763 out of 10000
On 2764 out of 10000
On 2765 out of 10000
On 2766 out of 10000
On 2767 out of 10000
Failed run, not saved
On 2767 out of 10000
On 2768 out of 10000
On 2769 out of 10000
On 2770 out of 10000
On 2771 out of 10000
On 2772 out of 10000
On 2773 out of 10000
On 2774 out of 10000
On 2775 out of 10000
On 2776 out of 10000
Failed run, not saved
On 2776 out of 10000
Failed run, not saved
On 2776 out of 10000
Failed run, not saved
On 2776 out of 10000
On 2777 out of 10000
On 2778 out of 10000
On 2779 out of 10000
On 2780 out of 10000
On 2781 out of 10000
On 2782 out of 10000
On 2783 out of 10000
On 2784 out of 10000
On 2785 out of 10000
On 2786 out of 10000
On 2787 out of 10000
On 2788 out of 10000
On 2789 out of 10000
On 2790 out of 10000
Failed run, not saved
On 2790 out of 10000
On 2791 out of 10000
Failed run, not saved
On 2791 out of 10000
Failed run, not saved
On 2791 out of 10000
Failed run, not saved
On 2791 out of 10000
Failed run, not saved
On 2791 out of 10000
Failed run, not saved
On 2791 out of 10000
Failed run, not saved
On 2791 out of 10000
Failed run, not saved
On 2791 out of 10000
Failed run, not saved
On 2791 out of 10000
Failed run, not saved
On 2791 out of 10000
Failed run, not saved
On 2791 out of 10000
Failed run, not saved
		FAILED TOO MANY TIMES, TRYING ANOTHER ENVIRONMENT
On 2791 out of 10000
On 2792 out of 10000
On 2793 out of 10000
On 2794 out of 10000
On 2795 out of 10000
On 2796 out of 10000
On 2797 out of 10000
Failed run, not saved
On 2797 out of 10000
Failed run, not saved
On 2797 out of 10000
Failed run, not saved
On 2797 out of 10000
Failed run, not saved
On 2797 out of 10000
Failed run, not saved
On 2797 out of 10000
On 2798 out of 10000
On 2799 out of 10000
On 2800 out of 10000
On 2801 out of 10000
On 2802 out of 10000
Failed run, not saved
On 2802 out of 10000
Failed run, not saved
On 2802 out of 10000
Failed run, not saved
On 2802 out of 10000
Failed run, not saved
On 2802 out of 10000
Failed run, not saved
On 2802 out of 10000
On 2803 out of 10000
On 2804 out of 10000
On 2805 out of 10000
On 2806 out of 10000
Failed run, not saved
On 2806 out of 10000
Failed run, not saved
On 2806 out of 10000
Failed run, not saved
On 2806 out of 10000
Failed run, not saved
On 2806 out of 10000
Failed run, not saved
On 2806 out of 10000
Failed run, not saved
On 2806 out of 10000
Failed run, not saved
On 2806 out of 10000
Failed run, not saved
On 2806 out of 10000
Failed run, not saved
On 2806 out of 10000
Failed run, not saved
On 2806 out of 10000
Failed run, not saved
		FAILED TOO MANY TIMES, TRYING ANOTHER ENVIRONMENT
On 2806 out of 10000
On 2807 out of 10000
Failed run, not saved
On 2807 out of 10000
Failed run, not saved
On 2807 out of 10000
Failed run, not saved
On 2807 out of 10000
Failed run, not saved
On 2807 out of 10000
Failed run, not saved
On 2807 out of 10000
Failed run, not saved
On 2807 out of 10000
On 2808 out of 10000
On 2809 out of 10000
On 2810 out of 10000
Failed run, not saved
On 2810 out of 10000
Failed run, not saved
On 2810 out of 10000
Failed run, not saved
On 2810 out of 10000
Failed run, not saved
On 2810 out of 10000
Failed run, not saved
On 2810 out of 10000
Failed run, not saved
On 2810 out of 10000
Failed run, not saved
On 2810 out of 10000
Failed run, not saved
On 2810 out of 10000
Failed run, not saved
On 2810 out of 10000
Failed run, not saved
On 2810 out of 10000
Failed run, not saved
		FAILED TOO MANY TIMES, TRYING ANOTHER ENVIRONMENT
On 2810 out of 10000
On 2811 out of 10000
On 2812 out of 10000
On 2813 out of 10000
On 2814 out of 10000
On 2815 out of 10000
On 2816 out of 10000
Failed run, not saved
On 2816 out of 10000
Failed run, not saved
On 2816 out of 10000
Failed run, not saved
On 2816 out of 10000
On 2817 out of 10000
Failed run, not saved
On 2817 out of 10000
Failed run, not saved
On 2817 out of 10000
On 2818 out of 10000
Failed run, not saved
On 2818 out of 10000
Failed run, not saved
On 2818 out of 10000
Failed run, not saved
On 2818 out of 10000
Failed run, not saved
On 2818 out of 10000
Failed run, not saved
On 2818 out of 10000
Failed run, not saved
On 2818 out of 10000
Failed run, not saved
On 2818 out of 10000
Failed run, not saved
On 2818 out of 10000
Failed run, not saved
On 2818 out of 10000
Failed run, not saved
On 2818 out of 10000
Failed run, not saved
		FAILED TOO MANY TIMES, TRYING ANOTHER ENVIRONMENT
On 2818 out of 10000
On 2819 out of 10000
On 2820 out of 10000
Failed run, not saved
On 2820 out of 10000
On 2821 out of 10000
On 2822 out of 10000
Failed run, not saved
On 2822 out of 10000
On 2823 out of 10000
On 2824 out of 10000
On 2825 out of 10000
On 2826 out of 10000
On 2827 out of 10000
Failed run, not saved
On 2827 out of 10000
Failed run, not saved
On 2827 out of 10000
On 2828 out of 10000
Failed run, not saved
On 2828 out of 10000
On 2829 out of 10000
Failed run, not saved
On 2829 out of 10000
Failed run, not saved
On 2829 out of 10000
Failed run, not saved
On 2829 out of 10000
Failed run, not saved
On 2829 out of 10000
Failed run, not saved
On 2829 out of 10000
Failed run, not saved
On 2829 out of 10000
Failed run, not saved
On 2829 out of 10000
Failed run, not saved
On 2829 out of 10000
Failed run, not saved
On 2829 out of 10000
On 2830 out of 10000
On 2831 out of 10000
On 2832 out of 10000
On 2833 out of 10000
On 2834 out of 10000
On 2835 out of 10000
On 2836 out of 10000
On 2837 out of 10000
On 2838 out of 10000
On 2839 out of 10000
Failed run, not saved
On 2839 out of 10000
On 2840 out of 10000
Failed run, not saved
On 2840 out of 10000
On 2841 out of 10000
Failed run, not saved
On 2841 out of 10000
Failed run, not saved
On 2841 out of 10000
On 2842 out of 10000
Failed run, not saved
On 2842 out of 10000
Failed run, not saved
On 2842 out of 10000
Failed run, not saved
On 2842 out of 10000
Failed run, not saved
On 2842 out of 10000
Failed run, not saved
On 2842 out of 10000
Failed run, not saved
On 2842 out of 10000
Failed run, not saved
On 2842 out of 10000
Failed run, not saved
On 2842 out of 10000
Failed run, not saved
On 2842 out of 10000
Failed run, not saved
On 2842 out of 10000
Failed run, not saved
		FAILED TOO MANY TIMES, TRYING ANOTHER ENVIRONMENT
On 2842 out of 10000
On 2843 out of 10000
On 2844 out of 10000
Failed run, not saved
On 2844 out of 10000
Failed run, not saved
On 2844 out of 10000
On 2845 out of 10000
Failed run, not saved
On 2845 out of 10000
Failed run, not saved
On 2845 out of 10000
Failed run, not saved
On 2845 out of 10000
Failed run, not saved
On 2845 out of 10000
Failed run, not saved
On 2845 out of 10000
Failed run, not saved
On 2845 out of 10000
Failed run, not saved
On 2845 out of 10000
Failed run, not saved
On 2845 out of 10000
Failed run, not saved
On 2845 out of 10000
Failed run, not saved
On 2845 out of 10000
Failed run, not saved
		FAILED TOO MANY TIMES, TRYING ANOTHER ENVIRONMENT
On 2845 out of 10000
On 2846 out of 10000
On 2847 out of 10000
On 2848 out of 10000
On 2849 out of 10000
On 2850 out of 10000
On 2851 out of 10000
On 2852 out of 10000
On 2853 out of 10000
On 2854 out of 10000
On 2855 out of 10000
On 2856 out of 10000
On 2857 out of 10000
On 2858 out of 10000
On 2859 out of 10000
Failed run, not saved
On 2859 out of 10000
On 2860 out of 10000
On 2861 out of 10000
On 2862 out of 10000
Failed run, not saved
On 2862 out of 10000
Failed run, not saved
On 2862 out of 10000
Failed run, not saved
On 2862 out of 10000
Failed run, not saved
On 2862 out of 10000
On 2863 out of 10000
On 2864 out of 10000
Failed run, not saved
On 2864 out of 10000
On 2865 out of 10000
Failed run, not saved
On 2865 out of 10000
Failed run, not saved
On 2865 out of 10000
On 2866 out of 10000
On 2867 out of 10000
On 2868 out of 10000
On 2869 out of 10000
On 2870 out of 10000
On 2871 out of 10000
On 2872 out of 10000
On 2873 out of 10000
On 2874 out of 10000
On 2875 out of 10000
On 2876 out of 10000
Failed run, not saved
On 2876 out of 10000
On 2877 out of 10000
On 2878 out of 10000
On 2879 out of 10000
On 2880 out of 10000
Failed run, not saved
On 2880 out of 10000
On 2881 out of 10000
Failed run, not saved
On 2881 out of 10000
Failed run, not saved
On 2881 out of 10000
Failed run, not saved
On 2881 out of 10000
Failed run, not saved
On 2881 out of 10000
Failed run, not saved
On 2881 out of 10000
Failed run, not saved
On 2881 out of 10000
Failed run, not saved
On 2881 out of 10000
Failed run, not saved
On 2881 out of 10000
Failed run, not saved
On 2881 out of 10000
Failed run, not saved
On 2881 out of 10000
Failed run, not saved
		FAILED TOO MANY TIMES, TRYING ANOTHER ENVIRONMENT
On 2881 out of 10000
On 2882 out of 10000
Failed run, not saved
On 2882 out of 10000
Failed run, not saved
On 2882 out of 10000
Failed run, not saved
On 2882 out of 10000
Failed run, not saved
On 2882 out of 10000
Failed run, not saved
On 2882 out of 10000
Failed run, not saved
On 2882 out of 10000
Failed run, not saved
On 2882 out of 10000
Failed run, not saved
On 2882 out of 10000
Failed run, not saved
On 2882 out of 10000
Failed run, not saved
On 2882 out of 10000
Failed run, not saved
		FAILED TOO MANY TIMES, TRYING ANOTHER ENVIRONMENT
On 2882 out of 10000
On 2883 out of 10000
Failed run, not saved
On 2883 out of 10000
Failed run, not saved
On 2883 out of 10000
Failed run, not saved
On 2883 out of 10000
Failed run, not saved
On 2883 out of 10000
Failed run, not saved
On 2883 out of 10000
Failed run, not saved
On 2883 out of 10000
Failed run, not saved
On 2883 out of 10000
Failed run, not saved
On 2883 out of 10000
Failed run, not saved
On 2883 out of 10000
On 2884 out of 10000
On 2885 out of 10000
On 2886 out of 10000
On 2887 out of 10000
On 2888 out of 10000
On 2889 out of 10000
On 2890 out of 10000
Failed run, not saved
On 2890 out of 10000
On 2891 out of 10000
On 2892 out of 10000
On 2893 out of 10000
Failed run, not saved
On 2893 out of 10000
On 2894 out of 10000
On 2895 out of 10000
On 2896 out of 10000
On 2897 out of 10000
On 2898 out of 10000
On 2899 out of 10000
Failed run, not saved
On 2899 out of 10000
Failed run, not saved
On 2899 out of 10000
Failed run, not saved
On 2899 out of 10000
Failed run, not saved
On 2899 out of 10000
Failed run, not saved
On 2899 out of 10000
Failed run, not saved
On 2899 out of 10000
Failed run, not saved
On 2899 out of 10000
Failed run, not saved
On 2899 out of 10000
Failed run, not saved
On 2899 out of 10000
Failed run, not saved
On 2899 out of 10000
Failed run, not saved
		FAILED TOO MANY TIMES, TRYING ANOTHER ENVIRONMENT
On 2899 out of 10000
On 2900 out of 10000
Failed run, not saved
On 2900 out of 10000
Failed run, not saved
On 2900 out of 10000
Failed run, not saved
On 2900 out of 10000
Failed run, not saved
On 2900 out of 10000
Failed run, not saved
On 2900 out of 10000
Failed run, not saved
On 2900 out of 10000
Failed run, not saved
On 2900 out of 10000
Failed run, not saved
On 2900 out of 10000
Failed run, not saved
On 2900 out of 10000
Failed run, not saved
On 2900 out of 10000
Failed run, not saved
		FAILED TOO MANY TIMES, TRYING ANOTHER ENVIRONMENT
On 2900 out of 10000
On 2901 out of 10000
On 2902 out of 10000
On 2903 out of 10000
On 2904 out of 10000
On 2905 out of 10000
Failed run, not saved
On 2905 out of 10000
On 2906 out of 10000
Failed run, not saved
On 2906 out of 10000
Failed run, not saved
On 2906 out of 10000
Failed run, not saved
On 2906 out of 10000
Failed run, not saved
On 2906 out of 10000
Failed run, not saved
On 2906 out of 10000
Failed run, not saved
On 2906 out of 10000
Failed run, not saved
On 2906 out of 10000
Failed run, not saved
On 2906 out of 10000
On 2907 out of 10000
On 2908 out of 10000
On 2909 out of 10000
On 2910 out of 10000
On 2911 out of 10000
On 2912 out of 10000
On 2913 out of 10000
On 2914 out of 10000
On 2915 out of 10000
On 2916 out of 10000
Failed run, not saved
On 2916 out of 10000
On 2917 out of 10000
On 2918 out of 10000
On 2919 out of 10000
On 2920 out of 10000
On 2921 out of 10000
On 2922 out of 10000
On 2923 out of 10000
On 2924 out of 10000
On 2925 out of 10000
On 2926 out of 10000
On 2927 out of 10000
On 2928 out of 10000
On 2929 out of 10000
Failed run, not saved
On 2929 out of 10000
On 2930 out of 10000
On 2931 out of 10000
Failed run, not saved
On 2931 out of 10000
Failed run, not saved
On 2931 out of 10000
On 2932 out of 10000
On 2933 out of 10000
On 2934 out of 10000
On 2935 out of 10000
On 2936 out of 10000
Failed run, not saved
On 2936 out of 10000
Failed run, not saved
On 2936 out of 10000
Failed run, not saved
On 2936 out of 10000
Failed run, not saved
On 2936 out of 10000
On 2937 out of 10000
On 2938 out of 10000
On 2939 out of 10000
On 2940 out of 10000
On 2941 out of 10000
Failed run, not saved
On 2941 out of 10000
On 2942 out of 10000
Failed run, not saved
On 2942 out of 10000
On 2943 out of 10000
On 2944 out of 10000
On 2945 out of 10000
Failed run, not saved
On 2945 out of 10000
Failed run, not saved
On 2945 out of 10000
On 2946 out of 10000
On 2947 out of 10000
On 2948 out of 10000
Failed run, not saved
On 2948 out of 10000
On 2949 out of 10000
On 2950 out of 10000
Failed run, not saved
On 2950 out of 10000
On 2951 out of 10000
On 2952 out of 10000
On 2953 out of 10000
On 2954 out of 10000
Failed run, not saved
On 2954 out of 10000
On 2955 out of 10000
On 2956 out of 10000
On 2957 out of 10000
On 2958 out of 10000
On 2959 out of 10000
On 2960 out of 10000
On 2961 out of 10000
On 2962 out of 10000
On 2963 out of 10000
On 2964 out of 10000
Failed run, not saved
On 2964 out of 10000
Failed run, not saved
On 2964 out of 10000
Failed run, not saved
On 2964 out of 10000
Failed run, not saved
On 2964 out of 10000
Failed run, not saved
On 2964 out of 10000
Failed run, not saved
On 2964 out of 10000
Failed run, not saved
On 2964 out of 10000
Failed run, not saved
On 2964 out of 10000
Failed run, not saved
On 2964 out of 10000
Failed run, not saved
On 2964 out of 10000
Failed run, not saved
		FAILED TOO MANY TIMES, TRYING ANOTHER ENVIRONMENT
On 2964 out of 10000
Failed run, not saved
		FAILED TOO MANY TIMES, TRYING ANOTHER ENVIRONMENT
On 2964 out of 10000
Failed run, not saved
		FAILED TOO MANY TIMES, TRYING ANOTHER ENVIRONMENT
On 2964 out of 10000
On 2965 out of 10000
On 2966 out of 10000
On 2967 out of 10000
On 2968 out of 10000
On 2969 out of 10000
Failed run, not saved
On 2969 out of 10000
On 2970 out of 10000
On 2971 out of 10000
On 2972 out of 10000
Failed run, not saved
On 2972 out of 10000
Failed run, not saved
On 2972 out of 10000
On 2973 out of 10000
Failed run, not saved
On 2973 out of 10000
On 2974 out of 10000
On 2975 out of 10000
Failed run, not saved
On 2975 out of 10000
On 2976 out of 10000
Failed run, not saved
On 2976 out of 10000
Failed run, not saved
On 2976 out of 10000
Failed run, not saved
On 2976 out of 10000
Failed run, not saved
On 2976 out of 10000
Failed run, not saved
On 2976 out of 10000
Failed run, not saved
On 2976 out of 10000
Failed run, not saved
On 2976 out of 10000
Failed run, not saved
On 2976 out of 10000
Failed run, not saved
On 2976 out of 10000
Failed run, not saved
On 2976 out of 10000
Failed run, not saved
		FAILED TOO MANY TIMES, TRYING ANOTHER ENVIRONMENT
On 2976 out of 10000
Failed run, not saved
		FAILED TOO MANY TIMES, TRYING ANOTHER ENVIRONMENT
On 2976 out of 10000
On 2977 out of 10000
On 2978 out of 10000
On 2979 out of 10000
On 2980 out of 10000
Failed run, not saved
On 2980 out of 10000
On 2981 out of 10000
On 2982 out of 10000
Failed run, not saved
On 2982 out of 10000
Failed run, not saved
On 2982 out of 10000
Failed run, not saved
On 2982 out of 10000
Failed run, not saved
On 2982 out of 10000
Failed run, not saved
On 2982 out of 10000
Failed run, not saved
On 2982 out of 10000
Failed run, not saved
On 2982 out of 10000
Failed run, not saved
On 2982 out of 10000
Failed run, not saved
On 2982 out of 10000
Failed run, not saved
On 2982 out of 10000
Failed run, not saved
		FAILED TOO MANY TIMES, TRYING ANOTHER ENVIRONMENT
On 2982 out of 10000
On 2983 out of 10000
Failed run, not saved
On 2983 out of 10000
Failed run, not saved
On 2983 out of 10000
On 2984 out of 10000
On 2985 out of 10000
Failed run, not saved
On 2985 out of 10000
Failed run, not saved
On 2985 out of 10000
Failed run, not saved
On 2985 out of 10000
Failed run, not saved
On 2985 out of 10000
Failed run, not saved
On 2985 out of 10000
Failed run, not saved
On 2985 out of 10000
Failed run, not saved
On 2985 out of 10000
On 2986 out of 10000
Failed run, not saved
On 2986 out of 10000
On 2987 out of 10000
On 2988 out of 10000
On 2989 out of 10000
On 2990 out of 10000
On 2991 out of 10000
On 2992 out of 10000
On 2993 out of 10000
On 2994 out of 10000
On 2995 out of 10000
On 2996 out of 10000
On 2997 out of 10000
On 2998 out of 10000
On 2999 out of 10000
Failed run, not saved
On 2999 out of 10000
Failed run, not saved
On 2999 out of 10000
On 3000 out of 10000
Failed run, not saved
On 3000 out of 10000
Failed run, not saved
On 3000 out of 10000
On 3001 out of 10000
On 3002 out of 10000
On 3003 out of 10000
On 3004 out of 10000
On 3005 out of 10000
On 3006 out of 10000
On 3007 out of 10000
On 3008 out of 10000
On 3009 out of 10000
Failed run, not saved
On 3009 out of 10000
Failed run, not saved
On 3009 out of 10000
On 3010 out of 10000
On 3011 out of 10000
On 3012 out of 10000
Failed run, not saved
On 3012 out of 10000
Failed run, not saved
On 3012 out of 10000
Failed run, not saved
On 3012 out of 10000
Failed run, not saved
On 3012 out of 10000
Failed run, not saved
On 3012 out of 10000
Failed run, not saved
On 3012 out of 10000
Failed run, not saved
On 3012 out of 10000
Failed run, not saved
On 3012 out of 10000
Failed run, not saved
On 3012 out of 10000
Failed run, not saved
On 3012 out of 10000
Failed run, not saved
		FAILED TOO MANY TIMES, TRYING ANOTHER ENVIRONMENT
On 3012 out of 10000
Failed run, not saved
		FAILED TOO MANY TIMES, TRYING ANOTHER ENVIRONMENT
On 3012 out of 10000
On 3013 out of 10000
On 3014 out of 10000
On 3015 out of 10000
On 3016 out of 10000
Failed run, not saved
On 3016 out of 10000
On 3017 out of 10000
On 3018 out of 10000
On 3019 out of 10000
On 3020 out of 10000
On 3021 out of 10000
On 3022 out of 10000
On 3023 out of 10000
On 3024 out of 10000
Failed run, not saved
On 3024 out of 10000
Failed run, not saved
On 3024 out of 10000
On 3025 out of 10000
On 3026 out of 10000
Failed run, not saved
On 3026 out of 10000
Failed run, not saved
On 3026 out of 10000
Failed run, not saved
On 3026 out of 10000
Failed run, not saved
On 3026 out of 10000
Failed run, not saved
On 3026 out of 10000
Failed run, not saved
On 3026 out of 10000
On 3027 out of 10000
Failed run, not saved
On 3027 out of 10000
On 3028 out of 10000
On 3029 out of 10000
On 3030 out of 10000
On 3031 out of 10000
On 3032 out of 10000
On 3033 out of 10000
On 3034 out of 10000
Failed run, not saved
On 3034 out of 10000
Failed run, not saved
On 3034 out of 10000
Failed run, not saved
On 3034 out of 10000
Failed run, not saved
On 3034 out of 10000
Failed run, not saved
On 3034 out of 10000
Failed run, not saved
On 3034 out of 10000
On 3035 out of 10000
Failed run, not saved
On 3035 out of 10000
On 3036 out of 10000
On 3037 out of 10000
On 3038 out of 10000
On 3039 out of 10000
Failed run, not saved
On 3039 out of 10000
Failed run, not saved
On 3039 out of 10000
Failed run, not saved
On 3039 out of 10000
Failed run, not saved
On 3039 out of 10000
Failed run, not saved
On 3039 out of 10000
Failed run, not saved
On 3039 out of 10000
Failed run, not saved
On 3039 out of 10000
Failed run, not saved
On 3039 out of 10000
Failed run, not saved
On 3039 out of 10000
Failed run, not saved
On 3039 out of 10000
Failed run, not saved
		FAILED TOO MANY TIMES, TRYING ANOTHER ENVIRONMENT
On 3039 out of 10000
On 3040 out of 10000
On 3041 out of 10000
On 3042 out of 10000
Failed run, not saved
On 3042 out of 10000
On 3043 out of 10000
On 3044 out of 10000
On 3045 out of 10000
On 3046 out of 10000
On 3047 out of 10000
On 3048 out of 10000
Failed run, not saved
On 3048 out of 10000
On 3049 out of 10000
On 3050 out of 10000
On 3051 out of 10000
On 3052 out of 10000
On 3053 out of 10000
On 3054 out of 10000
On 3055 out of 10000
On 3056 out of 10000
On 3057 out of 10000
On 3058 out of 10000
On 3059 out of 10000
On 3060 out of 10000
On 3061 out of 10000
On 3062 out of 10000
On 3063 out of 10000
On 3064 out of 10000
On 3065 out of 10000
On 3066 out of 10000
On 3067 out of 10000
On 3068 out of 10000
On 3069 out of 10000
Failed run, not saved
On 3069 out of 10000
Failed run, not saved
On 3069 out of 10000
On 3070 out of 10000
On 3071 out of 10000
On 3072 out of 10000
On 3073 out of 10000
On 3074 out of 10000
On 3075 out of 10000
Failed run, not saved
On 3075 out of 10000
On 3076 out of 10000
On 3077 out of 10000
Failed run, not saved
On 3077 out of 10000
On 3078 out of 10000
On 3079 out of 10000
On 3080 out of 10000
On 3081 out of 10000
On 3082 out of 10000
On 3083 out of 10000
Failed run, not saved
On 3083 out of 10000
Failed run, not saved
On 3083 out of 10000
Failed run, not saved
On 3083 out of 10000
Failed run, not saved
On 3083 out of 10000
Failed run, not saved
On 3083 out of 10000
Failed run, not saved
On 3083 out of 10000
Failed run, not saved
On 3083 out of 10000
Failed run, not saved
On 3083 out of 10000
Failed run, not saved
On 3083 out of 10000
Failed run, not saved
On 3083 out of 10000
Failed run, not saved
		FAILED TOO MANY TIMES, TRYING ANOTHER ENVIRONMENT
On 3083 out of 10000
Failed run, not saved
		FAILED TOO MANY TIMES, TRYING ANOTHER ENVIRONMENT
On 3083 out of 10000
On 3084 out of 10000
On 3085 out of 10000
On 3086 out of 10000
On 3087 out of 10000
On 3088 out of 10000
Failed run, not saved
On 3088 out of 10000
Failed run, not saved
On 3088 out of 10000
Failed run, not saved
On 3088 out of 10000
Failed run, not saved
On 3088 out of 10000
Failed run, not saved
On 3088 out of 10000
Failed run, not saved
On 3088 out of 10000
Failed run, not saved
On 3088 out of 10000
Failed run, not saved
On 3088 out of 10000
Failed run, not saved
On 3088 out of 10000
Failed run, not saved
On 3088 out of 10000
On 3089 out of 10000
On 3090 out of 10000
Failed run, not saved
On 3090 out of 10000
Failed run, not saved
On 3090 out of 10000
On 3091 out of 10000
Failed run, not saved
On 3091 out of 10000
Failed run, not saved
On 3091 out of 10000
Failed run, not saved
On 3091 out of 10000
Failed run, not saved
On 3091 out of 10000
Failed run, not saved
On 3091 out of 10000
Failed run, not saved
On 3091 out of 10000
Failed run, not saved
On 3091 out of 10000
Failed run, not saved
On 3091 out of 10000
Failed run, not saved
On 3091 out of 10000
Failed run, not saved
On 3091 out of 10000
Failed run, not saved
		FAILED TOO MANY TIMES, TRYING ANOTHER ENVIRONMENT
On 3091 out of 10000
On 3092 out of 10000
On 3093 out of 10000
On 3094 out of 10000
On 3095 out of 10000
On 3096 out of 10000
Failed run, not saved
On 3096 out of 10000
Failed run, not saved
On 3096 out of 10000
Failed run, not saved
On 3096 out of 10000
On 3097 out of 10000
On 3098 out of 10000
Failed run, not saved
On 3098 out of 10000
On 3099 out of 10000
Failed run, not saved
On 3099 out of 10000
On 3100 out of 10000
Failed run, not saved
On 3100 out of 10000
Failed run, not saved
On 3100 out of 10000
Failed run, not saved
On 3100 out of 10000
On 3101 out of 10000
On 3102 out of 10000
Failed run, not saved
On 3102 out of 10000
Failed run, not saved
On 3102 out of 10000
Failed run, not saved
On 3102 out of 10000
Failed run, not saved
On 3102 out of 10000
Failed run, not saved
On 3102 out of 10000
Failed run, not saved
On 3102 out of 10000
Failed run, not saved
On 3102 out of 10000
Failed run, not saved
On 3102 out of 10000
Failed run, not saved
On 3102 out of 10000
Failed run, not saved
On 3102 out of 10000
Failed run, not saved
		FAILED TOO MANY TIMES, TRYING ANOTHER ENVIRONMENT
On 3102 out of 10000
On 3103 out of 10000
On 3104 out of 10000
On 3105 out of 10000
Failed run, not saved
On 3105 out of 10000
Failed run, not saved
On 3105 out of 10000
Failed run, not saved
On 3105 out of 10000
Failed run, not saved
On 3105 out of 10000
Failed run, not saved
On 3105 out of 10000
Failed run, not saved
On 3105 out of 10000
Failed run, not saved
On 3105 out of 10000
Failed run, not saved
On 3105 out of 10000
Failed run, not saved
On 3105 out of 10000
Failed run, not saved
On 3105 out of 10000
Failed run, not saved
		FAILED TOO MANY TIMES, TRYING ANOTHER ENVIRONMENT
On 3105 out of 10000
On 3106 out of 10000
On 3107 out of 10000
Failed run, not saved
On 3107 out of 10000
Failed run, not saved
On 3107 out of 10000
On 3108 out of 10000
On 3109 out of 10000
On 3110 out of 10000
On 3111 out of 10000
On 3112 out of 10000
On 3113 out of 10000
Failed run, not saved
On 3113 out of 10000
On 3114 out of 10000
On 3115 out of 10000
On 3116 out of 10000
On 3117 out of 10000
On 3118 out of 10000
On 3119 out of 10000
On 3120 out of 10000
On 3121 out of 10000
Failed run, not saved
On 3121 out of 10000
Failed run, not saved
On 3121 out of 10000
Failed run, not saved
On 3121 out of 10000
Failed run, not saved
On 3121 out of 10000
Failed run, not saved
On 3121 out of 10000
Failed run, not saved
On 3121 out of 10000
On 3122 out of 10000
On 3123 out of 10000
On 3124 out of 10000
On 3125 out of 10000
On 3126 out of 10000
On 3127 out of 10000
On 3128 out of 10000
On 3129 out of 10000
On 3130 out of 10000
On 3131 out of 10000
On 3132 out of 10000
On 3133 out of 10000
On 3134 out of 10000
On 3135 out of 10000
On 3136 out of 10000
On 3137 out of 10000
On 3138 out of 10000
On 3139 out of 10000
On 3140 out of 10000
On 3141 out of 10000
On 3142 out of 10000
Failed run, not saved
On 3142 out of 10000
Failed run, not saved
On 3142 out of 10000
Failed run, not saved
On 3142 out of 10000
Failed run, not saved
On 3142 out of 10000
Failed run, not saved
On 3142 out of 10000
Failed run, not saved
On 3142 out of 10000
Failed run, not saved
On 3142 out of 10000
Failed run, not saved
On 3142 out of 10000
Failed run, not saved
On 3142 out of 10000
Failed run, not saved
On 3142 out of 10000
Failed run, not saved
		FAILED TOO MANY TIMES, TRYING ANOTHER ENVIRONMENT
On 3142 out of 10000
Failed run, not saved
		FAILED TOO MANY TIMES, TRYING ANOTHER ENVIRONMENT
On 3142 out of 10000
On 3143 out of 10000
Failed run, not saved
On 3143 out of 10000
On 3144 out of 10000
Failed run, not saved
On 3144 out of 10000
Failed run, not saved
On 3144 out of 10000
Failed run, not saved
On 3144 out of 10000
Failed run, not saved
On 3144 out of 10000
Failed run, not saved
On 3144 out of 10000
Failed run, not saved
On 3144 out of 10000
Failed run, not saved
On 3144 out of 10000
Failed run, not saved
On 3144 out of 10000
Failed run, not saved
On 3144 out of 10000
Failed run, not saved
On 3144 out of 10000
Failed run, not saved
		FAILED TOO MANY TIMES, TRYING ANOTHER ENVIRONMENT
On 3144 out of 10000
On 3145 out of 10000
On 3146 out of 10000
On 3147 out of 10000
On 3148 out of 10000
On 3149 out of 10000
On 3150 out of 10000
Failed run, not saved
On 3150 out of 10000
On 3151 out of 10000
On 3152 out of 10000
On 3153 out of 10000
On 3154 out of 10000
Failed run, not saved
On 3154 out of 10000
On 3155 out of 10000
Failed run, not saved
On 3155 out of 10000
Failed run, not saved
On 3155 out of 10000
Failed run, not saved
On 3155 out of 10000
Failed run, not saved
On 3155 out of 10000
Failed run, not saved
On 3155 out of 10000
Failed run, not saved
On 3155 out of 10000
Failed run, not saved
On 3155 out of 10000
On 3156 out of 10000
On 3157 out of 10000
Failed run, not saved
On 3157 out of 10000
Failed run, not saved
On 3157 out of 10000
Failed run, not saved
On 3157 out of 10000
Failed run, not saved
On 3157 out of 10000
Failed run, not saved
On 3157 out of 10000
Failed run, not saved
On 3157 out of 10000
Failed run, not saved
On 3157 out of 10000
Failed run, not saved
On 3157 out of 10000
On 3158 out of 10000
On 3159 out of 10000
Failed run, not saved
On 3159 out of 10000
Failed run, not saved
On 3159 out of 10000
Failed run, not saved
On 3159 out of 10000
Failed run, not saved
On 3159 out of 10000
Failed run, not saved
On 3159 out of 10000
Failed run, not saved
On 3159 out of 10000
Failed run, not saved
On 3159 out of 10000
Failed run, not saved
On 3159 out of 10000
Failed run, not saved
On 3159 out of 10000
Failed run, not saved
On 3159 out of 10000
Failed run, not saved
		FAILED TOO MANY TIMES, TRYING ANOTHER ENVIRONMENT
On 3159 out of 10000
On 3160 out of 10000
On 3161 out of 10000
On 3162 out of 10000
On 3163 out of 10000
On 3164 out of 10000
On 3165 out of 10000
On 3166 out of 10000
Failed run, not saved
On 3166 out of 10000
Failed run, not saved
On 3166 out of 10000
Failed run, not saved
On 3166 out of 10000
On 3167 out of 10000
On 3168 out of 10000
On 3169 out of 10000
On 3170 out of 10000
Failed run, not saved
On 3170 out of 10000
Failed run, not saved
On 3170 out of 10000
Failed run, not saved
On 3170 out of 10000
Failed run, not saved
On 3170 out of 10000
Failed run, not saved
On 3170 out of 10000
Failed run, not saved
On 3170 out of 10000
Failed run, not saved
On 3170 out of 10000
Failed run, not saved
On 3170 out of 10000
Failed run, not saved
On 3170 out of 10000
Failed run, not saved
On 3170 out of 10000
Failed run, not saved
		FAILED TOO MANY TIMES, TRYING ANOTHER ENVIRONMENT
On 3170 out of 10000
On 3171 out of 10000
On 3172 out of 10000
On 3173 out of 10000
On 3174 out of 10000
On 3175 out of 10000
On 3176 out of 10000
On 3177 out of 10000
On 3178 out of 10000
Failed run, not saved
On 3178 out of 10000
On 3179 out of 10000
Failed run, not saved
On 3179 out of 10000
Failed run, not saved
On 3179 out of 10000
Failed run, not saved
On 3179 out of 10000
On 3180 out of 10000
On 3181 out of 10000
On 3182 out of 10000
On 3183 out of 10000
On 3184 out of 10000
On 3185 out of 10000
On 3186 out of 10000
Failed run, not saved
On 3186 out of 10000
Failed run, not saved
On 3186 out of 10000
On 3187 out of 10000
On 3188 out of 10000
On 3189 out of 10000
On 3190 out of 10000
On 3191 out of 10000
On 3192 out of 10000
On 3193 out of 10000
On 3194 out of 10000
Failed run, not saved
On 3194 out of 10000
Failed run, not saved
On 3194 out of 10000
Failed run, not saved
On 3194 out of 10000
Failed run, not saved
On 3194 out of 10000
Failed run, not saved
On 3194 out of 10000
Failed run, not saved
On 3194 out of 10000
Failed run, not saved
On 3194 out of 10000
Failed run, not saved
On 3194 out of 10000
Failed run, not saved
On 3194 out of 10000
Failed run, not saved
On 3194 out of 10000
Failed run, not saved
		FAILED TOO MANY TIMES, TRYING ANOTHER ENVIRONMENT
On 3194 out of 10000
On 3195 out of 10000
Failed run, not saved
On 3195 out of 10000
Failed run, not saved
On 3195 out of 10000
On 3196 out of 10000
Failed run, not saved
On 3196 out of 10000
Failed run, not saved
On 3196 out of 10000
Failed run, not saved
On 3196 out of 10000
Failed run, not saved
On 3196 out of 10000
Failed run, not saved
On 3196 out of 10000
Failed run, not saved
On 3196 out of 10000
Failed run, not saved
On 3196 out of 10000
Failed run, not saved
On 3196 out of 10000
Failed run, not saved
On 3196 out of 10000
Failed run, not saved
On 3196 out of 10000
Failed run, not saved
		FAILED TOO MANY TIMES, TRYING ANOTHER ENVIRONMENT
On 3196 out of 10000
On 3197 out of 10000
On 3198 out of 10000
Failed run, not saved
On 3198 out of 10000
On 3199 out of 10000
Failed run, not saved
On 3199 out of 10000
Failed run, not saved
On 3199 out of 10000
Failed run, not saved
On 3199 out of 10000
Failed run, not saved
On 3199 out of 10000
On 3200 out of 10000
On 3201 out of 10000
On 3202 out of 10000
Failed run, not saved
On 3202 out of 10000
Failed run, not saved
On 3202 out of 10000
Failed run, not saved
On 3202 out of 10000
On 3203 out of 10000
On 3204 out of 10000
Failed run, not saved
On 3204 out of 10000
Failed run, not saved
On 3204 out of 10000
Failed run, not saved
On 3204 out of 10000
Failed run, not saved
On 3204 out of 10000
Failed run, not saved
On 3204 out of 10000
Failed run, not saved
On 3204 out of 10000
Failed run, not saved
On 3204 out of 10000
Failed run, not saved
On 3204 out of 10000
Failed run, not saved
On 3204 out of 10000
On 3205 out of 10000
On 3206 out of 10000
On 3207 out of 10000
Failed run, not saved
On 3207 out of 10000
On 3208 out of 10000
On 3209 out of 10000
Failed run, not saved
On 3209 out of 10000
Failed run, not saved
On 3209 out of 10000
On 3210 out of 10000
On 3211 out of 10000
On 3212 out of 10000
On 3213 out of 10000
Failed run, not saved
On 3213 out of 10000
On 3214 out of 10000
Failed run, not saved
On 3214 out of 10000
Failed run, not saved
On 3214 out of 10000
Failed run, not saved
On 3214 out of 10000
Failed run, not saved
On 3214 out of 10000
Failed run, not saved
On 3214 out of 10000
Failed run, not saved
On 3214 out of 10000
Failed run, not saved
On 3214 out of 10000
Failed run, not saved
On 3214 out of 10000
Failed run, not saved
On 3214 out of 10000
Failed run, not saved
On 3214 out of 10000
Failed run, not saved
		FAILED TOO MANY TIMES, TRYING ANOTHER ENVIRONMENT
On 3214 out of 10000
Failed run, not saved
		FAILED TOO MANY TIMES, TRYING ANOTHER ENVIRONMENT
On 3214 out of 10000
On 3215 out of 10000
On 3216 out of 10000
On 3217 out of 10000
Failed run, not saved
On 3217 out of 10000
Failed run, not saved
On 3217 out of 10000
Failed run, not saved
On 3217 out of 10000
Failed run, not saved
On 3217 out of 10000
Failed run, not saved
On 3217 out of 10000
Failed run, not saved
On 3217 out of 10000
Failed run, not saved
On 3217 out of 10000
Failed run, not saved
On 3217 out of 10000
Failed run, not saved
On 3217 out of 10000
Failed run, not saved
On 3217 out of 10000
Failed run, not saved
		FAILED TOO MANY TIMES, TRYING ANOTHER ENVIRONMENT
On 3217 out of 10000
Failed run, not saved
		FAILED TOO MANY TIMES, TRYING ANOTHER ENVIRONMENT
On 3217 out of 10000
On 3218 out of 10000
On 3219 out of 10000
On 3220 out of 10000
On 3221 out of 10000
On 3222 out of 10000
On 3223 out of 10000
On 3224 out of 10000
On 3225 out of 10000
Failed run, not saved
On 3225 out of 10000
Failed run, not saved
On 3225 out of 10000
Failed run, not saved
On 3225 out of 10000
Failed run, not saved
On 3225 out of 10000
Failed run, not saved
On 3225 out of 10000
Failed run, not saved
On 3225 out of 10000
Failed run, not saved
On 3225 out of 10000
Failed run, not saved
On 3225 out of 10000
Failed run, not saved
On 3225 out of 10000
Failed run, not saved
On 3225 out of 10000
Failed run, not saved
		FAILED TOO MANY TIMES, TRYING ANOTHER ENVIRONMENT
On 3225 out of 10000
On 3226 out of 10000
On 3227 out of 10000
On 3228 out of 10000
Failed run, not saved
On 3228 out of 10000
Failed run, not saved
On 3228 out of 10000
On 3229 out of 10000
On 3230 out of 10000
On 3231 out of 10000
Failed run, not saved
On 3231 out of 10000
Failed run, not saved
On 3231 out of 10000
On 3232 out of 10000
Failed run, not saved
On 3232 out of 10000
Failed run, not saved
On 3232 out of 10000
Failed run, not saved
On 3232 out of 10000
Failed run, not saved
On 3232 out of 10000
Failed run, not saved
On 3232 out of 10000
Failed run, not saved
On 3232 out of 10000
Failed run, not saved
On 3232 out of 10000
Failed run, not saved
On 3232 out of 10000
Failed run, not saved
On 3232 out of 10000
Failed run, not saved
On 3232 out of 10000
Failed run, not saved
		FAILED TOO MANY TIMES, TRYING ANOTHER ENVIRONMENT
On 3232 out of 10000
On 3233 out of 10000
Failed run, not saved
On 3233 out of 10000
Failed run, not saved
On 3233 out of 10000
Failed run, not saved
On 3233 out of 10000
On 3234 out of 10000
Failed run, not saved
On 3234 out of 10000
Failed run, not saved
On 3234 out of 10000
Failed run, not saved
On 3234 out of 10000
Failed run, not saved
On 3234 out of 10000
Failed run, not saved
On 3234 out of 10000
Failed run, not saved
On 3234 out of 10000
Failed run, not saved
On 3234 out of 10000
Failed run, not saved
On 3234 out of 10000
Failed run, not saved
On 3234 out of 10000
Failed run, not saved
On 3234 out of 10000
Failed run, not saved
		FAILED TOO MANY TIMES, TRYING ANOTHER ENVIRONMENT
On 3234 out of 10000
Failed run, not saved
		FAILED TOO MANY TIMES, TRYING ANOTHER ENVIRONMENT
On 3234 out of 10000
On 3235 out of 10000
On 3236 out of 10000
On 3237 out of 10000
On 3238 out of 10000
On 3239 out of 10000
On 3240 out of 10000
On 3241 out of 10000
On 3242 out of 10000
Failed run, not saved
On 3242 out of 10000
Failed run, not saved
On 3242 out of 10000
Failed run, not saved
On 3242 out of 10000
Failed run, not saved
On 3242 out of 10000
Failed run, not saved
On 3242 out of 10000
Failed run, not saved
On 3242 out of 10000
Failed run, not saved
On 3242 out of 10000
Failed run, not saved
On 3242 out of 10000
Failed run, not saved
On 3242 out of 10000
Failed run, not saved
On 3242 out of 10000
Failed run, not saved
		FAILED TOO MANY TIMES, TRYING ANOTHER ENVIRONMENT
On 3242 out of 10000
On 3243 out of 10000
On 3244 out of 10000
On 3245 out of 10000
Failed run, not saved
On 3245 out of 10000
Failed run, not saved
On 3245 out of 10000
Failed run, not saved
On 3245 out of 10000
Failed run, not saved
On 3245 out of 10000
Failed run, not saved
On 3245 out of 10000
Failed run, not saved
On 3245 out of 10000
Failed run, not saved
On 3245 out of 10000
Failed run, not saved
On 3245 out of 10000
Failed run, not saved
On 3245 out of 10000
Failed run, not saved
On 3245 out of 10000
Failed run, not saved
		FAILED TOO MANY TIMES, TRYING ANOTHER ENVIRONMENT
On 3245 out of 10000
Failed run, not saved
		FAILED TOO MANY TIMES, TRYING ANOTHER ENVIRONMENT
On 3245 out of 10000
Failed run, not saved
		FAILED TOO MANY TIMES, TRYING ANOTHER ENVIRONMENT
On 3245 out of 10000
On 3246 out of 10000
On 3247 out of 10000
On 3248 out of 10000
On 3249 out of 10000
On 3250 out of 10000
On 3251 out of 10000
On 3252 out of 10000
Failed run, not saved
On 3252 out of 10000
On 3253 out of 10000
On 3254 out of 10000
Failed run, not saved
On 3254 out of 10000
Failed run, not saved
On 3254 out of 10000
Failed run, not saved
On 3254 out of 10000
Failed run, not saved
On 3254 out of 10000
Failed run, not saved
On 3254 out of 10000
Failed run, not saved
On 3254 out of 10000
Failed run, not saved
On 3254 out of 10000
Failed run, not saved
On 3254 out of 10000
Failed run, not saved
On 3254 out of 10000
Failed run, not saved
On 3254 out of 10000
Failed run, not saved
		FAILED TOO MANY TIMES, TRYING ANOTHER ENVIRONMENT
On 3254 out of 10000
Failed run, not saved
		FAILED TOO MANY TIMES, TRYING ANOTHER ENVIRONMENT
On 3254 out of 10000
On 3255 out of 10000
On 3256 out of 10000
On 3257 out of 10000
On 3258 out of 10000
Failed run, not saved
On 3258 out of 10000
On 3259 out of 10000
On 3260 out of 10000
Failed run, not saved
On 3260 out of 10000
On 3261 out of 10000
On 3262 out of 10000
Failed run, not saved
On 3262 out of 10000
Failed run, not saved
On 3262 out of 10000
On 3263 out of 10000
On 3264 out of 10000
Failed run, not saved
On 3264 out of 10000
On 3265 out of 10000
Failed run, not saved
On 3265 out of 10000
On 3266 out of 10000
On 3267 out of 10000
On 3268 out of 10000
Failed run, not saved
On 3268 out of 10000
Failed run, not saved
On 3268 out of 10000
Failed run, not saved
On 3268 out of 10000
Failed run, not saved
On 3268 out of 10000
Failed run, not saved
On 3268 out of 10000
Failed run, not saved
On 3268 out of 10000
Failed run, not saved
On 3268 out of 10000
Failed run, not saved
On 3268 out of 10000
Failed run, not saved
On 3268 out of 10000
Failed run, not saved
On 3268 out of 10000
Failed run, not saved
		FAILED TOO MANY TIMES, TRYING ANOTHER ENVIRONMENT
On 3268 out of 10000
Failed run, not saved
		FAILED TOO MANY TIMES, TRYING ANOTHER ENVIRONMENT
On 3268 out of 10000
Failed run, not saved
		FAILED TOO MANY TIMES, TRYING ANOTHER ENVIRONMENT
On 3268 out of 10000
On 3269 out of 10000
On 3270 out of 10000
Failed run, not saved
On 3270 out of 10000
On 3271 out of 10000
On 3272 out of 10000
On 3273 out of 10000
On 3274 out of 10000
On 3275 out of 10000
On 3276 out of 10000
On 3277 out of 10000
On 3278 out of 10000
On 3279 out of 10000
On 3280 out of 10000
On 3281 out of 10000
On 3282 out of 10000
On 3283 out of 10000
On 3284 out of 10000
On 3285 out of 10000
On 3286 out of 10000
Failed run, not saved
On 3286 out of 10000
On 3287 out of 10000
On 3288 out of 10000
On 3289 out of 10000
On 3290 out of 10000
Failed run, not saved
On 3290 out of 10000
On 3291 out of 10000
On 3292 out of 10000
On 3293 out of 10000
On 3294 out of 10000
On 3295 out of 10000
On 3296 out of 10000
On 3297 out of 10000
On 3298 out of 10000
On 3299 out of 10000
On 3300 out of 10000
On 3301 out of 10000
On 3302 out of 10000
On 3303 out of 10000
On 3304 out of 10000
On 3305 out of 10000
Failed run, not saved
On 3305 out of 10000
Failed run, not saved
On 3305 out of 10000
Failed run, not saved
On 3305 out of 10000
Failed run, not saved
On 3305 out of 10000
Failed run, not saved
On 3305 out of 10000
Failed run, not saved
On 3305 out of 10000
Failed run, not saved
On 3305 out of 10000
Failed run, not saved
On 3305 out of 10000
On 3306 out of 10000
Failed run, not saved
On 3306 out of 10000
Failed run, not saved
On 3306 out of 10000
On 3307 out of 10000
On 3308 out of 10000
Failed run, not saved
On 3308 out of 10000
Failed run, not saved
On 3308 out of 10000
On 3309 out of 10000
On 3310 out of 10000
On 3311 out of 10000
Failed run, not saved
On 3311 out of 10000
Failed run, not saved
On 3311 out of 10000
Failed run, not saved
On 3311 out of 10000
Failed run, not saved
On 3311 out of 10000
Failed run, not saved
On 3311 out of 10000
Failed run, not saved
On 3311 out of 10000
Failed run, not saved
On 3311 out of 10000
Failed run, not saved
On 3311 out of 10000
Failed run, not saved
On 3311 out of 10000
Failed run, not saved
On 3311 out of 10000
Failed run, not saved
		FAILED TOO MANY TIMES, TRYING ANOTHER ENVIRONMENT
On 3311 out of 10000
On 3312 out of 10000
On 3313 out of 10000
Failed run, not saved
On 3313 out of 10000
Failed run, not saved
On 3313 out of 10000
Failed run, not saved
On 3313 out of 10000
Failed run, not saved
On 3313 out of 10000
Failed run, not saved
On 3313 out of 10000
Failed run, not saved
On 3313 out of 10000
Failed run, not saved
On 3313 out of 10000
Failed run, not saved
On 3313 out of 10000
Failed run, not saved
On 3313 out of 10000
Failed run, not saved
On 3313 out of 10000
Failed run, not saved
		FAILED TOO MANY TIMES, TRYING ANOTHER ENVIRONMENT
On 3313 out of 10000
On 3314 out of 10000
Failed run, not saved
On 3314 out of 10000
On 3315 out of 10000
On 3316 out of 10000
On 3317 out of 10000
On 3318 out of 10000
On 3319 out of 10000
On 3320 out of 10000
On 3321 out of 10000
Failed run, not saved
On 3321 out of 10000
Failed run, not saved
On 3321 out of 10000
Failed run, not saved
On 3321 out of 10000
Failed run, not saved
On 3321 out of 10000
Failed run, not saved
On 3321 out of 10000
Failed run, not saved
On 3321 out of 10000
Failed run, not saved
On 3321 out of 10000
On 3322 out of 10000
On 3323 out of 10000
On 3324 out of 10000
Failed run, not saved
On 3324 out of 10000
Failed run, not saved
On 3324 out of 10000
Failed run, not saved
On 3324 out of 10000
Failed run, not saved
On 3324 out of 10000
Failed run, not saved
On 3324 out of 10000
Failed run, not saved
On 3324 out of 10000
Failed run, not saved
On 3324 out of 10000
Failed run, not saved
On 3324 out of 10000
Failed run, not saved
On 3324 out of 10000
Failed run, not saved
On 3324 out of 10000
Failed run, not saved
		FAILED TOO MANY TIMES, TRYING ANOTHER ENVIRONMENT
On 3324 out of 10000
Failed run, not saved
		FAILED TOO MANY TIMES, TRYING ANOTHER ENVIRONMENT
On 3324 out of 10000
On 3325 out of 10000
On 3326 out of 10000
On 3327 out of 10000
On 3328 out of 10000
On 3329 out of 10000
On 3330 out of 10000
On 3331 out of 10000
On 3332 out of 10000
On 3333 out of 10000
Failed run, not saved
On 3333 out of 10000
On 3334 out of 10000
On 3335 out of 10000
On 3336 out of 10000
On 3337 out of 10000
On 3338 out of 10000
Failed run, not saved
On 3338 out of 10000
Failed run, not saved
On 3338 out of 10000
Failed run, not saved
On 3338 out of 10000
On 3339 out of 10000
On 3340 out of 10000
Failed run, not saved
On 3340 out of 10000
Failed run, not saved
On 3340 out of 10000
Failed run, not saved
On 3340 out of 10000
Failed run, not saved
On 3340 out of 10000
Failed run, not saved
On 3340 out of 10000
Failed run, not saved
On 3340 out of 10000
Failed run, not saved
On 3340 out of 10000
Failed run, not saved
On 3340 out of 10000
On 3341 out of 10000
Failed run, not saved
On 3341 out of 10000
Failed run, not saved
On 3341 out of 10000
On 3342 out of 10000
On 3343 out of 10000
Failed run, not saved
On 3343 out of 10000
Failed run, not saved
On 3343 out of 10000
Failed run, not saved
On 3343 out of 10000
Failed run, not saved
On 3343 out of 10000
Failed run, not saved
On 3343 out of 10000
Failed run, not saved
On 3343 out of 10000
Failed run, not saved
On 3343 out of 10000
Failed run, not saved
On 3343 out of 10000
Failed run, not saved
On 3343 out of 10000
Failed run, not saved
On 3343 out of 10000
Failed run, not saved
		FAILED TOO MANY TIMES, TRYING ANOTHER ENVIRONMENT
On 3343 out of 10000
On 3344 out of 10000
On 3345 out of 10000
On 3346 out of 10000
On 3347 out of 10000
On 3348 out of 10000
Failed run, not saved
On 3348 out of 10000
Failed run, not saved
On 3348 out of 10000
Failed run, not saved
On 3348 out of 10000
Failed run, not saved
On 3348 out of 10000
Failed run, not saved
On 3348 out of 10000
Failed run, not saved
On 3348 out of 10000
Failed run, not saved
On 3348 out of 10000
Failed run, not saved
On 3348 out of 10000
Failed run, not saved
On 3348 out of 10000
Failed run, not saved
On 3348 out of 10000
Failed run, not saved
		FAILED TOO MANY TIMES, TRYING ANOTHER ENVIRONMENT
On 3348 out of 10000
Failed run, not saved
		FAILED TOO MANY TIMES, TRYING ANOTHER ENVIRONMENT
On 3348 out of 10000
On 3349 out of 10000
On 3350 out of 10000
On 3351 out of 10000
On 3352 out of 10000
Failed run, not saved
On 3352 out of 10000
Failed run, not saved
On 3352 out of 10000
Failed run, not saved
On 3352 out of 10000
Failed run, not saved
On 3352 out of 10000
Failed run, not saved
On 3352 out of 10000
Failed run, not saved
On 3352 out of 10000
Failed run, not saved
On 3352 out of 10000
Failed run, not saved
On 3352 out of 10000
Failed run, not saved
On 3352 out of 10000
Failed run, not saved
On 3352 out of 10000
Failed run, not saved
		FAILED TOO MANY TIMES, TRYING ANOTHER ENVIRONMENT
On 3352 out of 10000
On 3353 out of 10000
Failed run, not saved
On 3353 out of 10000
On 3354 out of 10000
On 3355 out of 10000
On 3356 out of 10000
On 3357 out of 10000
On 3358 out of 10000
On 3359 out of 10000
On 3360 out of 10000
On 3361 out of 10000
On 3362 out of 10000
On 3363 out of 10000
Failed run, not saved
On 3363 out of 10000
On 3364 out of 10000
On 3365 out of 10000
On 3366 out of 10000
Failed run, not saved
On 3366 out of 10000
Failed run, not saved
On 3366 out of 10000
Failed run, not saved
On 3366 out of 10000
Failed run, not saved
On 3366 out of 10000
Failed run, not saved
On 3366 out of 10000
Failed run, not saved
On 3366 out of 10000
Failed run, not saved
On 3366 out of 10000
Failed run, not saved
On 3366 out of 10000
Failed run, not saved
On 3366 out of 10000
Failed run, not saved
On 3366 out of 10000
On 3367 out of 10000
On 3368 out of 10000
On 3369 out of 10000
On 3370 out of 10000
Failed run, not saved
On 3370 out of 10000
Failed run, not saved
On 3370 out of 10000
Failed run, not saved
On 3370 out of 10000
Failed run, not saved
On 3370 out of 10000
Failed run, not saved
On 3370 out of 10000
Failed run, not saved
On 3370 out of 10000
Failed run, not saved
On 3370 out of 10000
Failed run, not saved
On 3370 out of 10000
Failed run, not saved
On 3370 out of 10000
Failed run, not saved
On 3370 out of 10000
Failed run, not saved
		FAILED TOO MANY TIMES, TRYING ANOTHER ENVIRONMENT
On 3370 out of 10000
Failed run, not saved
		FAILED TOO MANY TIMES, TRYING ANOTHER ENVIRONMENT
On 3370 out of 10000
Failed run, not saved
		FAILED TOO MANY TIMES, TRYING ANOTHER ENVIRONMENT
On 3370 out of 10000
On 3371 out of 10000
On 3372 out of 10000
On 3373 out of 10000
Failed run, not saved
On 3373 out of 10000
Failed run, not saved
On 3373 out of 10000
On 3374 out of 10000
On 3375 out of 10000
On 3376 out of 10000
On 3377 out of 10000
On 3378 out of 10000
On 3379 out of 10000
Failed run, not saved
On 3379 out of 10000
Failed run, not saved
On 3379 out of 10000
Failed run, not saved
On 3379 out of 10000
Failed run, not saved
On 3379 out of 10000
Failed run, not saved
On 3379 out of 10000
Failed run, not saved
On 3379 out of 10000
Failed run, not saved
On 3379 out of 10000
On 3380 out of 10000
On 3381 out of 10000
On 3382 out of 10000
On 3383 out of 10000
On 3384 out of 10000
On 3385 out of 10000
On 3386 out of 10000
On 3387 out of 10000
On 3388 out of 10000
On 3389 out of 10000
On 3390 out of 10000
On 3391 out of 10000
Failed run, not saved
On 3391 out of 10000
On 3392 out of 10000
Failed run, not saved
On 3392 out of 10000
Failed run, not saved
On 3392 out of 10000
Failed run, not saved
On 3392 out of 10000
Failed run, not saved
On 3392 out of 10000
Failed run, not saved
On 3392 out of 10000
Failed run, not saved
On 3392 out of 10000
Failed run, not saved
On 3392 out of 10000
Failed run, not saved
On 3392 out of 10000
Failed run, not saved
On 3392 out of 10000
Failed run, not saved
On 3392 out of 10000
Failed run, not saved
		FAILED TOO MANY TIMES, TRYING ANOTHER ENVIRONMENT
On 3392 out of 10000
On 3393 out of 10000
On 3394 out of 10000
Failed run, not saved
On 3394 out of 10000
On 3395 out of 10000
On 3396 out of 10000
On 3397 out of 10000
On 3398 out of 10000
On 3399 out of 10000
Failed run, not saved
On 3399 out of 10000
On 3400 out of 10000
On 3401 out of 10000
On 3402 out of 10000
Failed run, not saved
On 3402 out of 10000
On 3403 out of 10000
On 3404 out of 10000
On 3405 out of 10000
On 3406 out of 10000
On 3407 out of 10000
Failed run, not saved
On 3407 out of 10000
Failed run, not saved
On 3407 out of 10000
Failed run, not saved
On 3407 out of 10000
Failed run, not saved
On 3407 out of 10000
Failed run, not saved
On 3407 out of 10000
Failed run, not saved
On 3407 out of 10000
Failed run, not saved
On 3407 out of 10000
Failed run, not saved
On 3407 out of 10000
Failed run, not saved
On 3407 out of 10000
Failed run, not saved
On 3407 out of 10000
Failed run, not saved
		FAILED TOO MANY TIMES, TRYING ANOTHER ENVIRONMENT
On 3407 out of 10000
Failed run, not saved
		FAILED TOO MANY TIMES, TRYING ANOTHER ENVIRONMENT
On 3407 out of 10000
On 3408 out of 10000
On 3409 out of 10000
On 3410 out of 10000
On 3411 out of 10000
On 3412 out of 10000
Failed run, not saved
On 3412 out of 10000
Failed run, not saved
On 3412 out of 10000
Failed run, not saved
On 3412 out of 10000
Failed run, not saved
On 3412 out of 10000
Failed run, not saved
On 3412 out of 10000
On 3413 out of 10000
On 3414 out of 10000
On 3415 out of 10000
On 3416 out of 10000
Failed run, not saved
On 3416 out of 10000
Failed run, not saved
On 3416 out of 10000
Failed run, not saved
On 3416 out of 10000
Failed run, not saved
On 3416 out of 10000
On 3417 out of 10000
Failed run, not saved
On 3417 out of 10000
Failed run, not saved
On 3417 out of 10000
Failed run, not saved
On 3417 out of 10000
Failed run, not saved
On 3417 out of 10000
Failed run, not saved
On 3417 out of 10000
Failed run, not saved
On 3417 out of 10000
Failed run, not saved
On 3417 out of 10000
Failed run, not saved
On 3417 out of 10000
Failed run, not saved
On 3417 out of 10000
Failed run, not saved
On 3417 out of 10000
Failed run, not saved
		FAILED TOO MANY TIMES, TRYING ANOTHER ENVIRONMENT
On 3417 out of 10000
On 3418 out of 10000
Failed run, not saved
On 3418 out of 10000
On 3419 out of 10000
On 3420 out of 10000
Failed run, not saved
On 3420 out of 10000
On 3421 out of 10000
Failed run, not saved
On 3421 out of 10000
Failed run, not saved
On 3421 out of 10000
Failed run, not saved
On 3421 out of 10000
Failed run, not saved
On 3421 out of 10000
Failed run, not saved
On 3421 out of 10000
Failed run, not saved
On 3421 out of 10000
Failed run, not saved
On 3421 out of 10000
Failed run, not saved
On 3421 out of 10000
Failed run, not saved
On 3421 out of 10000
Failed run, not saved
On 3421 out of 10000
Failed run, not saved
		FAILED TOO MANY TIMES, TRYING ANOTHER ENVIRONMENT
On 3421 out of 10000
On 3422 out of 10000
On 3423 out of 10000
On 3424 out of 10000
On 3425 out of 10000
Failed run, not saved
On 3425 out of 10000
Failed run, not saved
On 3425 out of 10000
Failed run, not saved
On 3425 out of 10000
Failed run, not saved
On 3425 out of 10000
Failed run, not saved
On 3425 out of 10000
Failed run, not saved
On 3425 out of 10000
Failed run, not saved
On 3425 out of 10000
Failed run, not saved
On 3425 out of 10000
Failed run, not saved
On 3425 out of 10000
Failed run, not saved
On 3425 out of 10000
Failed run, not saved
		FAILED TOO MANY TIMES, TRYING ANOTHER ENVIRONMENT
On 3425 out of 10000
Failed run, not saved
		FAILED TOO MANY TIMES, TRYING ANOTHER ENVIRONMENT
On 3425 out of 10000
On 3426 out of 10000
Failed run, not saved
On 3426 out of 10000
On 3427 out of 10000
On 3428 out of 10000
On 3429 out of 10000
On 3430 out of 10000
On 3431 out of 10000
On 3432 out of 10000
On 3433 out of 10000
On 3434 out of 10000
Failed run, not saved
On 3434 out of 10000
Failed run, not saved
On 3434 out of 10000
Failed run, not saved
On 3434 out of 10000
Failed run, not saved
On 3434 out of 10000
Failed run, not saved
On 3434 out of 10000
Failed run, not saved
On 3434 out of 10000
Failed run, not saved
On 3434 out of 10000
Failed run, not saved
On 3434 out of 10000
Failed run, not saved
On 3434 out of 10000
Failed run, not saved
On 3434 out of 10000
Failed run, not saved
		FAILED TOO MANY TIMES, TRYING ANOTHER ENVIRONMENT
On 3434 out of 10000
On 3435 out of 10000
On 3436 out of 10000
On 3437 out of 10000
On 3438 out of 10000
Failed run, not saved
On 3438 out of 10000
Failed run, not saved
On 3438 out of 10000
On 3439 out of 10000
On 3440 out of 10000
On 3441 out of 10000
Failed run, not saved
On 3441 out of 10000
Failed run, not saved
On 3441 out of 10000
Failed run, not saved
On 3441 out of 10000
Failed run, not saved
On 3441 out of 10000
Failed run, not saved
On 3441 out of 10000
Failed run, not saved
On 3441 out of 10000
Failed run, not saved
On 3441 out of 10000
Failed run, not saved
On 3441 out of 10000
Failed run, not saved
On 3441 out of 10000
Failed run, not saved
On 3441 out of 10000
On 3442 out of 10000
On 3443 out of 10000
On 3444 out of 10000
Failed run, not saved
On 3444 out of 10000
Failed run, not saved
On 3444 out of 10000
Failed run, not saved
On 3444 out of 10000
Failed run, not saved
On 3444 out of 10000
Failed run, not saved
On 3444 out of 10000
Failed run, not saved
On 3444 out of 10000
Failed run, not saved
On 3444 out of 10000
Failed run, not saved
On 3444 out of 10000
On 3445 out of 10000
Failed run, not saved
On 3445 out of 10000
Failed run, not saved
On 3445 out of 10000
Failed run, not saved
On 3445 out of 10000
Failed run, not saved
On 3445 out of 10000
Failed run, not saved
On 3445 out of 10000
Failed run, not saved
On 3445 out of 10000
Failed run, not saved
On 3445 out of 10000
Failed run, not saved
On 3445 out of 10000
Failed run, not saved
On 3445 out of 10000
Failed run, not saved
On 3445 out of 10000
Failed run, not saved
		FAILED TOO MANY TIMES, TRYING ANOTHER ENVIRONMENT
On 3445 out of 10000
On 3446 out of 10000
On 3447 out of 10000
Failed run, not saved
On 3447 out of 10000
Failed run, not saved
On 3447 out of 10000
On 3448 out of 10000
On 3449 out of 10000
Failed run, not saved
On 3449 out of 10000
Failed run, not saved
On 3449 out of 10000
Failed run, not saved
On 3449 out of 10000
Failed run, not saved
On 3449 out of 10000
Failed run, not saved
On 3449 out of 10000
Failed run, not saved
On 3449 out of 10000
Failed run, not saved
On 3449 out of 10000
Failed run, not saved
On 3449 out of 10000
Failed run, not saved
On 3449 out of 10000
Failed run, not saved
On 3449 out of 10000
Failed run, not saved
		FAILED TOO MANY TIMES, TRYING ANOTHER ENVIRONMENT
On 3449 out of 10000
On 3450 out of 10000
On 3451 out of 10000
On 3452 out of 10000
On 3453 out of 10000
On 3454 out of 10000
On 3455 out of 10000
Failed run, not saved
On 3455 out of 10000
Failed run, not saved
On 3455 out of 10000
Failed run, not saved
On 3455 out of 10000
Failed run, not saved
On 3455 out of 10000
Failed run, not saved
On 3455 out of 10000
Failed run, not saved
On 3455 out of 10000
Failed run, not saved
On 3455 out of 10000
Failed run, not saved
On 3455 out of 10000
Failed run, not saved
On 3455 out of 10000
Failed run, not saved
On 3455 out of 10000
Failed run, not saved
		FAILED TOO MANY TIMES, TRYING ANOTHER ENVIRONMENT
On 3455 out of 10000
On 3456 out of 10000
Failed run, not saved
On 3456 out of 10000
Failed run, not saved
On 3456 out of 10000
Failed run, not saved
On 3456 out of 10000
On 3457 out of 10000
On 3458 out of 10000
On 3459 out of 10000
On 3460 out of 10000
On 3461 out of 10000
On 3462 out of 10000
Failed run, not saved
On 3462 out of 10000
On 3463 out of 10000
On 3464 out of 10000
On 3465 out of 10000
On 3466 out of 10000
On 3467 out of 10000
Failed run, not saved
On 3467 out of 10000
On 3468 out of 10000
On 3469 out of 10000
On 3470 out of 10000
Failed run, not saved
On 3470 out of 10000
Failed run, not saved
On 3470 out of 10000
Failed run, not saved
On 3470 out of 10000
Failed run, not saved
On 3470 out of 10000
Failed run, not saved
On 3470 out of 10000
Failed run, not saved
On 3470 out of 10000
Failed run, not saved
On 3470 out of 10000
Failed run, not saved
On 3470 out of 10000
Failed run, not saved
On 3470 out of 10000
Failed run, not saved
On 3470 out of 10000
Failed run, not saved
		FAILED TOO MANY TIMES, TRYING ANOTHER ENVIRONMENT
On 3470 out of 10000
On 3471 out of 10000
On 3472 out of 10000
On 3473 out of 10000
Failed run, not saved
On 3473 out of 10000
Failed run, not saved
On 3473 out of 10000
Failed run, not saved
On 3473 out of 10000
On 3474 out of 10000
On 3475 out of 10000
On 3476 out of 10000
On 3477 out of 10000
On 3478 out of 10000
On 3479 out of 10000
On 3480 out of 10000
On 3481 out of 10000
On 3482 out of 10000
On 3483 out of 10000
On 3484 out of 10000
Failed run, not saved
On 3484 out of 10000
On 3485 out of 10000
On 3486 out of 10000
On 3487 out of 10000
On 3488 out of 10000
Failed run, not saved
On 3488 out of 10000
Failed run, not saved
On 3488 out of 10000
Failed run, not saved
On 3488 out of 10000
Failed run, not saved
On 3488 out of 10000
Failed run, not saved
On 3488 out of 10000
Failed run, not saved
On 3488 out of 10000
Failed run, not saved
On 3488 out of 10000
Failed run, not saved
On 3488 out of 10000
Failed run, not saved
On 3488 out of 10000
Failed run, not saved
On 3488 out of 10000
Failed run, not saved
		FAILED TOO MANY TIMES, TRYING ANOTHER ENVIRONMENT
On 3488 out of 10000
On 3489 out of 10000
On 3490 out of 10000
On 3491 out of 10000
On 3492 out of 10000
On 3493 out of 10000
On 3494 out of 10000
Failed run, not saved
On 3494 out of 10000
On 3495 out of 10000
Failed run, not saved
On 3495 out of 10000
Failed run, not saved
On 3495 out of 10000
Failed run, not saved
On 3495 out of 10000
Failed run, not saved
On 3495 out of 10000
Failed run, not saved
On 3495 out of 10000
Failed run, not saved
On 3495 out of 10000
Failed run, not saved
On 3495 out of 10000
Failed run, not saved
On 3495 out of 10000
Failed run, not saved
On 3495 out of 10000
Failed run, not saved
On 3495 out of 10000
Failed run, not saved
		FAILED TOO MANY TIMES, TRYING ANOTHER ENVIRONMENT
On 3495 out of 10000
Failed run, not saved
		FAILED TOO MANY TIMES, TRYING ANOTHER ENVIRONMENT
On 3495 out of 10000
On 3496 out of 10000
On 3497 out of 10000
On 3498 out of 10000
Failed run, not saved
On 3498 out of 10000
Failed run, not saved
On 3498 out of 10000
Failed run, not saved
On 3498 out of 10000
On 3499 out of 10000
On 3500 out of 10000
On 3501 out of 10000
On 3502 out of 10000
On 3503 out of 10000
On 3504 out of 10000
On 3505 out of 10000
On 3506 out of 10000
On 3507 out of 10000
Failed run, not saved
On 3507 out of 10000
Failed run, not saved
On 3507 out of 10000
On 3508 out of 10000
Failed run, not saved
On 3508 out of 10000
Failed run, not saved
On 3508 out of 10000
Failed run, not saved
On 3508 out of 10000
Failed run, not saved
On 3508 out of 10000
Failed run, not saved
On 3508 out of 10000
Failed run, not saved
On 3508 out of 10000
On 3509 out of 10000
Failed run, not saved
On 3509 out of 10000
Failed run, not saved
On 3509 out of 10000
Failed run, not saved
On 3509 out of 10000
Failed run, not saved
On 3509 out of 10000
Failed run, not saved
On 3509 out of 10000
Failed run, not saved
On 3509 out of 10000
Failed run, not saved
On 3509 out of 10000
Failed run, not saved
On 3509 out of 10000
Failed run, not saved
On 3509 out of 10000
Failed run, not saved
On 3509 out of 10000
Failed run, not saved
		FAILED TOO MANY TIMES, TRYING ANOTHER ENVIRONMENT
On 3509 out of 10000
On 3510 out of 10000
Failed run, not saved
On 3510 out of 10000
Failed run, not saved
On 3510 out of 10000
On 3511 out of 10000
On 3512 out of 10000
On 3513 out of 10000
Failed run, not saved
On 3513 out of 10000
Failed run, not saved
On 3513 out of 10000
Failed run, not saved
On 3513 out of 10000
Failed run, not saved
On 3513 out of 10000
On 3514 out of 10000
On 3515 out of 10000
Failed run, not saved
On 3515 out of 10000
Failed run, not saved
On 3515 out of 10000
Failed run, not saved
On 3515 out of 10000
Failed run, not saved
On 3515 out of 10000
Failed run, not saved
On 3515 out of 10000
Failed run, not saved
On 3515 out of 10000
On 3516 out of 10000
On 3517 out of 10000
On 3518 out of 10000
On 3519 out of 10000
On 3520 out of 10000
On 3521 out of 10000
On 3522 out of 10000
Failed run, not saved
On 3522 out of 10000
Failed run, not saved
On 3522 out of 10000
Failed run, not saved
On 3522 out of 10000
Failed run, not saved
On 3522 out of 10000
Failed run, not saved
On 3522 out of 10000
Failed run, not saved
On 3522 out of 10000
Failed run, not saved
On 3522 out of 10000
Failed run, not saved
On 3522 out of 10000
Failed run, not saved
On 3522 out of 10000
Failed run, not saved
On 3522 out of 10000
Failed run, not saved
		FAILED TOO MANY TIMES, TRYING ANOTHER ENVIRONMENT
On 3522 out of 10000
On 3523 out of 10000
On 3524 out of 10000
On 3525 out of 10000
On 3526 out of 10000
On 3527 out of 10000
On 3528 out of 10000
On 3529 out of 10000
Failed run, not saved
On 3529 out of 10000
Failed run, not saved
On 3529 out of 10000
Failed run, not saved
On 3529 out of 10000
Failed run, not saved
On 3529 out of 10000
Failed run, not saved
On 3529 out of 10000
Failed run, not saved
On 3529 out of 10000
Failed run, not saved
On 3529 out of 10000
Failed run, not saved
On 3529 out of 10000
Failed run, not saved
On 3529 out of 10000
Failed run, not saved
On 3529 out of 10000
Failed run, not saved
		FAILED TOO MANY TIMES, TRYING ANOTHER ENVIRONMENT
On 3529 out of 10000
On 3530 out of 10000
On 3531 out of 10000
On 3532 out of 10000
On 3533 out of 10000
On 3534 out of 10000
On 3535 out of 10000
On 3536 out of 10000
Failed run, not saved
On 3536 out of 10000
Failed run, not saved
On 3536 out of 10000
Failed run, not saved
On 3536 out of 10000
Failed run, not saved
On 3536 out of 10000
Failed run, not saved
On 3536 out of 10000
Failed run, not saved
On 3536 out of 10000
Failed run, not saved
On 3536 out of 10000
Failed run, not saved
On 3536 out of 10000
Failed run, not saved
On 3536 out of 10000
Failed run, not saved
On 3536 out of 10000
Failed run, not saved
		FAILED TOO MANY TIMES, TRYING ANOTHER ENVIRONMENT
On 3536 out of 10000
On 3537 out of 10000
On 3538 out of 10000
Failed run, not saved
On 3538 out of 10000
On 3539 out of 10000
On 3540 out of 10000
On 3541 out of 10000
On 3542 out of 10000
On 3543 out of 10000
On 3544 out of 10000
Failed run, not saved
On 3544 out of 10000
Failed run, not saved
On 3544 out of 10000
Failed run, not saved
On 3544 out of 10000
Failed run, not saved
On 3544 out of 10000
Failed run, not saved
On 3544 out of 10000
Failed run, not saved
On 3544 out of 10000
Failed run, not saved
On 3544 out of 10000
Failed run, not saved
On 3544 out of 10000
Failed run, not saved
On 3544 out of 10000
Failed run, not saved
On 3544 out of 10000
Failed run, not saved
		FAILED TOO MANY TIMES, TRYING ANOTHER ENVIRONMENT
On 3544 out of 10000
On 3545 out of 10000
On 3546 out of 10000
On 3547 out of 10000
Failed run, not saved
On 3547 out of 10000
Failed run, not saved
On 3547 out of 10000
Failed run, not saved
On 3547 out of 10000
Failed run, not saved
On 3547 out of 10000
Failed run, not saved
On 3547 out of 10000
Failed run, not saved
On 3547 out of 10000
On 3548 out of 10000
On 3549 out of 10000
On 3550 out of 10000
Failed run, not saved
On 3550 out of 10000
On 3551 out of 10000
On 3552 out of 10000
On 3553 out of 10000
Failed run, not saved
On 3553 out of 10000
On 3554 out of 10000
Failed run, not saved
On 3554 out of 10000
Failed run, not saved
On 3554 out of 10000
Failed run, not saved
On 3554 out of 10000
Failed run, not saved
On 3554 out of 10000
Failed run, not saved
On 3554 out of 10000
Failed run, not saved
On 3554 out of 10000
Failed run, not saved
On 3554 out of 10000
On 3555 out of 10000
On 3556 out of 10000
On 3557 out of 10000
Failed run, not saved
On 3557 out of 10000
Failed run, not saved
On 3557 out of 10000
On 3558 out of 10000
Failed run, not saved
On 3558 out of 10000
Failed run, not saved
On 3558 out of 10000
Failed run, not saved
On 3558 out of 10000
Failed run, not saved
On 3558 out of 10000
Failed run, not saved
On 3558 out of 10000
Failed run, not saved
On 3558 out of 10000
Failed run, not saved
On 3558 out of 10000
Failed run, not saved
On 3558 out of 10000
Failed run, not saved
On 3558 out of 10000
Failed run, not saved
On 3558 out of 10000
Failed run, not saved
		FAILED TOO MANY TIMES, TRYING ANOTHER ENVIRONMENT
On 3558 out of 10000
On 3559 out of 10000
Failed run, not saved
On 3559 out of 10000
Failed run, not saved
On 3559 out of 10000
On 3560 out of 10000
On 3561 out of 10000
On 3562 out of 10000
On 3563 out of 10000
On 3564 out of 10000
Failed run, not saved
On 3564 out of 10000
Failed run, not saved
On 3564 out of 10000
Failed run, not saved
On 3564 out of 10000
Failed run, not saved
On 3564 out of 10000
Failed run, not saved
On 3564 out of 10000
Failed run, not saved
On 3564 out of 10000
Failed run, not saved
On 3564 out of 10000
Failed run, not saved
On 3564 out of 10000
Failed run, not saved
On 3564 out of 10000
Failed run, not saved
On 3564 out of 10000
Failed run, not saved
		FAILED TOO MANY TIMES, TRYING ANOTHER ENVIRONMENT
On 3564 out of 10000
On 3565 out of 10000
Failed run, not saved
On 3565 out of 10000
Failed run, not saved
On 3565 out of 10000
Failed run, not saved
On 3565 out of 10000
Failed run, not saved
On 3565 out of 10000
Failed run, not saved
On 3565 out of 10000
Failed run, not saved
On 3565 out of 10000
Failed run, not saved
On 3565 out of 10000
Failed run, not saved
On 3565 out of 10000
Failed run, not saved
On 3565 out of 10000
On 3566 out of 10000
Failed run, not saved
On 3566 out of 10000
On 3567 out of 10000
On 3568 out of 10000
On 3569 out of 10000
On 3570 out of 10000
Failed run, not saved
On 3570 out of 10000
On 3571 out of 10000
On 3572 out of 10000
Failed run, not saved
On 3572 out of 10000
On 3573 out of 10000
On 3574 out of 10000
Failed run, not saved
On 3574 out of 10000
On 3575 out of 10000
On 3576 out of 10000
On 3577 out of 10000
Failed run, not saved
On 3577 out of 10000
On 3578 out of 10000
Failed run, not saved
On 3578 out of 10000
Failed run, not saved
On 3578 out of 10000
Failed run, not saved
On 3578 out of 10000
On 3579 out of 10000
Failed run, not saved
On 3579 out of 10000
Failed run, not saved
On 3579 out of 10000
Failed run, not saved
On 3579 out of 10000
Failed run, not saved
On 3579 out of 10000
Failed run, not saved
On 3579 out of 10000
Failed run, not saved
On 3579 out of 10000
Failed run, not saved
On 3579 out of 10000
Failed run, not saved
On 3579 out of 10000
Failed run, not saved
On 3579 out of 10000
Failed run, not saved
On 3579 out of 10000
Failed run, not saved
		FAILED TOO MANY TIMES, TRYING ANOTHER ENVIRONMENT
On 3579 out of 10000
On 3580 out of 10000
Failed run, not saved
On 3580 out of 10000
Failed run, not saved
On 3580 out of 10000
Failed run, not saved
On 3580 out of 10000
Failed run, not saved
On 3580 out of 10000
Failed run, not saved
On 3580 out of 10000
Failed run, not saved
On 3580 out of 10000
Failed run, not saved
On 3580 out of 10000
Failed run, not saved
On 3580 out of 10000
Failed run, not saved
On 3580 out of 10000
Failed run, not saved
On 3580 out of 10000
Failed run, not saved
		FAILED TOO MANY TIMES, TRYING ANOTHER ENVIRONMENT
On 3580 out of 10000
On 3581 out of 10000
On 3582 out of 10000
Failed run, not saved
On 3582 out of 10000
On 3583 out of 10000
On 3584 out of 10000
On 3585 out of 10000
On 3586 out of 10000
On 3587 out of 10000
On 3588 out of 10000
Failed run, not saved
On 3588 out of 10000
Failed run, not saved
On 3588 out of 10000
Failed run, not saved
On 3588 out of 10000
Failed run, not saved
On 3588 out of 10000
Failed run, not saved
On 3588 out of 10000
Failed run, not saved
On 3588 out of 10000
Failed run, not saved
On 3588 out of 10000
On 3589 out of 10000
Failed run, not saved
On 3589 out of 10000
On 3590 out of 10000
Failed run, not saved
On 3590 out of 10000
On 3591 out of 10000
On 3592 out of 10000
Failed run, not saved
On 3592 out of 10000
Failed run, not saved
On 3592 out of 10000
On 3593 out of 10000
Failed run, not saved
On 3593 out of 10000
Failed run, not saved
On 3593 out of 10000
Failed run, not saved
On 3593 out of 10000
Failed run, not saved
On 3593 out of 10000
On 3594 out of 10000
On 3595 out of 10000
On 3596 out of 10000
On 3597 out of 10000
On 3598 out of 10000
On 3599 out of 10000
On 3600 out of 10000
On 3601 out of 10000
On 3602 out of 10000
On 3603 out of 10000
Failed run, not saved
On 3603 out of 10000
On 3604 out of 10000
On 3605 out of 10000
On 3606 out of 10000
On 3607 out of 10000
Failed run, not saved
On 3607 out of 10000
Failed run, not saved
On 3607 out of 10000
Failed run, not saved
On 3607 out of 10000
Failed run, not saved
On 3607 out of 10000
Failed run, not saved
On 3607 out of 10000
Failed run, not saved
On 3607 out of 10000
Failed run, not saved
On 3607 out of 10000
Failed run, not saved
On 3607 out of 10000
Failed run, not saved
On 3607 out of 10000
Failed run, not saved
On 3607 out of 10000
Failed run, not saved
		FAILED TOO MANY TIMES, TRYING ANOTHER ENVIRONMENT
On 3607 out of 10000
On 3608 out of 10000
Failed run, not saved
On 3608 out of 10000
Failed run, not saved
On 3608 out of 10000
Failed run, not saved
On 3608 out of 10000
Failed run, not saved
On 3608 out of 10000
Failed run, not saved
On 3608 out of 10000
Failed run, not saved
On 3608 out of 10000
Failed run, not saved
On 3608 out of 10000
Failed run, not saved
On 3608 out of 10000
Failed run, not saved
On 3608 out of 10000
Failed run, not saved
On 3608 out of 10000
Failed run, not saved
		FAILED TOO MANY TIMES, TRYING ANOTHER ENVIRONMENT
On 3608 out of 10000
Failed run, not saved
		FAILED TOO MANY TIMES, TRYING ANOTHER ENVIRONMENT
On 3608 out of 10000
On 3609 out of 10000
On 3610 out of 10000
On 3611 out of 10000
Failed run, not saved
On 3611 out of 10000
Failed run, not saved
On 3611 out of 10000
Failed run, not saved
On 3611 out of 10000
On 3612 out of 10000
Failed run, not saved
On 3612 out of 10000
Failed run, not saved
On 3612 out of 10000
Failed run, not saved
On 3612 out of 10000
Failed run, not saved
On 3612 out of 10000
On 3613 out of 10000
On 3614 out of 10000
On 3615 out of 10000
On 3616 out of 10000
On 3617 out of 10000
On 3618 out of 10000
On 3619 out of 10000
On 3620 out of 10000
On 3621 out of 10000
On 3622 out of 10000
On 3623 out of 10000
On 3624 out of 10000
On 3625 out of 10000
Failed run, not saved
On 3625 out of 10000
Failed run, not saved
On 3625 out of 10000
Failed run, not saved
On 3625 out of 10000
Failed run, not saved
On 3625 out of 10000
Failed run, not saved
On 3625 out of 10000
Failed run, not saved
On 3625 out of 10000
Failed run, not saved
On 3625 out of 10000
Failed run, not saved
On 3625 out of 10000
Failed run, not saved
On 3625 out of 10000
Failed run, not saved
On 3625 out of 10000
Failed run, not saved
		FAILED TOO MANY TIMES, TRYING ANOTHER ENVIRONMENT
On 3625 out of 10000
Failed run, not saved
		FAILED TOO MANY TIMES, TRYING ANOTHER ENVIRONMENT
On 3625 out of 10000
On 3626 out of 10000
On 3627 out of 10000
Failed run, not saved
On 3627 out of 10000
Failed run, not saved
On 3627 out of 10000
Failed run, not saved
On 3627 out of 10000
Failed run, not saved
On 3627 out of 10000
Failed run, not saved
On 3627 out of 10000
Failed run, not saved
On 3627 out of 10000
Failed run, not saved
On 3627 out of 10000
Failed run, not saved
On 3627 out of 10000
Failed run, not saved
On 3627 out of 10000
Failed run, not saved
On 3627 out of 10000
Failed run, not saved
		FAILED TOO MANY TIMES, TRYING ANOTHER ENVIRONMENT
On 3627 out of 10000
On 3628 out of 10000
On 3629 out of 10000
On 3630 out of 10000
On 3631 out of 10000
On 3632 out of 10000
On 3633 out of 10000
On 3634 out of 10000
On 3635 out of 10000
On 3636 out of 10000
On 3637 out of 10000
On 3638 out of 10000
Failed run, not saved
On 3638 out of 10000
Failed run, not saved
On 3638 out of 10000
Failed run, not saved
On 3638 out of 10000
Failed run, not saved
On 3638 out of 10000
Failed run, not saved
On 3638 out of 10000
Failed run, not saved
On 3638 out of 10000
Failed run, not saved
On 3638 out of 10000
Failed run, not saved
On 3638 out of 10000
Failed run, not saved
On 3638 out of 10000
Failed run, not saved
On 3638 out of 10000
Failed run, not saved
		FAILED TOO MANY TIMES, TRYING ANOTHER ENVIRONMENT
On 3638 out of 10000
On 3639 out of 10000
Failed run, not saved
On 3639 out of 10000
Failed run, not saved
On 3639 out of 10000
Failed run, not saved
On 3639 out of 10000
Failed run, not saved
On 3639 out of 10000
Failed run, not saved
On 3639 out of 10000
Failed run, not saved
On 3639 out of 10000
Failed run, not saved
On 3639 out of 10000
Failed run, not saved
On 3639 out of 10000
On 3640 out of 10000
Failed run, not saved
On 3640 out of 10000
Failed run, not saved
On 3640 out of 10000
Failed run, not saved
On 3640 out of 10000
Failed run, not saved
On 3640 out of 10000
Failed run, not saved
On 3640 out of 10000
Failed run, not saved
On 3640 out of 10000
Failed run, not saved
On 3640 out of 10000
Failed run, not saved
On 3640 out of 10000
Failed run, not saved
On 3640 out of 10000
Failed run, not saved
On 3640 out of 10000
Failed run, not saved
		FAILED TOO MANY TIMES, TRYING ANOTHER ENVIRONMENT
On 3640 out of 10000
On 3641 out of 10000
On 3642 out of 10000
Failed run, not saved
On 3642 out of 10000
On 3643 out of 10000
On 3644 out of 10000
Failed run, not saved
On 3644 out of 10000
Failed run, not saved
On 3644 out of 10000
Failed run, not saved
On 3644 out of 10000
Failed run, not saved
On 3644 out of 10000
Failed run, not saved
On 3644 out of 10000
Failed run, not saved
On 3644 out of 10000
Failed run, not saved
On 3644 out of 10000
Failed run, not saved
On 3644 out of 10000
Failed run, not saved
On 3644 out of 10000
Failed run, not saved
On 3644 out of 10000
Failed run, not saved
		FAILED TOO MANY TIMES, TRYING ANOTHER ENVIRONMENT
On 3644 out of 10000
On 3645 out of 10000
On 3646 out of 10000
Failed run, not saved
On 3646 out of 10000
Failed run, not saved
On 3646 out of 10000
On 3647 out of 10000
On 3648 out of 10000
On 3649 out of 10000
On 3650 out of 10000
On 3651 out of 10000
On 3652 out of 10000
Failed run, not saved
On 3652 out of 10000
Failed run, not saved
On 3652 out of 10000
Failed run, not saved
On 3652 out of 10000
Failed run, not saved
On 3652 out of 10000
Failed run, not saved
On 3652 out of 10000
Failed run, not saved
On 3652 out of 10000
Failed run, not saved
On 3652 out of 10000
Failed run, not saved
On 3652 out of 10000
Failed run, not saved
On 3652 out of 10000
Failed run, not saved
On 3652 out of 10000
Failed run, not saved
		FAILED TOO MANY TIMES, TRYING ANOTHER ENVIRONMENT
On 3652 out of 10000
Failed run, not saved
		FAILED TOO MANY TIMES, TRYING ANOTHER ENVIRONMENT
On 3652 out of 10000
On 3653 out of 10000
On 3654 out of 10000
Failed run, not saved
On 3654 out of 10000
Failed run, not saved
On 3654 out of 10000
On 3655 out of 10000
On 3656 out of 10000
On 3657 out of 10000
On 3658 out of 10000
On 3659 out of 10000
On 3660 out of 10000
On 3661 out of 10000
Failed run, not saved
On 3661 out of 10000
Failed run, not saved
On 3661 out of 10000
Failed run, not saved
On 3661 out of 10000
Failed run, not saved
On 3661 out of 10000
Failed run, not saved
On 3661 out of 10000
Failed run, not saved
On 3661 out of 10000
Failed run, not saved
On 3661 out of 10000
Failed run, not saved
On 3661 out of 10000
On 3662 out of 10000
On 3663 out of 10000
Failed run, not saved
On 3663 out of 10000
Failed run, not saved
On 3663 out of 10000
Failed run, not saved
On 3663 out of 10000
Failed run, not saved
On 3663 out of 10000
Failed run, not saved
On 3663 out of 10000
Failed run, not saved
On 3663 out of 10000
Failed run, not saved
On 3663 out of 10000
Failed run, not saved
On 3663 out of 10000
Failed run, not saved
On 3663 out of 10000
Failed run, not saved
On 3663 out of 10000
Failed run, not saved
		FAILED TOO MANY TIMES, TRYING ANOTHER ENVIRONMENT
On 3663 out of 10000
On 3664 out of 10000
On 3665 out of 10000
On 3666 out of 10000
Failed run, not saved
On 3666 out of 10000
On 3667 out of 10000
On 3668 out of 10000
On 3669 out of 10000
On 3670 out of 10000
On 3671 out of 10000
On 3672 out of 10000
Failed run, not saved
On 3672 out of 10000
Failed run, not saved
On 3672 out of 10000
On 3673 out of 10000
Failed run, not saved
On 3673 out of 10000
Failed run, not saved
On 3673 out of 10000
Failed run, not saved
On 3673 out of 10000
Failed run, not saved
On 3673 out of 10000
Failed run, not saved
On 3673 out of 10000
Failed run, not saved
On 3673 out of 10000
Failed run, not saved
On 3673 out of 10000
Failed run, not saved
On 3673 out of 10000
Failed run, not saved
On 3673 out of 10000
Failed run, not saved
On 3673 out of 10000
Failed run, not saved
		FAILED TOO MANY TIMES, TRYING ANOTHER ENVIRONMENT
On 3673 out of 10000
On 3674 out of 10000
Failed run, not saved
On 3674 out of 10000
On 3675 out of 10000
On 3676 out of 10000
Failed run, not saved
On 3676 out of 10000
Failed run, not saved
On 3676 out of 10000
Failed run, not saved
On 3676 out of 10000
Failed run, not saved
On 3676 out of 10000
Failed run, not saved
On 3676 out of 10000
Failed run, not saved
On 3676 out of 10000
Failed run, not saved
On 3676 out of 10000
Failed run, not saved
On 3676 out of 10000
Failed run, not saved
On 3676 out of 10000
Failed run, not saved
On 3676 out of 10000
Failed run, not saved
		FAILED TOO MANY TIMES, TRYING ANOTHER ENVIRONMENT
On 3676 out of 10000
On 3677 out of 10000
On 3678 out of 10000
On 3679 out of 10000
On 3680 out of 10000
On 3681 out of 10000
On 3682 out of 10000
On 3683 out of 10000
On 3684 out of 10000
On 3685 out of 10000
On 3686 out of 10000
On 3687 out of 10000
On 3688 out of 10000
On 3689 out of 10000
On 3690 out of 10000
On 3691 out of 10000
On 3692 out of 10000
On 3693 out of 10000
On 3694 out of 10000
On 3695 out of 10000
On 3696 out of 10000
On 3697 out of 10000
On 3698 out of 10000
On 3699 out of 10000
On 3700 out of 10000
On 3701 out of 10000
On 3702 out of 10000
On 3703 out of 10000
On 3704 out of 10000
On 3705 out of 10000
On 3706 out of 10000
On 3707 out of 10000
On 3708 out of 10000
Failed run, not saved
On 3708 out of 10000
Failed run, not saved
On 3708 out of 10000
Failed run, not saved
On 3708 out of 10000
Failed run, not saved
On 3708 out of 10000
Failed run, not saved
On 3708 out of 10000
Failed run, not saved
On 3708 out of 10000
Failed run, not saved
On 3708 out of 10000
Failed run, not saved
On 3708 out of 10000
Failed run, not saved
On 3708 out of 10000
Failed run, not saved
On 3708 out of 10000
Failed run, not saved
		FAILED TOO MANY TIMES, TRYING ANOTHER ENVIRONMENT
On 3708 out of 10000
On 3709 out of 10000
Failed run, not saved
On 3709 out of 10000
On 3710 out of 10000
On 3711 out of 10000
Failed run, not saved
On 3711 out of 10000
On 3712 out of 10000
On 3713 out of 10000
On 3714 out of 10000
On 3715 out of 10000
On 3716 out of 10000
On 3717 out of 10000
Failed run, not saved
On 3717 out of 10000
Failed run, not saved
On 3717 out of 10000
Failed run, not saved
On 3717 out of 10000
Failed run, not saved
On 3717 out of 10000
Failed run, not saved
On 3717 out of 10000
Failed run, not saved
On 3717 out of 10000
Failed run, not saved
On 3717 out of 10000
Failed run, not saved
On 3717 out of 10000
Failed run, not saved
On 3717 out of 10000
Failed run, not saved
On 3717 out of 10000
Failed run, not saved
		FAILED TOO MANY TIMES, TRYING ANOTHER ENVIRONMENT
On 3717 out of 10000
On 3718 out of 10000
On 3719 out of 10000
On 3720 out of 10000
On 3721 out of 10000
On 3722 out of 10000
On 3723 out of 10000
On 3724 out of 10000
On 3725 out of 10000
On 3726 out of 10000
On 3727 out of 10000
On 3728 out of 10000
On 3729 out of 10000
On 3730 out of 10000
On 3731 out of 10000
On 3732 out of 10000
On 3733 out of 10000
On 3734 out of 10000
On 3735 out of 10000
On 3736 out of 10000
On 3737 out of 10000
On 3738 out of 10000
On 3739 out of 10000
On 3740 out of 10000
On 3741 out of 10000
On 3742 out of 10000
On 3743 out of 10000
On 3744 out of 10000
Failed run, not saved
On 3744 out of 10000
On 3745 out of 10000
Failed run, not saved
On 3745 out of 10000
Failed run, not saved
On 3745 out of 10000
Failed run, not saved
On 3745 out of 10000
Failed run, not saved
On 3745 out of 10000
Failed run, not saved
On 3745 out of 10000
Failed run, not saved
On 3745 out of 10000
Failed run, not saved
On 3745 out of 10000
Failed run, not saved
On 3745 out of 10000
Failed run, not saved
On 3745 out of 10000
Failed run, not saved
On 3745 out of 10000
Failed run, not saved
		FAILED TOO MANY TIMES, TRYING ANOTHER ENVIRONMENT
On 3745 out of 10000
Failed run, not saved
		FAILED TOO MANY TIMES, TRYING ANOTHER ENVIRONMENT
On 3745 out of 10000
On 3746 out of 10000
On 3747 out of 10000
On 3748 out of 10000
On 3749 out of 10000
On 3750 out of 10000
Failed run, not saved
On 3750 out of 10000
On 3751 out of 10000
Failed run, not saved
On 3751 out of 10000
Failed run, not saved
On 3751 out of 10000
Failed run, not saved
On 3751 out of 10000
Failed run, not saved
On 3751 out of 10000
On 3752 out of 10000
Failed run, not saved
On 3752 out of 10000
On 3753 out of 10000
On 3754 out of 10000
On 3755 out of 10000
On 3756 out of 10000
Failed run, not saved
On 3756 out of 10000
Failed run, not saved
On 3756 out of 10000
Failed run, not saved
On 3756 out of 10000
Failed run, not saved
On 3756 out of 10000
Failed run, not saved
On 3756 out of 10000
Failed run, not saved
On 3756 out of 10000
Failed run, not saved
On 3756 out of 10000
Failed run, not saved
On 3756 out of 10000
Failed run, not saved
On 3756 out of 10000
Failed run, not saved
On 3756 out of 10000
Failed run, not saved
		FAILED TOO MANY TIMES, TRYING ANOTHER ENVIRONMENT
On 3756 out of 10000
On 3757 out of 10000
Failed run, not saved
On 3757 out of 10000
Failed run, not saved
On 3757 out of 10000
Failed run, not saved
On 3757 out of 10000
Failed run, not saved
On 3757 out of 10000
Failed run, not saved
On 3757 out of 10000
Failed run, not saved
On 3757 out of 10000
Failed run, not saved
On 3757 out of 10000
Failed run, not saved
On 3757 out of 10000
Failed run, not saved
On 3757 out of 10000
Failed run, not saved
On 3757 out of 10000
Failed run, not saved
		FAILED TOO MANY TIMES, TRYING ANOTHER ENVIRONMENT
On 3757 out of 10000
On 3758 out of 10000
On 3759 out of 10000
On 3760 out of 10000
Failed run, not saved
On 3760 out of 10000
On 3761 out of 10000
On 3762 out of 10000
On 3763 out of 10000
On 3764 out of 10000
On 3765 out of 10000
On 3766 out of 10000
Failed run, not saved
On 3766 out of 10000
On 3767 out of 10000
Failed run, not saved
On 3767 out of 10000
Failed run, not saved
On 3767 out of 10000
Failed run, not saved
On 3767 out of 10000
Failed run, not saved
On 3767 out of 10000
Failed run, not saved
On 3767 out of 10000
Failed run, not saved
On 3767 out of 10000
Failed run, not saved
On 3767 out of 10000
Failed run, not saved
On 3767 out of 10000
Failed run, not saved
On 3767 out of 10000
Failed run, not saved
On 3767 out of 10000
On 3768 out of 10000
On 3769 out of 10000
On 3770 out of 10000
Failed run, not saved
On 3770 out of 10000
Failed run, not saved
On 3770 out of 10000
Failed run, not saved
On 3770 out of 10000
Failed run, not saved
On 3770 out of 10000
Failed run, not saved
On 3770 out of 10000
Failed run, not saved
On 3770 out of 10000
Failed run, not saved
On 3770 out of 10000
Failed run, not saved
On 3770 out of 10000
Failed run, not saved
On 3770 out of 10000
Failed run, not saved
On 3770 out of 10000
Failed run, not saved
		FAILED TOO MANY TIMES, TRYING ANOTHER ENVIRONMENT
On 3770 out of 10000
Failed run, not saved
		FAILED TOO MANY TIMES, TRYING ANOTHER ENVIRONMENT
On 3770 out of 10000
On 3771 out of 10000
On 3772 out of 10000
On 3773 out of 10000
On 3774 out of 10000
On 3775 out of 10000
Failed run, not saved
On 3775 out of 10000
Failed run, not saved
On 3775 out of 10000
Failed run, not saved
On 3775 out of 10000
Failed run, not saved
On 3775 out of 10000
Failed run, not saved
On 3775 out of 10000
Failed run, not saved
On 3775 out of 10000
Failed run, not saved
On 3775 out of 10000
Failed run, not saved
On 3775 out of 10000
Failed run, not saved
On 3775 out of 10000
Failed run, not saved
On 3775 out of 10000
Failed run, not saved
		FAILED TOO MANY TIMES, TRYING ANOTHER ENVIRONMENT
On 3775 out of 10000
On 3776 out of 10000
Failed run, not saved
On 3776 out of 10000
Failed run, not saved
On 3776 out of 10000
Failed run, not saved
On 3776 out of 10000
Failed run, not saved
On 3776 out of 10000
Failed run, not saved
On 3776 out of 10000
Failed run, not saved
On 3776 out of 10000
On 3777 out of 10000
On 3778 out of 10000
On 3779 out of 10000
Failed run, not saved
On 3779 out of 10000
Failed run, not saved
On 3779 out of 10000
Failed run, not saved
On 3779 out of 10000
Failed run, not saved
On 3779 out of 10000
Failed run, not saved
On 3779 out of 10000
Failed run, not saved
On 3779 out of 10000
Failed run, not saved
On 3779 out of 10000
Failed run, not saved
On 3779 out of 10000
Failed run, not saved
On 3779 out of 10000
Failed run, not saved
On 3779 out of 10000
Failed run, not saved
		FAILED TOO MANY TIMES, TRYING ANOTHER ENVIRONMENT
On 3779 out of 10000
On 3780 out of 10000
Failed run, not saved
On 3780 out of 10000
Failed run, not saved
On 3780 out of 10000
On 3781 out of 10000
On 3782 out of 10000
On 3783 out of 10000
On 3784 out of 10000
On 3785 out of 10000
On 3786 out of 10000
On 3787 out of 10000
On 3788 out of 10000
On 3789 out of 10000
On 3790 out of 10000
Failed run, not saved
On 3790 out of 10000
Failed run, not saved
On 3790 out of 10000
Failed run, not saved
On 3790 out of 10000
Failed run, not saved
On 3790 out of 10000
Failed run, not saved
On 3790 out of 10000
Failed run, not saved
On 3790 out of 10000
Failed run, not saved
On 3790 out of 10000
Failed run, not saved
On 3790 out of 10000
Failed run, not saved
On 3790 out of 10000
Failed run, not saved
On 3790 out of 10000
Failed run, not saved
		FAILED TOO MANY TIMES, TRYING ANOTHER ENVIRONMENT
On 3790 out of 10000
On 3791 out of 10000
Failed run, not saved
On 3791 out of 10000
Failed run, not saved
On 3791 out of 10000
Failed run, not saved
On 3791 out of 10000
Failed run, not saved
On 3791 out of 10000
Failed run, not saved
On 3791 out of 10000
Failed run, not saved
On 3791 out of 10000
On 3792 out of 10000
On 3793 out of 10000
On 3794 out of 10000
On 3795 out of 10000
On 3796 out of 10000
On 3797 out of 10000
On 3798 out of 10000
On 3799 out of 10000
On 3800 out of 10000
Failed run, not saved
On 3800 out of 10000
Failed run, not saved
On 3800 out of 10000
Failed run, not saved
On 3800 out of 10000
Failed run, not saved
On 3800 out of 10000
Failed run, not saved
On 3800 out of 10000
Failed run, not saved
On 3800 out of 10000
Failed run, not saved
On 3800 out of 10000
On 3801 out of 10000
On 3802 out of 10000
On 3803 out of 10000
On 3804 out of 10000
Failed run, not saved
On 3804 out of 10000
Failed run, not saved
On 3804 out of 10000
Failed run, not saved
On 3804 out of 10000
Failed run, not saved
On 3804 out of 10000
Failed run, not saved
On 3804 out of 10000
Failed run, not saved
On 3804 out of 10000
Failed run, not saved
On 3804 out of 10000
Failed run, not saved
On 3804 out of 10000
Failed run, not saved
On 3804 out of 10000
Failed run, not saved
On 3804 out of 10000
Failed run, not saved
		FAILED TOO MANY TIMES, TRYING ANOTHER ENVIRONMENT
On 3804 out of 10000
Failed run, not saved
		FAILED TOO MANY TIMES, TRYING ANOTHER ENVIRONMENT
On 3804 out of 10000
On 3805 out of 10000
On 3806 out of 10000
On 3807 out of 10000
Failed run, not saved
On 3807 out of 10000
On 3808 out of 10000
On 3809 out of 10000
Failed run, not saved
On 3809 out of 10000
Failed run, not saved
On 3809 out of 10000
Failed run, not saved
On 3809 out of 10000
Failed run, not saved
On 3809 out of 10000
Failed run, not saved
On 3809 out of 10000
Failed run, not saved
On 3809 out of 10000
Failed run, not saved
On 3809 out of 10000
Failed run, not saved
On 3809 out of 10000
Failed run, not saved
On 3809 out of 10000
Failed run, not saved
On 3809 out of 10000
Failed run, not saved
		FAILED TOO MANY TIMES, TRYING ANOTHER ENVIRONMENT
On 3809 out of 10000
Failed run, not saved
		FAILED TOO MANY TIMES, TRYING ANOTHER ENVIRONMENT
On 3809 out of 10000
On 3810 out of 10000
On 3811 out of 10000
On 3812 out of 10000
On 3813 out of 10000
On 3814 out of 10000
Failed run, not saved
On 3814 out of 10000
Failed run, not saved
On 3814 out of 10000
Failed run, not saved
On 3814 out of 10000
Failed run, not saved
On 3814 out of 10000
On 3815 out of 10000
On 3816 out of 10000
On 3817 out of 10000
On 3818 out of 10000
On 3819 out of 10000
On 3820 out of 10000
On 3821 out of 10000
Failed run, not saved
On 3821 out of 10000
Failed run, not saved
On 3821 out of 10000
Failed run, not saved
On 3821 out of 10000
Failed run, not saved
On 3821 out of 10000
Failed run, not saved
On 3821 out of 10000
Failed run, not saved
On 3821 out of 10000
On 3822 out of 10000
On 3823 out of 10000
On 3824 out of 10000
On 3825 out of 10000
Failed run, not saved
On 3825 out of 10000
On 3826 out of 10000
On 3827 out of 10000
On 3828 out of 10000
On 3829 out of 10000
On 3830 out of 10000
On 3831 out of 10000
On 3832 out of 10000
On 3833 out of 10000
On 3834 out of 10000
On 3835 out of 10000
Failed run, not saved
On 3835 out of 10000
Failed run, not saved
On 3835 out of 10000
Failed run, not saved
On 3835 out of 10000
Failed run, not saved
On 3835 out of 10000
Failed run, not saved
On 3835 out of 10000
Failed run, not saved
On 3835 out of 10000
Failed run, not saved
On 3835 out of 10000
Failed run, not saved
On 3835 out of 10000
Failed run, not saved
On 3835 out of 10000
Failed run, not saved
On 3835 out of 10000
Failed run, not saved
		FAILED TOO MANY TIMES, TRYING ANOTHER ENVIRONMENT
On 3835 out of 10000
Failed run, not saved
		FAILED TOO MANY TIMES, TRYING ANOTHER ENVIRONMENT
On 3835 out of 10000
On 3836 out of 10000
Failed run, not saved
On 3836 out of 10000
Failed run, not saved
On 3836 out of 10000
Failed run, not saved
On 3836 out of 10000
Failed run, not saved
On 3836 out of 10000
Failed run, not saved
On 3836 out of 10000
Failed run, not saved
On 3836 out of 10000
Failed run, not saved
On 3836 out of 10000
Failed run, not saved
On 3836 out of 10000
Failed run, not saved
On 3836 out of 10000
Failed run, not saved
On 3836 out of 10000
Failed run, not saved
		FAILED TOO MANY TIMES, TRYING ANOTHER ENVIRONMENT
On 3836 out of 10000
On 3837 out of 10000
Failed run, not saved
On 3837 out of 10000
Failed run, not saved
On 3837 out of 10000
Failed run, not saved
On 3837 out of 10000
Failed run, not saved
On 3837 out of 10000
Failed run, not saved
On 3837 out of 10000
Failed run, not saved
On 3837 out of 10000
Failed run, not saved
On 3837 out of 10000
Failed run, not saved
On 3837 out of 10000
Failed run, not saved
On 3837 out of 10000
Failed run, not saved
On 3837 out of 10000
Failed run, not saved
		FAILED TOO MANY TIMES, TRYING ANOTHER ENVIRONMENT
On 3837 out of 10000
On 3838 out of 10000
Failed run, not saved
On 3838 out of 10000
On 3839 out of 10000
Failed run, not saved
On 3839 out of 10000
On 3840 out of 10000
Failed run, not saved
On 3840 out of 10000
Failed run, not saved
On 3840 out of 10000
Failed run, not saved
On 3840 out of 10000
Failed run, not saved
On 3840 out of 10000
Failed run, not saved
On 3840 out of 10000
Failed run, not saved
On 3840 out of 10000
Failed run, not saved
On 3840 out of 10000
Failed run, not saved
On 3840 out of 10000
Failed run, not saved
On 3840 out of 10000
Failed run, not saved
On 3840 out of 10000
Failed run, not saved
		FAILED TOO MANY TIMES, TRYING ANOTHER ENVIRONMENT
On 3840 out of 10000
On 3841 out of 10000
Failed run, not saved
On 3841 out of 10000
Failed run, not saved
On 3841 out of 10000
Failed run, not saved
On 3841 out of 10000
Failed run, not saved
On 3841 out of 10000
Failed run, not saved
On 3841 out of 10000
Failed run, not saved
On 3841 out of 10000
On 3842 out of 10000
Failed run, not saved
On 3842 out of 10000
On 3843 out of 10000
On 3844 out of 10000
On 3845 out of 10000
On 3846 out of 10000
On 3847 out of 10000
Failed run, not saved
On 3847 out of 10000
Failed run, not saved
On 3847 out of 10000
Failed run, not saved
On 3847 out of 10000
On 3848 out of 10000
On 3849 out of 10000
On 3850 out of 10000
Failed run, not saved
On 3850 out of 10000
On 3851 out of 10000
On 3852 out of 10000
Failed run, not saved
On 3852 out of 10000
Failed run, not saved
On 3852 out of 10000
Failed run, not saved
On 3852 out of 10000
Failed run, not saved
On 3852 out of 10000
Failed run, not saved
On 3852 out of 10000
Failed run, not saved
On 3852 out of 10000
Failed run, not saved
On 3852 out of 10000
Failed run, not saved
On 3852 out of 10000
Failed run, not saved
On 3852 out of 10000
Failed run, not saved
On 3852 out of 10000
Failed run, not saved
		FAILED TOO MANY TIMES, TRYING ANOTHER ENVIRONMENT
On 3852 out of 10000
On 3853 out of 10000
On 3854 out of 10000
Failed run, not saved
On 3854 out of 10000
On 3855 out of 10000
On 3856 out of 10000
On 3857 out of 10000
On 3858 out of 10000
On 3859 out of 10000
On 3860 out of 10000
On 3861 out of 10000
On 3862 out of 10000
On 3863 out of 10000
Failed run, not saved
On 3863 out of 10000
Failed run, not saved
On 3863 out of 10000
Failed run, not saved
On 3863 out of 10000
Failed run, not saved
On 3863 out of 10000
Failed run, not saved
On 3863 out of 10000
Failed run, not saved
On 3863 out of 10000
Failed run, not saved
On 3863 out of 10000
Failed run, not saved
On 3863 out of 10000
Failed run, not saved
On 3863 out of 10000
Failed run, not saved
On 3863 out of 10000
Failed run, not saved
		FAILED TOO MANY TIMES, TRYING ANOTHER ENVIRONMENT
On 3863 out of 10000
Failed run, not saved
		FAILED TOO MANY TIMES, TRYING ANOTHER ENVIRONMENT
On 3863 out of 10000
Failed run, not saved
		FAILED TOO MANY TIMES, TRYING ANOTHER ENVIRONMENT
On 3863 out of 10000
On 3864 out of 10000
Failed run, not saved
On 3864 out of 10000
Failed run, not saved
On 3864 out of 10000
Failed run, not saved
On 3864 out of 10000
Failed run, not saved
On 3864 out of 10000
Failed run, not saved
On 3864 out of 10000
Failed run, not saved
On 3864 out of 10000
Failed run, not saved
On 3864 out of 10000
Failed run, not saved
On 3864 out of 10000
Failed run, not saved
On 3864 out of 10000
Failed run, not saved
On 3864 out of 10000
Failed run, not saved
		FAILED TOO MANY TIMES, TRYING ANOTHER ENVIRONMENT
On 3864 out of 10000
Failed run, not saved
		FAILED TOO MANY TIMES, TRYING ANOTHER ENVIRONMENT
On 3864 out of 10000
Failed run, not saved
		FAILED TOO MANY TIMES, TRYING ANOTHER ENVIRONMENT
On 3864 out of 10000
On 3865 out of 10000
On 3866 out of 10000
On 3867 out of 10000
On 3868 out of 10000
Failed run, not saved
On 3868 out of 10000
Failed run, not saved
On 3868 out of 10000
Failed run, not saved
On 3868 out of 10000
On 3869 out of 10000
Failed run, not saved
On 3869 out of 10000
On 3870 out of 10000
Failed run, not saved
On 3870 out of 10000
On 3871 out of 10000
On 3872 out of 10000
On 3873 out of 10000
On 3874 out of 10000
Failed run, not saved
On 3874 out of 10000
On 3875 out of 10000
On 3876 out of 10000
On 3877 out of 10000
On 3878 out of 10000
On 3879 out of 10000
On 3880 out of 10000
On 3881 out of 10000
Failed run, not saved
On 3881 out of 10000
On 3882 out of 10000
Failed run, not saved
On 3882 out of 10000
On 3883 out of 10000
On 3884 out of 10000
Failed run, not saved
On 3884 out of 10000
Failed run, not saved
On 3884 out of 10000
Failed run, not saved
On 3884 out of 10000
On 3885 out of 10000
On 3886 out of 10000
On 3887 out of 10000
On 3888 out of 10000
On 3889 out of 10000
On 3890 out of 10000
On 3891 out of 10000
On 3892 out of 10000
Failed run, not saved
On 3892 out of 10000
On 3893 out of 10000
On 3894 out of 10000
On 3895 out of 10000
Failed run, not saved
On 3895 out of 10000
On 3896 out of 10000
On 3897 out of 10000
Failed run, not saved
On 3897 out of 10000
Failed run, not saved
On 3897 out of 10000
Failed run, not saved
On 3897 out of 10000
Failed run, not saved
On 3897 out of 10000
Failed run, not saved
On 3897 out of 10000
Failed run, not saved
On 3897 out of 10000
Failed run, not saved
On 3897 out of 10000
Failed run, not saved
On 3897 out of 10000
Failed run, not saved
On 3897 out of 10000
Failed run, not saved
On 3897 out of 10000
Failed run, not saved
		FAILED TOO MANY TIMES, TRYING ANOTHER ENVIRONMENT
On 3897 out of 10000
On 3898 out of 10000
On 3899 out of 10000
On 3900 out of 10000
On 3901 out of 10000
On 3902 out of 10000
On 3903 out of 10000
On 3904 out of 10000
Failed run, not saved
On 3904 out of 10000
Failed run, not saved
On 3904 out of 10000
Failed run, not saved
On 3904 out of 10000
Failed run, not saved
On 3904 out of 10000
On 3905 out of 10000
On 3906 out of 10000
On 3907 out of 10000
On 3908 out of 10000
Failed run, not saved
On 3908 out of 10000
Failed run, not saved
On 3908 out of 10000
Failed run, not saved
On 3908 out of 10000
Failed run, not saved
On 3908 out of 10000
Failed run, not saved
On 3908 out of 10000
Failed run, not saved
On 3908 out of 10000
Failed run, not saved
On 3908 out of 10000
Failed run, not saved
On 3908 out of 10000
Failed run, not saved
On 3908 out of 10000
Failed run, not saved
On 3908 out of 10000
Failed run, not saved
		FAILED TOO MANY TIMES, TRYING ANOTHER ENVIRONMENT
On 3908 out of 10000
On 3909 out of 10000
On 3910 out of 10000
On 3911 out of 10000
On 3912 out of 10000
Failed run, not saved
On 3912 out of 10000
Failed run, not saved
On 3912 out of 10000
Failed run, not saved
On 3912 out of 10000
Failed run, not saved
On 3912 out of 10000
Failed run, not saved
On 3912 out of 10000
Failed run, not saved
On 3912 out of 10000
Failed run, not saved
On 3912 out of 10000
Failed run, not saved
On 3912 out of 10000
Failed run, not saved
On 3912 out of 10000
Failed run, not saved
On 3912 out of 10000
Failed run, not saved
		FAILED TOO MANY TIMES, TRYING ANOTHER ENVIRONMENT
On 3912 out of 10000
On 3913 out of 10000
On 3914 out of 10000
On 3915 out of 10000
Failed run, not saved
On 3915 out of 10000
On 3916 out of 10000
Failed run, not saved
On 3916 out of 10000
On 3917 out of 10000
On 3918 out of 10000
Failed run, not saved
On 3918 out of 10000
On 3919 out of 10000
On 3920 out of 10000
On 3921 out of 10000
On 3922 out of 10000
On 3923 out of 10000
On 3924 out of 10000
Failed run, not saved
On 3924 out of 10000
Failed run, not saved
On 3924 out of 10000
Failed run, not saved
On 3924 out of 10000
Failed run, not saved
On 3924 out of 10000
Failed run, not saved
On 3924 out of 10000
Failed run, not saved
On 3924 out of 10000
On 3925 out of 10000
On 3926 out of 10000
On 3927 out of 10000
On 3928 out of 10000
On 3929 out of 10000
On 3930 out of 10000
On 3931 out of 10000
Failed run, not saved
On 3931 out of 10000
Failed run, not saved
On 3931 out of 10000
Failed run, not saved
On 3931 out of 10000
Failed run, not saved
On 3931 out of 10000
Failed run, not saved
On 3931 out of 10000
Failed run, not saved
On 3931 out of 10000
Failed run, not saved
On 3931 out of 10000
On 3932 out of 10000
On 3933 out of 10000
Failed run, not saved
On 3933 out of 10000
On 3934 out of 10000
On 3935 out of 10000
On 3936 out of 10000
On 3937 out of 10000
On 3938 out of 10000
On 3939 out of 10000
On 3940 out of 10000
Failed run, not saved
On 3940 out of 10000
Failed run, not saved
On 3940 out of 10000
Failed run, not saved
On 3940 out of 10000
Failed run, not saved
On 3940 out of 10000
Failed run, not saved
On 3940 out of 10000
Failed run, not saved
On 3940 out of 10000
Failed run, not saved
On 3940 out of 10000
Failed run, not saved
On 3940 out of 10000
Failed run, not saved
On 3940 out of 10000
Failed run, not saved
On 3940 out of 10000
On 3941 out of 10000
Failed run, not saved
On 3941 out of 10000
Failed run, not saved
On 3941 out of 10000
On 3942 out of 10000
Failed run, not saved
On 3942 out of 10000
Failed run, not saved
On 3942 out of 10000
Failed run, not saved
On 3942 out of 10000
Failed run, not saved
On 3942 out of 10000
Failed run, not saved
On 3942 out of 10000
On 3943 out of 10000
On 3944 out of 10000
On 3945 out of 10000
On 3946 out of 10000
On 3947 out of 10000
Failed run, not saved
On 3947 out of 10000
On 3948 out of 10000
On 3949 out of 10000
On 3950 out of 10000
On 3951 out of 10000
On 3952 out of 10000
On 3953 out of 10000
Failed run, not saved
On 3953 out of 10000
Failed run, not saved
On 3953 out of 10000
Failed run, not saved
On 3953 out of 10000
Failed run, not saved
On 3953 out of 10000
On 3954 out of 10000
On 3955 out of 10000
On 3956 out of 10000
On 3957 out of 10000
On 3958 out of 10000
On 3959 out of 10000
On 3960 out of 10000
On 3961 out of 10000
On 3962 out of 10000
Failed run, not saved
On 3962 out of 10000
On 3963 out of 10000
Failed run, not saved
On 3963 out of 10000
On 3964 out of 10000
On 3965 out of 10000
On 3966 out of 10000
On 3967 out of 10000
On 3968 out of 10000
On 3969 out of 10000
Failed run, not saved
On 3969 out of 10000
Failed run, not saved
On 3969 out of 10000
Failed run, not saved
On 3969 out of 10000
Failed run, not saved
On 3969 out of 10000
Failed run, not saved
On 3969 out of 10000
Failed run, not saved
On 3969 out of 10000
Failed run, not saved
On 3969 out of 10000
Failed run, not saved
On 3969 out of 10000
Failed run, not saved
On 3969 out of 10000
Failed run, not saved
On 3969 out of 10000
Failed run, not saved
		FAILED TOO MANY TIMES, TRYING ANOTHER ENVIRONMENT
On 3969 out of 10000
On 3970 out of 10000
On 3971 out of 10000
On 3972 out of 10000
On 3973 out of 10000
On 3974 out of 10000
On 3975 out of 10000
On 3976 out of 10000
Failed run, not saved
On 3976 out of 10000
Failed run, not saved
On 3976 out of 10000
On 3977 out of 10000
On 3978 out of 10000
On 3979 out of 10000
On 3980 out of 10000
On 3981 out of 10000
On 3982 out of 10000
On 3983 out of 10000
On 3984 out of 10000
Failed run, not saved
On 3984 out of 10000
On 3985 out of 10000
On 3986 out of 10000
On 3987 out of 10000
On 3988 out of 10000
On 3989 out of 10000
On 3990 out of 10000
On 3991 out of 10000
On 3992 out of 10000
On 3993 out of 10000
On 3994 out of 10000
On 3995 out of 10000
On 3996 out of 10000
Failed run, not saved
On 3996 out of 10000
Failed run, not saved
On 3996 out of 10000
Failed run, not saved
On 3996 out of 10000
Failed run, not saved
On 3996 out of 10000
Failed run, not saved
On 3996 out of 10000
On 3997 out of 10000
On 3998 out of 10000
Failed run, not saved
On 3998 out of 10000
On 3999 out of 10000
On 4000 out of 10000
Failed run, not saved
On 4000 out of 10000
Failed run, not saved
On 4000 out of 10000
Failed run, not saved
On 4000 out of 10000
Failed run, not saved
On 4000 out of 10000
Failed run, not saved
On 4000 out of 10000
Failed run, not saved
On 4000 out of 10000
Failed run, not saved
On 4000 out of 10000
Failed run, not saved
On 4000 out of 10000
Failed run, not saved
On 4000 out of 10000
Failed run, not saved
On 4000 out of 10000
Failed run, not saved
		FAILED TOO MANY TIMES, TRYING ANOTHER ENVIRONMENT
On 4000 out of 10000
On 4001 out of 10000
On 4002 out of 10000
Failed run, not saved
On 4002 out of 10000
On 4003 out of 10000
On 4004 out of 10000
On 4005 out of 10000
On 4006 out of 10000
On 4007 out of 10000
On 4008 out of 10000
On 4009 out of 10000
On 4010 out of 10000
On 4011 out of 10000
On 4012 out of 10000
On 4013 out of 10000
On 4014 out of 10000
On 4015 out of 10000
On 4016 out of 10000
On 4017 out of 10000
On 4018 out of 10000
On 4019 out of 10000
On 4020 out of 10000
On 4021 out of 10000
Failed run, not saved
On 4021 out of 10000
Failed run, not saved
On 4021 out of 10000
On 4022 out of 10000
On 4023 out of 10000
Failed run, not saved
On 4023 out of 10000
On 4024 out of 10000
On 4025 out of 10000
On 4026 out of 10000
Failed run, not saved
On 4026 out of 10000
Failed run, not saved
On 4026 out of 10000
Failed run, not saved
On 4026 out of 10000
Failed run, not saved
On 4026 out of 10000
Failed run, not saved
On 4026 out of 10000
Failed run, not saved
On 4026 out of 10000
On 4027 out of 10000
On 4028 out of 10000
On 4029 out of 10000
On 4030 out of 10000
On 4031 out of 10000
On 4032 out of 10000
On 4033 out of 10000
On 4034 out of 10000
On 4035 out of 10000
Failed run, not saved
On 4035 out of 10000
Failed run, not saved
On 4035 out of 10000
Failed run, not saved
On 4035 out of 10000
Failed run, not saved
On 4035 out of 10000
Failed run, not saved
On 4035 out of 10000
Failed run, not saved
On 4035 out of 10000
Failed run, not saved
On 4035 out of 10000
Failed run, not saved
On 4035 out of 10000
Failed run, not saved
On 4035 out of 10000
Failed run, not saved
On 4035 out of 10000
Failed run, not saved
		FAILED TOO MANY TIMES, TRYING ANOTHER ENVIRONMENT
On 4035 out of 10000
On 4036 out of 10000
On 4037 out of 10000
On 4038 out of 10000
On 4039 out of 10000
On 4040 out of 10000
On 4041 out of 10000
On 4042 out of 10000
On 4043 out of 10000
Failed run, not saved
On 4043 out of 10000
Failed run, not saved
On 4043 out of 10000
Failed run, not saved
On 4043 out of 10000
Failed run, not saved
On 4043 out of 10000
Failed run, not saved
On 4043 out of 10000
Failed run, not saved
On 4043 out of 10000
Failed run, not saved
On 4043 out of 10000
Failed run, not saved
On 4043 out of 10000
On 4044 out of 10000
Failed run, not saved
On 4044 out of 10000
On 4045 out of 10000
On 4046 out of 10000
On 4047 out of 10000
On 4048 out of 10000
On 4049 out of 10000
On 4050 out of 10000
On 4051 out of 10000
Failed run, not saved
On 4051 out of 10000
Failed run, not saved
On 4051 out of 10000
Failed run, not saved
On 4051 out of 10000
Failed run, not saved
On 4051 out of 10000
Failed run, not saved
On 4051 out of 10000
Failed run, not saved
On 4051 out of 10000
Failed run, not saved
On 4051 out of 10000
Failed run, not saved
On 4051 out of 10000
Failed run, not saved
On 4051 out of 10000
Failed run, not saved
On 4051 out of 10000
Failed run, not saved
		FAILED TOO MANY TIMES, TRYING ANOTHER ENVIRONMENT
On 4051 out of 10000
On 4052 out of 10000
Failed run, not saved
On 4052 out of 10000
Failed run, not saved
On 4052 out of 10000
On 4053 out of 10000
Failed run, not saved
On 4053 out of 10000
Failed run, not saved
On 4053 out of 10000
Failed run, not saved
On 4053 out of 10000
Failed run, not saved
On 4053 out of 10000
Failed run, not saved
On 4053 out of 10000
Failed run, not saved
On 4053 out of 10000
Failed run, not saved
On 4053 out of 10000
Failed run, not saved
On 4053 out of 10000
Failed run, not saved
On 4053 out of 10000
On 4054 out of 10000
On 4055 out of 10000
On 4056 out of 10000
On 4057 out of 10000
On 4058 out of 10000
On 4059 out of 10000
Failed run, not saved
On 4059 out of 10000
On 4060 out of 10000
Failed run, not saved
On 4060 out of 10000
On 4061 out of 10000
On 4062 out of 10000
On 4063 out of 10000
Failed run, not saved
On 4063 out of 10000
Failed run, not saved
On 4063 out of 10000
Failed run, not saved
On 4063 out of 10000
Failed run, not saved
On 4063 out of 10000
Failed run, not saved
On 4063 out of 10000
Failed run, not saved
On 4063 out of 10000
Failed run, not saved
On 4063 out of 10000
Failed run, not saved
On 4063 out of 10000
Failed run, not saved
On 4063 out of 10000
On 4064 out of 10000
Failed run, not saved
On 4064 out of 10000
Failed run, not saved
On 4064 out of 10000
Failed run, not saved
On 4064 out of 10000
Failed run, not saved
On 4064 out of 10000
Failed run, not saved
On 4064 out of 10000
Failed run, not saved
On 4064 out of 10000
Failed run, not saved
On 4064 out of 10000
Failed run, not saved
On 4064 out of 10000
On 4065 out of 10000
On 4066 out of 10000
On 4067 out of 10000
On 4068 out of 10000
On 4069 out of 10000
On 4070 out of 10000
On 4071 out of 10000
On 4072 out of 10000
On 4073 out of 10000
On 4074 out of 10000
Failed run, not saved
On 4074 out of 10000
Failed run, not saved
On 4074 out of 10000
Failed run, not saved
On 4074 out of 10000
Failed run, not saved
On 4074 out of 10000
On 4075 out of 10000
On 4076 out of 10000
On 4077 out of 10000
Failed run, not saved
On 4077 out of 10000
On 4078 out of 10000
Failed run, not saved
On 4078 out of 10000
On 4079 out of 10000
On 4080 out of 10000
Failed run, not saved
On 4080 out of 10000
Failed run, not saved
On 4080 out of 10000
Failed run, not saved
On 4080 out of 10000
Failed run, not saved
On 4080 out of 10000
Failed run, not saved
On 4080 out of 10000
Failed run, not saved
On 4080 out of 10000
Failed run, not saved
On 4080 out of 10000
Failed run, not saved
On 4080 out of 10000
Failed run, not saved
On 4080 out of 10000
Failed run, not saved
On 4080 out of 10000
Failed run, not saved
		FAILED TOO MANY TIMES, TRYING ANOTHER ENVIRONMENT
On 4080 out of 10000
Failed run, not saved
		FAILED TOO MANY TIMES, TRYING ANOTHER ENVIRONMENT
On 4080 out of 10000
On 4081 out of 10000
On 4082 out of 10000
On 4083 out of 10000
On 4084 out of 10000
On 4085 out of 10000
On 4086 out of 10000
On 4087 out of 10000
On 4088 out of 10000
On 4089 out of 10000
On 4090 out of 10000
Failed run, not saved
On 4090 out of 10000
On 4091 out of 10000
On 4092 out of 10000
On 4093 out of 10000
On 4094 out of 10000
Failed run, not saved
On 4094 out of 10000
Failed run, not saved
On 4094 out of 10000
On 4095 out of 10000
On 4096 out of 10000
Failed run, not saved
On 4096 out of 10000
Failed run, not saved
On 4096 out of 10000
On 4097 out of 10000
On 4098 out of 10000
Failed run, not saved
On 4098 out of 10000
On 4099 out of 10000
On 4100 out of 10000
Failed run, not saved
On 4100 out of 10000
Failed run, not saved
On 4100 out of 10000
Failed run, not saved
On 4100 out of 10000
On 4101 out of 10000
On 4102 out of 10000
Failed run, not saved
On 4102 out of 10000
Failed run, not saved
On 4102 out of 10000
Failed run, not saved
On 4102 out of 10000
On 4103 out of 10000
Failed run, not saved
On 4103 out of 10000
Failed run, not saved
On 4103 out of 10000
Failed run, not saved
On 4103 out of 10000
On 4104 out of 10000
On 4105 out of 10000
On 4106 out of 10000
Failed run, not saved
On 4106 out of 10000
Failed run, not saved
On 4106 out of 10000
On 4107 out of 10000
Failed run, not saved
On 4107 out of 10000
On 4108 out of 10000
Failed run, not saved
On 4108 out of 10000
Failed run, not saved
On 4108 out of 10000
Failed run, not saved
On 4108 out of 10000
Failed run, not saved
On 4108 out of 10000
Failed run, not saved
On 4108 out of 10000
Failed run, not saved
On 4108 out of 10000
Failed run, not saved
On 4108 out of 10000
Failed run, not saved
On 4108 out of 10000
Failed run, not saved
On 4108 out of 10000
Failed run, not saved
On 4108 out of 10000
Failed run, not saved
		FAILED TOO MANY TIMES, TRYING ANOTHER ENVIRONMENT
On 4108 out of 10000
On 4109 out of 10000
On 4110 out of 10000
On 4111 out of 10000
On 4112 out of 10000
On 4113 out of 10000
On 4114 out of 10000
On 4115 out of 10000
Failed run, not saved
On 4115 out of 10000
Failed run, not saved
On 4115 out of 10000
Failed run, not saved
On 4115 out of 10000
Failed run, not saved
On 4115 out of 10000
Failed run, not saved
On 4115 out of 10000
Failed run, not saved
On 4115 out of 10000
Failed run, not saved
On 4115 out of 10000
Failed run, not saved
On 4115 out of 10000
On 4116 out of 10000
On 4117 out of 10000
Failed run, not saved
On 4117 out of 10000
On 4118 out of 10000
On 4119 out of 10000
On 4120 out of 10000
On 4121 out of 10000
On 4122 out of 10000
Failed run, not saved
On 4122 out of 10000
Failed run, not saved
On 4122 out of 10000
Failed run, not saved
On 4122 out of 10000
Failed run, not saved
On 4122 out of 10000
Failed run, not saved
On 4122 out of 10000
Failed run, not saved
On 4122 out of 10000
Failed run, not saved
On 4122 out of 10000
Failed run, not saved
On 4122 out of 10000
Failed run, not saved
On 4122 out of 10000
Failed run, not saved
On 4122 out of 10000
Failed run, not saved
		FAILED TOO MANY TIMES, TRYING ANOTHER ENVIRONMENT
On 4122 out of 10000
On 4123 out of 10000
On 4124 out of 10000
On 4125 out of 10000
On 4126 out of 10000
Failed run, not saved
On 4126 out of 10000
Failed run, not saved
On 4126 out of 10000
Failed run, not saved
On 4126 out of 10000
Failed run, not saved
On 4126 out of 10000
Failed run, not saved
On 4126 out of 10000
Failed run, not saved
On 4126 out of 10000
Failed run, not saved
On 4126 out of 10000
On 4127 out of 10000
On 4128 out of 10000
Failed run, not saved
On 4128 out of 10000
Failed run, not saved
On 4128 out of 10000
Failed run, not saved
On 4128 out of 10000
Failed run, not saved
On 4128 out of 10000
Failed run, not saved
On 4128 out of 10000
Failed run, not saved
On 4128 out of 10000
Failed run, not saved
On 4128 out of 10000
Failed run, not saved
On 4128 out of 10000
Failed run, not saved
On 4128 out of 10000
Failed run, not saved
On 4128 out of 10000
Failed run, not saved
		FAILED TOO MANY TIMES, TRYING ANOTHER ENVIRONMENT
On 4128 out of 10000
On 4129 out of 10000
On 4130 out of 10000
On 4131 out of 10000
On 4132 out of 10000
On 4133 out of 10000
Failed run, not saved
On 4133 out of 10000
Failed run, not saved
On 4133 out of 10000
On 4134 out of 10000
Failed run, not saved
On 4134 out of 10000
Failed run, not saved
On 4134 out of 10000
Failed run, not saved
On 4134 out of 10000
Failed run, not saved
On 4134 out of 10000
On 4135 out of 10000
On 4136 out of 10000
On 4137 out of 10000
On 4138 out of 10000
On 4139 out of 10000
On 4140 out of 10000
On 4141 out of 10000
On 4142 out of 10000
On 4143 out of 10000
Failed run, not saved
On 4143 out of 10000
Failed run, not saved
On 4143 out of 10000
Failed run, not saved
On 4143 out of 10000
Failed run, not saved
On 4143 out of 10000
Failed run, not saved
On 4143 out of 10000
Failed run, not saved
On 4143 out of 10000
Failed run, not saved
On 4143 out of 10000
Failed run, not saved
On 4143 out of 10000
Failed run, not saved
On 4143 out of 10000
Failed run, not saved
On 4143 out of 10000
Failed run, not saved
		FAILED TOO MANY TIMES, TRYING ANOTHER ENVIRONMENT
On 4143 out of 10000
Failed run, not saved
		FAILED TOO MANY TIMES, TRYING ANOTHER ENVIRONMENT
On 4143 out of 10000
On 4144 out of 10000
On 4145 out of 10000
On 4146 out of 10000
On 4147 out of 10000
On 4148 out of 10000
On 4149 out of 10000
Failed run, not saved
On 4149 out of 10000
On 4150 out of 10000
On 4151 out of 10000
On 4152 out of 10000
On 4153 out of 10000
On 4154 out of 10000
On 4155 out of 10000
Failed run, not saved
On 4155 out of 10000
Failed run, not saved
On 4155 out of 10000
Failed run, not saved
On 4155 out of 10000
Failed run, not saved
On 4155 out of 10000
On 4156 out of 10000
Failed run, not saved
On 4156 out of 10000
On 4157 out of 10000
Failed run, not saved
On 4157 out of 10000
On 4158 out of 10000
On 4159 out of 10000
On 4160 out of 10000
Failed run, not saved
On 4160 out of 10000
Failed run, not saved
On 4160 out of 10000
Failed run, not saved
On 4160 out of 10000
Failed run, not saved
On 4160 out of 10000
Failed run, not saved
On 4160 out of 10000
Failed run, not saved
On 4160 out of 10000
Failed run, not saved
On 4160 out of 10000
Failed run, not saved
On 4160 out of 10000
Failed run, not saved
On 4160 out of 10000
Failed run, not saved
On 4160 out of 10000
Failed run, not saved
		FAILED TOO MANY TIMES, TRYING ANOTHER ENVIRONMENT
On 4160 out of 10000
On 4161 out of 10000
On 4162 out of 10000
On 4163 out of 10000
On 4164 out of 10000
On 4165 out of 10000
On 4166 out of 10000
Failed run, not saved
On 4166 out of 10000
Failed run, not saved
On 4166 out of 10000
On 4167 out of 10000
On 4168 out of 10000
Failed run, not saved
On 4168 out of 10000
Failed run, not saved
On 4168 out of 10000
Failed run, not saved
On 4168 out of 10000
Failed run, not saved
On 4168 out of 10000
Failed run, not saved
On 4168 out of 10000
Failed run, not saved
On 4168 out of 10000
Failed run, not saved
On 4168 out of 10000
Failed run, not saved
On 4168 out of 10000
Failed run, not saved
On 4168 out of 10000
Failed run, not saved
On 4168 out of 10000
Failed run, not saved
		FAILED TOO MANY TIMES, TRYING ANOTHER ENVIRONMENT
On 4168 out of 10000
Failed run, not saved
		FAILED TOO MANY TIMES, TRYING ANOTHER ENVIRONMENT
On 4168 out of 10000
Failed run, not saved
		FAILED TOO MANY TIMES, TRYING ANOTHER ENVIRONMENT
On 4168 out of 10000
Failed run, not saved
		FAILED TOO MANY TIMES, TRYING ANOTHER ENVIRONMENT
On 4168 out of 10000
Failed run, not saved
		FAILED TOO MANY TIMES, TRYING ANOTHER ENVIRONMENT
On 4168 out of 10000
Failed run, not saved
		FAILED TOO MANY TIMES, TRYING ANOTHER ENVIRONMENT
On 4168 out of 10000
On 4169 out of 10000
Failed run, not saved
On 4169 out of 10000
On 4170 out of 10000
On 4171 out of 10000
On 4172 out of 10000
On 4173 out of 10000
On 4174 out of 10000
On 4175 out of 10000
On 4176 out of 10000
On 4177 out of 10000
Failed run, not saved
On 4177 out of 10000
Failed run, not saved
On 4177 out of 10000
Failed run, not saved
On 4177 out of 10000
Failed run, not saved
On 4177 out of 10000
Failed run, not saved
On 4177 out of 10000
Failed run, not saved
On 4177 out of 10000
Failed run, not saved
On 4177 out of 10000
Failed run, not saved
On 4177 out of 10000
Failed run, not saved
On 4177 out of 10000
Failed run, not saved
On 4177 out of 10000
Failed run, not saved
		FAILED TOO MANY TIMES, TRYING ANOTHER ENVIRONMENT
On 4177 out of 10000
On 4178 out of 10000
On 4179 out of 10000
On 4180 out of 10000
On 4181 out of 10000
On 4182 out of 10000
On 4183 out of 10000
On 4184 out of 10000
On 4185 out of 10000
Failed run, not saved
On 4185 out of 10000
Failed run, not saved
On 4185 out of 10000
Failed run, not saved
On 4185 out of 10000
Failed run, not saved
On 4185 out of 10000
Failed run, not saved
On 4185 out of 10000
Failed run, not saved
On 4185 out of 10000
Failed run, not saved
On 4185 out of 10000
Failed run, not saved
On 4185 out of 10000
Failed run, not saved
On 4185 out of 10000
Failed run, not saved
On 4185 out of 10000
Failed run, not saved
		FAILED TOO MANY TIMES, TRYING ANOTHER ENVIRONMENT
On 4185 out of 10000
On 4186 out of 10000
Failed run, not saved
On 4186 out of 10000
On 4187 out of 10000
On 4188 out of 10000
On 4189 out of 10000
On 4190 out of 10000
On 4191 out of 10000
On 4192 out of 10000
On 4193 out of 10000
On 4194 out of 10000
Failed run, not saved
On 4194 out of 10000
Failed run, not saved
On 4194 out of 10000
Failed run, not saved
On 4194 out of 10000
Failed run, not saved
On 4194 out of 10000
Failed run, not saved
On 4194 out of 10000
Failed run, not saved
On 4194 out of 10000
Failed run, not saved
On 4194 out of 10000
Failed run, not saved
On 4194 out of 10000
Failed run, not saved
On 4194 out of 10000
Failed run, not saved
On 4194 out of 10000
Failed run, not saved
		FAILED TOO MANY TIMES, TRYING ANOTHER ENVIRONMENT
On 4194 out of 10000
Failed run, not saved
		FAILED TOO MANY TIMES, TRYING ANOTHER ENVIRONMENT
On 4194 out of 10000
Failed run, not saved
		FAILED TOO MANY TIMES, TRYING ANOTHER ENVIRONMENT
On 4194 out of 10000
On 4195 out of 10000
Failed run, not saved
On 4195 out of 10000
Failed run, not saved
On 4195 out of 10000
Failed run, not saved
On 4195 out of 10000
Failed run, not saved
On 4195 out of 10000
Failed run, not saved
On 4195 out of 10000
Failed run, not saved
On 4195 out of 10000
Failed run, not saved
On 4195 out of 10000
Failed run, not saved
On 4195 out of 10000
Failed run, not saved
On 4195 out of 10000
Failed run, not saved
On 4195 out of 10000
Failed run, not saved
		FAILED TOO MANY TIMES, TRYING ANOTHER ENVIRONMENT
On 4195 out of 10000
On 4196 out of 10000
Failed run, not saved
On 4196 out of 10000
Failed run, not saved
On 4196 out of 10000
On 4197 out of 10000
On 4198 out of 10000
On 4199 out of 10000
On 4200 out of 10000
On 4201 out of 10000
On 4202 out of 10000
On 4203 out of 10000
On 4204 out of 10000
On 4205 out of 10000
On 4206 out of 10000
On 4207 out of 10000
On 4208 out of 10000
On 4209 out of 10000
Failed run, not saved
On 4209 out of 10000
On 4210 out of 10000
On 4211 out of 10000
On 4212 out of 10000
On 4213 out of 10000
On 4214 out of 10000
Failed run, not saved
On 4214 out of 10000
Failed run, not saved
On 4214 out of 10000
Failed run, not saved
On 4214 out of 10000
Failed run, not saved
On 4214 out of 10000
Failed run, not saved
On 4214 out of 10000
Failed run, not saved
On 4214 out of 10000
Failed run, not saved
On 4214 out of 10000
Failed run, not saved
On 4214 out of 10000
Failed run, not saved
On 4214 out of 10000
On 4215 out of 10000
Failed run, not saved
On 4215 out of 10000
On 4216 out of 10000
On 4217 out of 10000
Failed run, not saved
On 4217 out of 10000
Failed run, not saved
On 4217 out of 10000
Failed run, not saved
On 4217 out of 10000
Failed run, not saved
On 4217 out of 10000
Failed run, not saved
On 4217 out of 10000
Failed run, not saved
On 4217 out of 10000
On 4218 out of 10000
On 4219 out of 10000
On 4220 out of 10000
On 4221 out of 10000
On 4222 out of 10000
On 4223 out of 10000
On 4224 out of 10000
Failed run, not saved
On 4224 out of 10000
Failed run, not saved
On 4224 out of 10000
Failed run, not saved
On 4224 out of 10000
Failed run, not saved
On 4224 out of 10000
Failed run, not saved
On 4224 out of 10000
Failed run, not saved
On 4224 out of 10000
Failed run, not saved
On 4224 out of 10000
Failed run, not saved
On 4224 out of 10000
Failed run, not saved
On 4224 out of 10000
Failed run, not saved
On 4224 out of 10000
Failed run, not saved
		FAILED TOO MANY TIMES, TRYING ANOTHER ENVIRONMENT
On 4224 out of 10000
On 4225 out of 10000
On 4226 out of 10000
On 4227 out of 10000
On 4228 out of 10000
On 4229 out of 10000
On 4230 out of 10000
On 4231 out of 10000
On 4232 out of 10000
On 4233 out of 10000
On 4234 out of 10000
Failed run, not saved
On 4234 out of 10000
On 4235 out of 10000
On 4236 out of 10000
On 4237 out of 10000
On 4238 out of 10000
On 4239 out of 10000
Failed run, not saved
On 4239 out of 10000
Failed run, not saved
On 4239 out of 10000
On 4240 out of 10000
On 4241 out of 10000
On 4242 out of 10000
Failed run, not saved
On 4242 out of 10000
On 4243 out of 10000
Failed run, not saved
On 4243 out of 10000
Failed run, not saved
On 4243 out of 10000
Failed run, not saved
On 4243 out of 10000
On 4244 out of 10000
On 4245 out of 10000
On 4246 out of 10000
On 4247 out of 10000
On 4248 out of 10000
On 4249 out of 10000
Failed run, not saved
On 4249 out of 10000
On 4250 out of 10000
On 4251 out of 10000
Failed run, not saved
On 4251 out of 10000
Failed run, not saved
On 4251 out of 10000
Failed run, not saved
On 4251 out of 10000
Failed run, not saved
On 4251 out of 10000
Failed run, not saved
On 4251 out of 10000
On 4252 out of 10000
On 4253 out of 10000
On 4254 out of 10000
On 4255 out of 10000
On 4256 out of 10000
On 4257 out of 10000
On 4258 out of 10000
On 4259 out of 10000
On 4260 out of 10000
On 4261 out of 10000
On 4262 out of 10000
Failed run, not saved
On 4262 out of 10000
On 4263 out of 10000
On 4264 out of 10000
On 4265 out of 10000
On 4266 out of 10000
On 4267 out of 10000
On 4268 out of 10000
On 4269 out of 10000
On 4270 out of 10000
On 4271 out of 10000
On 4272 out of 10000
On 4273 out of 10000
On 4274 out of 10000
On 4275 out of 10000
Failed run, not saved
On 4275 out of 10000
Failed run, not saved
On 4275 out of 10000
Failed run, not saved
On 4275 out of 10000
On 4276 out of 10000
Failed run, not saved
On 4276 out of 10000
Failed run, not saved
On 4276 out of 10000
Failed run, not saved
On 4276 out of 10000
Failed run, not saved
On 4276 out of 10000
On 4277 out of 10000
On 4278 out of 10000
Failed run, not saved
On 4278 out of 10000
Failed run, not saved
On 4278 out of 10000
Failed run, not saved
On 4278 out of 10000
Failed run, not saved
On 4278 out of 10000
Failed run, not saved
On 4278 out of 10000
Failed run, not saved
On 4278 out of 10000
On 4279 out of 10000
Failed run, not saved
On 4279 out of 10000
On 4280 out of 10000
Failed run, not saved
On 4280 out of 10000
On 4281 out of 10000
On 4282 out of 10000
On 4283 out of 10000
On 4284 out of 10000
Failed run, not saved
On 4284 out of 10000
Failed run, not saved
On 4284 out of 10000
Failed run, not saved
On 4284 out of 10000
Failed run, not saved
On 4284 out of 10000
On 4285 out of 10000
On 4286 out of 10000
On 4287 out of 10000
On 4288 out of 10000
On 4289 out of 10000
On 4290 out of 10000
On 4291 out of 10000
On 4292 out of 10000
On 4293 out of 10000
On 4294 out of 10000
Failed run, not saved
On 4294 out of 10000
On 4295 out of 10000
Failed run, not saved
On 4295 out of 10000
On 4296 out of 10000
On 4297 out of 10000
On 4298 out of 10000
On 4299 out of 10000
On 4300 out of 10000
On 4301 out of 10000
On 4302 out of 10000
On 4303 out of 10000
On 4304 out of 10000
On 4305 out of 10000
On 4306 out of 10000
On 4307 out of 10000
On 4308 out of 10000
Failed run, not saved
On 4308 out of 10000
Failed run, not saved
On 4308 out of 10000
On 4309 out of 10000
Failed run, not saved
On 4309 out of 10000
On 4310 out of 10000
On 4311 out of 10000
On 4312 out of 10000
Failed run, not saved
On 4312 out of 10000
On 4313 out of 10000
On 4314 out of 10000
Failed run, not saved
On 4314 out of 10000
Failed run, not saved
On 4314 out of 10000
Failed run, not saved
On 4314 out of 10000
Failed run, not saved
On 4314 out of 10000
Failed run, not saved
On 4314 out of 10000
On 4315 out of 10000
On 4316 out of 10000
Failed run, not saved
On 4316 out of 10000
On 4317 out of 10000
On 4318 out of 10000
Failed run, not saved
On 4318 out of 10000
Failed run, not saved
On 4318 out of 10000
Failed run, not saved
On 4318 out of 10000
Failed run, not saved
On 4318 out of 10000
Failed run, not saved
On 4318 out of 10000
Failed run, not saved
On 4318 out of 10000
On 4319 out of 10000
Failed run, not saved
On 4319 out of 10000
Failed run, not saved
On 4319 out of 10000
On 4320 out of 10000
On 4321 out of 10000
On 4322 out of 10000
On 4323 out of 10000
On 4324 out of 10000
On 4325 out of 10000
On 4326 out of 10000
On 4327 out of 10000
On 4328 out of 10000
On 4329 out of 10000
On 4330 out of 10000
On 4331 out of 10000
Failed run, not saved
On 4331 out of 10000
Failed run, not saved
On 4331 out of 10000
Failed run, not saved
On 4331 out of 10000
On 4332 out of 10000
Failed run, not saved
On 4332 out of 10000
Failed run, not saved
On 4332 out of 10000
Failed run, not saved
On 4332 out of 10000
Failed run, not saved
On 4332 out of 10000
Failed run, not saved
On 4332 out of 10000
Failed run, not saved
On 4332 out of 10000
Failed run, not saved
On 4332 out of 10000
Failed run, not saved
On 4332 out of 10000
Failed run, not saved
On 4332 out of 10000
Failed run, not saved
On 4332 out of 10000
Failed run, not saved
		FAILED TOO MANY TIMES, TRYING ANOTHER ENVIRONMENT
On 4332 out of 10000
On 4333 out of 10000
On 4334 out of 10000
Failed run, not saved
On 4334 out of 10000
Failed run, not saved
On 4334 out of 10000
On 4335 out of 10000
On 4336 out of 10000
On 4337 out of 10000
On 4338 out of 10000
Failed run, not saved
On 4338 out of 10000
Failed run, not saved
On 4338 out of 10000
Failed run, not saved
On 4338 out of 10000
Failed run, not saved
On 4338 out of 10000
Failed run, not saved
On 4338 out of 10000
On 4339 out of 10000
On 4340 out of 10000
Failed run, not saved
On 4340 out of 10000
Failed run, not saved
On 4340 out of 10000
Failed run, not saved
On 4340 out of 10000
Failed run, not saved
On 4340 out of 10000
Failed run, not saved
On 4340 out of 10000
Failed run, not saved
On 4340 out of 10000
Failed run, not saved
On 4340 out of 10000
Failed run, not saved
On 4340 out of 10000
Failed run, not saved
On 4340 out of 10000
Failed run, not saved
On 4340 out of 10000
Failed run, not saved
		FAILED TOO MANY TIMES, TRYING ANOTHER ENVIRONMENT
On 4340 out of 10000
On 4341 out of 10000
On 4342 out of 10000
Failed run, not saved
On 4342 out of 10000
On 4343 out of 10000
Failed run, not saved
On 4343 out of 10000
Failed run, not saved
On 4343 out of 10000
Failed run, not saved
On 4343 out of 10000
Failed run, not saved
On 4343 out of 10000
Failed run, not saved
On 4343 out of 10000
Failed run, not saved
On 4343 out of 10000
Failed run, not saved
On 4343 out of 10000
Failed run, not saved
On 4343 out of 10000
Failed run, not saved
On 4343 out of 10000
Failed run, not saved
On 4343 out of 10000
Failed run, not saved
		FAILED TOO MANY TIMES, TRYING ANOTHER ENVIRONMENT
On 4343 out of 10000
On 4344 out of 10000
On 4345 out of 10000
On 4346 out of 10000
On 4347 out of 10000
Failed run, not saved
On 4347 out of 10000
On 4348 out of 10000
Failed run, not saved
On 4348 out of 10000
Failed run, not saved
On 4348 out of 10000
Failed run, not saved
On 4348 out of 10000
Failed run, not saved
On 4348 out of 10000
Failed run, not saved
On 4348 out of 10000
Failed run, not saved
On 4348 out of 10000
Failed run, not saved
On 4348 out of 10000
Failed run, not saved
On 4348 out of 10000
Failed run, not saved
On 4348 out of 10000
Failed run, not saved
On 4348 out of 10000
Failed run, not saved
		FAILED TOO MANY TIMES, TRYING ANOTHER ENVIRONMENT
On 4348 out of 10000
On 4349 out of 10000
Failed run, not saved
On 4349 out of 10000
Failed run, not saved
On 4349 out of 10000
Failed run, not saved
On 4349 out of 10000
Failed run, not saved
On 4349 out of 10000
Failed run, not saved
On 4349 out of 10000
Failed run, not saved
On 4349 out of 10000
Failed run, not saved
On 4349 out of 10000
Failed run, not saved
On 4349 out of 10000
Failed run, not saved
On 4349 out of 10000
Failed run, not saved
On 4349 out of 10000
Failed run, not saved
		FAILED TOO MANY TIMES, TRYING ANOTHER ENVIRONMENT
On 4349 out of 10000
On 4350 out of 10000
On 4351 out of 10000
Failed run, not saved
On 4351 out of 10000
Failed run, not saved
On 4351 out of 10000
On 4352 out of 10000
On 4353 out of 10000
On 4354 out of 10000
Failed run, not saved
On 4354 out of 10000
On 4355 out of 10000
On 4356 out of 10000
Failed run, not saved
On 4356 out of 10000
On 4357 out of 10000
On 4358 out of 10000
Failed run, not saved
On 4358 out of 10000
Failed run, not saved
On 4358 out of 10000
On 4359 out of 10000
On 4360 out of 10000
Failed run, not saved
On 4360 out of 10000
On 4361 out of 10000
On 4362 out of 10000
On 4363 out of 10000
Failed run, not saved
On 4363 out of 10000
Failed run, not saved
On 4363 out of 10000
On 4364 out of 10000
On 4365 out of 10000
On 4366 out of 10000
On 4367 out of 10000
On 4368 out of 10000
On 4369 out of 10000
On 4370 out of 10000
On 4371 out of 10000
Failed run, not saved
On 4371 out of 10000
Failed run, not saved
On 4371 out of 10000
Failed run, not saved
On 4371 out of 10000
Failed run, not saved
On 4371 out of 10000
Failed run, not saved
On 4371 out of 10000
Failed run, not saved
On 4371 out of 10000
Failed run, not saved
On 4371 out of 10000
Failed run, not saved
On 4371 out of 10000
Failed run, not saved
On 4371 out of 10000
Failed run, not saved
On 4371 out of 10000
Failed run, not saved
		FAILED TOO MANY TIMES, TRYING ANOTHER ENVIRONMENT
On 4371 out of 10000
On 4372 out of 10000
On 4373 out of 10000
On 4374 out of 10000
On 4375 out of 10000
Failed run, not saved
On 4375 out of 10000
On 4376 out of 10000
On 4377 out of 10000
Failed run, not saved
On 4377 out of 10000
Failed run, not saved
On 4377 out of 10000
On 4378 out of 10000
Failed run, not saved
On 4378 out of 10000
On 4379 out of 10000
On 4380 out of 10000
On 4381 out of 10000
On 4382 out of 10000
Failed run, not saved
On 4382 out of 10000
On 4383 out of 10000
Failed run, not saved
On 4383 out of 10000
Failed run, not saved
On 4383 out of 10000
Failed run, not saved
On 4383 out of 10000
Failed run, not saved
On 4383 out of 10000
Failed run, not saved
On 4383 out of 10000
Failed run, not saved
On 4383 out of 10000
Failed run, not saved
On 4383 out of 10000
Failed run, not saved
On 4383 out of 10000
Failed run, not saved
On 4383 out of 10000
Failed run, not saved
On 4383 out of 10000
Failed run, not saved
		FAILED TOO MANY TIMES, TRYING ANOTHER ENVIRONMENT
On 4383 out of 10000
On 4384 out of 10000
On 4385 out of 10000
On 4386 out of 10000
On 4387 out of 10000
On 4388 out of 10000
On 4389 out of 10000
On 4390 out of 10000
On 4391 out of 10000
On 4392 out of 10000
On 4393 out of 10000
On 4394 out of 10000
Failed run, not saved
On 4394 out of 10000
On 4395 out of 10000
On 4396 out of 10000
On 4397 out of 10000
Failed run, not saved
On 4397 out of 10000
Failed run, not saved
On 4397 out of 10000
Failed run, not saved
On 4397 out of 10000
Failed run, not saved
On 4397 out of 10000
Failed run, not saved
On 4397 out of 10000
Failed run, not saved
On 4397 out of 10000
Failed run, not saved
On 4397 out of 10000
On 4398 out of 10000
Failed run, not saved
On 4398 out of 10000
On 4399 out of 10000
Failed run, not saved
On 4399 out of 10000
Failed run, not saved
On 4399 out of 10000
Failed run, not saved
On 4399 out of 10000
Failed run, not saved
On 4399 out of 10000
Failed run, not saved
On 4399 out of 10000
Failed run, not saved
On 4399 out of 10000
Failed run, not saved
On 4399 out of 10000
Failed run, not saved
On 4399 out of 10000
Failed run, not saved
On 4399 out of 10000
Failed run, not saved
On 4399 out of 10000
Failed run, not saved
		FAILED TOO MANY TIMES, TRYING ANOTHER ENVIRONMENT
On 4399 out of 10000
On 4400 out of 10000
Failed run, not saved
On 4400 out of 10000
On 4401 out of 10000
On 4402 out of 10000
Failed run, not saved
On 4402 out of 10000
On 4403 out of 10000
Failed run, not saved
On 4403 out of 10000
On 4404 out of 10000
On 4405 out of 10000
On 4406 out of 10000
On 4407 out of 10000
On 4408 out of 10000
On 4409 out of 10000
Failed run, not saved
On 4409 out of 10000
Failed run, not saved
On 4409 out of 10000
Failed run, not saved
On 4409 out of 10000
Failed run, not saved
On 4409 out of 10000
Failed run, not saved
On 4409 out of 10000
Failed run, not saved
On 4409 out of 10000
Failed run, not saved
On 4409 out of 10000
Failed run, not saved
On 4409 out of 10000
Failed run, not saved
On 4409 out of 10000
Failed run, not saved
On 4409 out of 10000
Failed run, not saved
		FAILED TOO MANY TIMES, TRYING ANOTHER ENVIRONMENT
On 4409 out of 10000
Failed run, not saved
		FAILED TOO MANY TIMES, TRYING ANOTHER ENVIRONMENT
On 4409 out of 10000
On 4410 out of 10000
On 4411 out of 10000
On 4412 out of 10000
On 4413 out of 10000
On 4414 out of 10000
Failed run, not saved
On 4414 out of 10000
Failed run, not saved
On 4414 out of 10000
On 4415 out of 10000
Failed run, not saved
On 4415 out of 10000
On 4416 out of 10000
On 4417 out of 10000
On 4418 out of 10000
On 4419 out of 10000
On 4420 out of 10000
On 4421 out of 10000
Failed run, not saved
On 4421 out of 10000
On 4422 out of 10000
On 4423 out of 10000
On 4424 out of 10000
On 4425 out of 10000
On 4426 out of 10000
On 4427 out of 10000
On 4428 out of 10000
On 4429 out of 10000
On 4430 out of 10000
On 4431 out of 10000
Failed run, not saved
On 4431 out of 10000
Failed run, not saved
On 4431 out of 10000
On 4432 out of 10000
Failed run, not saved
On 4432 out of 10000
On 4433 out of 10000
On 4434 out of 10000
Failed run, not saved
On 4434 out of 10000
On 4435 out of 10000
On 4436 out of 10000
Failed run, not saved
On 4436 out of 10000
Failed run, not saved
On 4436 out of 10000
Failed run, not saved
On 4436 out of 10000
Failed run, not saved
On 4436 out of 10000
Failed run, not saved
On 4436 out of 10000
Failed run, not saved
On 4436 out of 10000
Failed run, not saved
On 4436 out of 10000
Failed run, not saved
On 4436 out of 10000
Failed run, not saved
On 4436 out of 10000
Failed run, not saved
On 4436 out of 10000
Failed run, not saved
		FAILED TOO MANY TIMES, TRYING ANOTHER ENVIRONMENT
On 4436 out of 10000
Failed run, not saved
		FAILED TOO MANY TIMES, TRYING ANOTHER ENVIRONMENT
On 4436 out of 10000
On 4437 out of 10000
On 4438 out of 10000
On 4439 out of 10000
On 4440 out of 10000
Failed run, not saved
On 4440 out of 10000
Failed run, not saved
On 4440 out of 10000
Failed run, not saved
On 4440 out of 10000
Failed run, not saved
On 4440 out of 10000
Failed run, not saved
On 4440 out of 10000
Failed run, not saved
On 4440 out of 10000
Failed run, not saved
On 4440 out of 10000
On 4441 out of 10000
On 4442 out of 10000
On 4443 out of 10000
On 4444 out of 10000
Failed run, not saved
On 4444 out of 10000
Failed run, not saved
On 4444 out of 10000
Failed run, not saved
On 4444 out of 10000
Failed run, not saved
On 4444 out of 10000
On 4445 out of 10000
On 4446 out of 10000
On 4447 out of 10000
Failed run, not saved
On 4447 out of 10000
Failed run, not saved
On 4447 out of 10000
Failed run, not saved
On 4447 out of 10000
Failed run, not saved
On 4447 out of 10000
Failed run, not saved
On 4447 out of 10000
On 4448 out of 10000
Failed run, not saved
On 4448 out of 10000
On 4449 out of 10000
On 4450 out of 10000
On 4451 out of 10000
On 4452 out of 10000
Failed run, not saved
On 4452 out of 10000
Failed run, not saved
On 4452 out of 10000
Failed run, not saved
On 4452 out of 10000
On 4453 out of 10000
On 4454 out of 10000
Failed run, not saved
On 4454 out of 10000
Failed run, not saved
On 4454 out of 10000
Failed run, not saved
On 4454 out of 10000
On 4455 out of 10000
On 4456 out of 10000
On 4457 out of 10000
On 4458 out of 10000
Failed run, not saved
On 4458 out of 10000
Failed run, not saved
On 4458 out of 10000
Failed run, not saved
On 4458 out of 10000
Failed run, not saved
On 4458 out of 10000
Failed run, not saved
On 4458 out of 10000
Failed run, not saved
On 4458 out of 10000
Failed run, not saved
On 4458 out of 10000
Failed run, not saved
On 4458 out of 10000
Failed run, not saved
On 4458 out of 10000
Failed run, not saved
On 4458 out of 10000
Failed run, not saved
		FAILED TOO MANY TIMES, TRYING ANOTHER ENVIRONMENT
On 4458 out of 10000
On 4459 out of 10000
Failed run, not saved
On 4459 out of 10000
Failed run, not saved
On 4459 out of 10000
Failed run, not saved
On 4459 out of 10000
Failed run, not saved
On 4459 out of 10000
Failed run, not saved
On 4459 out of 10000
Failed run, not saved
On 4459 out of 10000
Failed run, not saved
On 4459 out of 10000
Failed run, not saved
On 4459 out of 10000
Failed run, not saved
On 4459 out of 10000
Failed run, not saved
On 4459 out of 10000
Failed run, not saved
		FAILED TOO MANY TIMES, TRYING ANOTHER ENVIRONMENT
On 4459 out of 10000
On 4460 out of 10000
On 4461 out of 10000
On 4462 out of 10000
On 4463 out of 10000
On 4464 out of 10000
On 4465 out of 10000
On 4466 out of 10000
On 4467 out of 10000
On 4468 out of 10000
Failed run, not saved
On 4468 out of 10000
On 4469 out of 10000
On 4470 out of 10000
Failed run, not saved
On 4470 out of 10000
Failed run, not saved
On 4470 out of 10000
Failed run, not saved
On 4470 out of 10000
Failed run, not saved
On 4470 out of 10000
Failed run, not saved
On 4470 out of 10000
Failed run, not saved
On 4470 out of 10000
On 4471 out of 10000
On 4472 out of 10000
Failed run, not saved
On 4472 out of 10000
Failed run, not saved
On 4472 out of 10000
Failed run, not saved
On 4472 out of 10000
Failed run, not saved
On 4472 out of 10000
Failed run, not saved
On 4472 out of 10000
Failed run, not saved
On 4472 out of 10000
Failed run, not saved
On 4472 out of 10000
Failed run, not saved
On 4472 out of 10000
Failed run, not saved
On 4472 out of 10000
Failed run, not saved
On 4472 out of 10000
Failed run, not saved
		FAILED TOO MANY TIMES, TRYING ANOTHER ENVIRONMENT
On 4472 out of 10000
On 4473 out of 10000
On 4474 out of 10000
On 4475 out of 10000
Failed run, not saved
On 4475 out of 10000
Failed run, not saved
On 4475 out of 10000
Failed run, not saved
On 4475 out of 10000
Failed run, not saved
On 4475 out of 10000
Failed run, not saved
On 4475 out of 10000
Failed run, not saved
On 4475 out of 10000
Failed run, not saved
On 4475 out of 10000
On 4476 out of 10000
Failed run, not saved
On 4476 out of 10000
Failed run, not saved
On 4476 out of 10000
On 4477 out of 10000
On 4478 out of 10000
On 4479 out of 10000
Failed run, not saved
On 4479 out of 10000
On 4480 out of 10000
Failed run, not saved
On 4480 out of 10000
On 4481 out of 10000
On 4482 out of 10000
On 4483 out of 10000
Failed run, not saved
On 4483 out of 10000
On 4484 out of 10000
Failed run, not saved
On 4484 out of 10000
Failed run, not saved
On 4484 out of 10000
On 4485 out of 10000
Failed run, not saved
On 4485 out of 10000
Failed run, not saved
On 4485 out of 10000
Failed run, not saved
On 4485 out of 10000
Failed run, not saved
On 4485 out of 10000
Failed run, not saved
On 4485 out of 10000
Failed run, not saved
On 4485 out of 10000
On 4486 out of 10000
On 4487 out of 10000
Failed run, not saved
On 4487 out of 10000
On 4488 out of 10000
Failed run, not saved
On 4488 out of 10000
Failed run, not saved
On 4488 out of 10000
Failed run, not saved
On 4488 out of 10000
Failed run, not saved
On 4488 out of 10000
On 4489 out of 10000
On 4490 out of 10000
On 4491 out of 10000
On 4492 out of 10000
On 4493 out of 10000
On 4494 out of 10000
On 4495 out of 10000
On 4496 out of 10000
On 4497 out of 10000
On 4498 out of 10000
On 4499 out of 10000
On 4500 out of 10000
Failed run, not saved
On 4500 out of 10000
Failed run, not saved
On 4500 out of 10000
Failed run, not saved
On 4500 out of 10000
Failed run, not saved
On 4500 out of 10000
Failed run, not saved
On 4500 out of 10000
Failed run, not saved
On 4500 out of 10000
Failed run, not saved
On 4500 out of 10000
Failed run, not saved
On 4500 out of 10000
Failed run, not saved
On 4500 out of 10000
Failed run, not saved
On 4500 out of 10000
Failed run, not saved
		FAILED TOO MANY TIMES, TRYING ANOTHER ENVIRONMENT
On 4500 out of 10000
On 4501 out of 10000
On 4502 out of 10000
On 4503 out of 10000
On 4504 out of 10000
On 4505 out of 10000
On 4506 out of 10000
On 4507 out of 10000
On 4508 out of 10000
On 4509 out of 10000
On 4510 out of 10000
On 4511 out of 10000
On 4512 out of 10000
On 4513 out of 10000
On 4514 out of 10000
On 4515 out of 10000
On 4516 out of 10000
Failed run, not saved
On 4516 out of 10000
Failed run, not saved
On 4516 out of 10000
Failed run, not saved
On 4516 out of 10000
Failed run, not saved
On 4516 out of 10000
Failed run, not saved
On 4516 out of 10000
Failed run, not saved
On 4516 out of 10000
Failed run, not saved
On 4516 out of 10000
Failed run, not saved
On 4516 out of 10000
Failed run, not saved
On 4516 out of 10000
Failed run, not saved
On 4516 out of 10000
Failed run, not saved
		FAILED TOO MANY TIMES, TRYING ANOTHER ENVIRONMENT
On 4516 out of 10000
On 4517 out of 10000
On 4518 out of 10000
On 4519 out of 10000
On 4520 out of 10000
On 4521 out of 10000
On 4522 out of 10000
On 4523 out of 10000
On 4524 out of 10000
On 4525 out of 10000
On 4526 out of 10000
On 4527 out of 10000
Failed run, not saved
On 4527 out of 10000
Failed run, not saved
On 4527 out of 10000
Failed run, not saved
On 4527 out of 10000
Failed run, not saved
On 4527 out of 10000
Failed run, not saved
On 4527 out of 10000
Failed run, not saved
On 4527 out of 10000
Failed run, not saved
On 4527 out of 10000
Failed run, not saved
On 4527 out of 10000
Failed run, not saved
On 4527 out of 10000
Failed run, not saved
On 4527 out of 10000
On 4528 out of 10000
On 4529 out of 10000
Failed run, not saved
On 4529 out of 10000
On 4530 out of 10000
On 4531 out of 10000
On 4532 out of 10000
On 4533 out of 10000
On 4534 out of 10000
Failed run, not saved
On 4534 out of 10000
Failed run, not saved
On 4534 out of 10000
On 4535 out of 10000
On 4536 out of 10000
Failed run, not saved
On 4536 out of 10000
Failed run, not saved
On 4536 out of 10000
On 4537 out of 10000
Failed run, not saved
On 4537 out of 10000
On 4538 out of 10000
Failed run, not saved
On 4538 out of 10000
On 4539 out of 10000
On 4540 out of 10000
On 4541 out of 10000
Failed run, not saved
On 4541 out of 10000
Failed run, not saved
On 4541 out of 10000
Failed run, not saved
On 4541 out of 10000
Failed run, not saved
On 4541 out of 10000
Failed run, not saved
On 4541 out of 10000
Failed run, not saved
On 4541 out of 10000
Failed run, not saved
On 4541 out of 10000
Failed run, not saved
On 4541 out of 10000
Failed run, not saved
On 4541 out of 10000
Failed run, not saved
On 4541 out of 10000
Failed run, not saved
		FAILED TOO MANY TIMES, TRYING ANOTHER ENVIRONMENT
On 4541 out of 10000
On 4542 out of 10000
Failed run, not saved
On 4542 out of 10000
Failed run, not saved
On 4542 out of 10000
Failed run, not saved
On 4542 out of 10000
Failed run, not saved
On 4542 out of 10000
Failed run, not saved
On 4542 out of 10000
Failed run, not saved
On 4542 out of 10000
Failed run, not saved
On 4542 out of 10000
Failed run, not saved
On 4542 out of 10000
Failed run, not saved
On 4542 out of 10000
Failed run, not saved
On 4542 out of 10000
Failed run, not saved
		FAILED TOO MANY TIMES, TRYING ANOTHER ENVIRONMENT
On 4542 out of 10000
On 4543 out of 10000
On 4544 out of 10000
On 4545 out of 10000
Failed run, not saved
On 4545 out of 10000
On 4546 out of 10000
Failed run, not saved
On 4546 out of 10000
Failed run, not saved
On 4546 out of 10000
Failed run, not saved
On 4546 out of 10000
Failed run, not saved
On 4546 out of 10000
Failed run, not saved
On 4546 out of 10000
Failed run, not saved
On 4546 out of 10000
Failed run, not saved
On 4546 out of 10000
Failed run, not saved
On 4546 out of 10000
Failed run, not saved
On 4546 out of 10000
Failed run, not saved
On 4546 out of 10000
Failed run, not saved
		FAILED TOO MANY TIMES, TRYING ANOTHER ENVIRONMENT
On 4546 out of 10000
On 4547 out of 10000
Failed run, not saved
On 4547 out of 10000
Failed run, not saved
On 4547 out of 10000
Failed run, not saved
On 4547 out of 10000
Failed run, not saved
On 4547 out of 10000
Failed run, not saved
On 4547 out of 10000
On 4548 out of 10000
Failed run, not saved
On 4548 out of 10000
Failed run, not saved
On 4548 out of 10000
Failed run, not saved
On 4548 out of 10000
On 4549 out of 10000
On 4550 out of 10000
On 4551 out of 10000
On 4552 out of 10000
On 4553 out of 10000
On 4554 out of 10000
On 4555 out of 10000
On 4556 out of 10000
Failed run, not saved
On 4556 out of 10000
Failed run, not saved
On 4556 out of 10000
Failed run, not saved
On 4556 out of 10000
Failed run, not saved
On 4556 out of 10000
Failed run, not saved
On 4556 out of 10000
Failed run, not saved
On 4556 out of 10000
Failed run, not saved
On 4556 out of 10000
Failed run, not saved
On 4556 out of 10000
Failed run, not saved
On 4556 out of 10000
Failed run, not saved
On 4556 out of 10000
Failed run, not saved
		FAILED TOO MANY TIMES, TRYING ANOTHER ENVIRONMENT
On 4556 out of 10000
Failed run, not saved
		FAILED TOO MANY TIMES, TRYING ANOTHER ENVIRONMENT
On 4556 out of 10000
On 4557 out of 10000
On 4558 out of 10000
On 4559 out of 10000
On 4560 out of 10000
On 4561 out of 10000
On 4562 out of 10000
Failed run, not saved
On 4562 out of 10000
Failed run, not saved
On 4562 out of 10000
Failed run, not saved
On 4562 out of 10000
Failed run, not saved
On 4562 out of 10000
Failed run, not saved
On 4562 out of 10000
Failed run, not saved
On 4562 out of 10000
Failed run, not saved
On 4562 out of 10000
Failed run, not saved
On 4562 out of 10000
Failed run, not saved
On 4562 out of 10000
Failed run, not saved
On 4562 out of 10000
Failed run, not saved
		FAILED TOO MANY TIMES, TRYING ANOTHER ENVIRONMENT
On 4562 out of 10000
On 4563 out of 10000
Failed run, not saved
On 4563 out of 10000
Failed run, not saved
On 4563 out of 10000
Failed run, not saved
On 4563 out of 10000
Failed run, not saved
On 4563 out of 10000
Failed run, not saved
On 4563 out of 10000
Failed run, not saved
On 4563 out of 10000
Failed run, not saved
On 4563 out of 10000
Failed run, not saved
On 4563 out of 10000
Failed run, not saved
On 4563 out of 10000
Failed run, not saved
On 4563 out of 10000
Failed run, not saved
		FAILED TOO MANY TIMES, TRYING ANOTHER ENVIRONMENT
On 4563 out of 10000
On 4564 out of 10000
On 4565 out of 10000
Failed run, not saved
On 4565 out of 10000
Failed run, not saved
On 4565 out of 10000
Failed run, not saved
On 4565 out of 10000
Failed run, not saved
On 4565 out of 10000
On 4566 out of 10000
On 4567 out of 10000
On 4568 out of 10000
On 4569 out of 10000
On 4570 out of 10000
Failed run, not saved
On 4570 out of 10000
Failed run, not saved
On 4570 out of 10000
Failed run, not saved
On 4570 out of 10000
Failed run, not saved
On 4570 out of 10000
Failed run, not saved
On 4570 out of 10000
Failed run, not saved
On 4570 out of 10000
Failed run, not saved
On 4570 out of 10000
Failed run, not saved
On 4570 out of 10000
Failed run, not saved
On 4570 out of 10000
Failed run, not saved
On 4570 out of 10000
On 4571 out of 10000
On 4572 out of 10000
On 4573 out of 10000
On 4574 out of 10000
On 4575 out of 10000
Failed run, not saved
On 4575 out of 10000
Failed run, not saved
On 4575 out of 10000
Failed run, not saved
On 4575 out of 10000
Failed run, not saved
On 4575 out of 10000
Failed run, not saved
On 4575 out of 10000
Failed run, not saved
On 4575 out of 10000
Failed run, not saved
On 4575 out of 10000
Failed run, not saved
On 4575 out of 10000
Failed run, not saved
On 4575 out of 10000
Failed run, not saved
On 4575 out of 10000
Failed run, not saved
		FAILED TOO MANY TIMES, TRYING ANOTHER ENVIRONMENT
On 4575 out of 10000
On 4576 out of 10000
On 4577 out of 10000
Failed run, not saved
On 4577 out of 10000
Failed run, not saved
On 4577 out of 10000
Failed run, not saved
On 4577 out of 10000
Failed run, not saved
On 4577 out of 10000
Failed run, not saved
On 4577 out of 10000
Failed run, not saved
On 4577 out of 10000
Failed run, not saved
On 4577 out of 10000
Failed run, not saved
On 4577 out of 10000
Failed run, not saved
On 4577 out of 10000
Failed run, not saved
On 4577 out of 10000
Failed run, not saved
		FAILED TOO MANY TIMES, TRYING ANOTHER ENVIRONMENT
On 4577 out of 10000
On 4578 out of 10000
Failed run, not saved
On 4578 out of 10000
On 4579 out of 10000
On 4580 out of 10000
Failed run, not saved
On 4580 out of 10000
Failed run, not saved
On 4580 out of 10000
Failed run, not saved
On 4580 out of 10000
Failed run, not saved
On 4580 out of 10000
Failed run, not saved
On 4580 out of 10000
Failed run, not saved
On 4580 out of 10000
On 4581 out of 10000
Failed run, not saved
On 4581 out of 10000
Failed run, not saved
On 4581 out of 10000
On 4582 out of 10000
On 4583 out of 10000
On 4584 out of 10000
On 4585 out of 10000
On 4586 out of 10000
On 4587 out of 10000
On 4588 out of 10000
On 4589 out of 10000
Failed run, not saved
On 4589 out of 10000
Failed run, not saved
On 4589 out of 10000
Failed run, not saved
On 4589 out of 10000
On 4590 out of 10000
On 4591 out of 10000
Failed run, not saved
On 4591 out of 10000
Failed run, not saved
On 4591 out of 10000
Failed run, not saved
On 4591 out of 10000
Failed run, not saved
On 4591 out of 10000
Failed run, not saved
On 4591 out of 10000
Failed run, not saved
On 4591 out of 10000
Failed run, not saved
On 4591 out of 10000
Failed run, not saved
On 4591 out of 10000
On 4592 out of 10000
On 4593 out of 10000
On 4594 out of 10000
On 4595 out of 10000
Failed run, not saved
On 4595 out of 10000
Failed run, not saved
On 4595 out of 10000
Failed run, not saved
On 4595 out of 10000
Failed run, not saved
On 4595 out of 10000
Failed run, not saved
On 4595 out of 10000
Failed run, not saved
On 4595 out of 10000
Failed run, not saved
On 4595 out of 10000
Failed run, not saved
On 4595 out of 10000
Failed run, not saved
On 4595 out of 10000
Failed run, not saved
On 4595 out of 10000
Failed run, not saved
		FAILED TOO MANY TIMES, TRYING ANOTHER ENVIRONMENT
On 4595 out of 10000
Failed run, not saved
		FAILED TOO MANY TIMES, TRYING ANOTHER ENVIRONMENT
On 4595 out of 10000
On 4596 out of 10000
On 4597 out of 10000
On 4598 out of 10000
On 4599 out of 10000
On 4600 out of 10000
Failed run, not saved
On 4600 out of 10000
Failed run, not saved
On 4600 out of 10000
On 4601 out of 10000
On 4602 out of 10000
On 4603 out of 10000
On 4604 out of 10000
On 4605 out of 10000
On 4606 out of 10000
On 4607 out of 10000
Failed run, not saved
On 4607 out of 10000
Failed run, not saved
On 4607 out of 10000
Failed run, not saved
On 4607 out of 10000
Failed run, not saved
On 4607 out of 10000
Failed run, not saved
On 4607 out of 10000
Failed run, not saved
On 4607 out of 10000
On 4608 out of 10000
On 4609 out of 10000
Failed run, not saved
On 4609 out of 10000
Failed run, not saved
On 4609 out of 10000
On 4610 out of 10000
On 4611 out of 10000
On 4612 out of 10000
On 4613 out of 10000
On 4614 out of 10000
On 4615 out of 10000
On 4616 out of 10000
On 4617 out of 10000
On 4618 out of 10000
On 4619 out of 10000
On 4620 out of 10000
On 4621 out of 10000
Failed run, not saved
On 4621 out of 10000
Failed run, not saved
On 4621 out of 10000
Failed run, not saved
On 4621 out of 10000
Failed run, not saved
On 4621 out of 10000
Failed run, not saved
On 4621 out of 10000
Failed run, not saved
On 4621 out of 10000
Failed run, not saved
On 4621 out of 10000
Failed run, not saved
On 4621 out of 10000
Failed run, not saved
On 4621 out of 10000
Failed run, not saved
On 4621 out of 10000
Failed run, not saved
		FAILED TOO MANY TIMES, TRYING ANOTHER ENVIRONMENT
On 4621 out of 10000
On 4622 out of 10000
On 4623 out of 10000
Failed run, not saved
On 4623 out of 10000
Failed run, not saved
On 4623 out of 10000
Failed run, not saved
On 4623 out of 10000
Failed run, not saved
On 4623 out of 10000
On 4624 out of 10000
On 4625 out of 10000
On 4626 out of 10000
On 4627 out of 10000
On 4628 out of 10000
On 4629 out of 10000
On 4630 out of 10000
On 4631 out of 10000
On 4632 out of 10000
On 4633 out of 10000
On 4634 out of 10000
On 4635 out of 10000
Failed run, not saved
On 4635 out of 10000
On 4636 out of 10000
On 4637 out of 10000
On 4638 out of 10000
On 4639 out of 10000
On 4640 out of 10000
On 4641 out of 10000
Failed run, not saved
On 4641 out of 10000
Failed run, not saved
On 4641 out of 10000
Failed run, not saved
On 4641 out of 10000
On 4642 out of 10000
On 4643 out of 10000
On 4644 out of 10000
Failed run, not saved
On 4644 out of 10000
Failed run, not saved
On 4644 out of 10000
Failed run, not saved
On 4644 out of 10000
Failed run, not saved
On 4644 out of 10000
Failed run, not saved
On 4644 out of 10000
Failed run, not saved
On 4644 out of 10000
Failed run, not saved
On 4644 out of 10000
Failed run, not saved
On 4644 out of 10000
Failed run, not saved
On 4644 out of 10000
Failed run, not saved
On 4644 out of 10000
Failed run, not saved
		FAILED TOO MANY TIMES, TRYING ANOTHER ENVIRONMENT
On 4644 out of 10000
On 4645 out of 10000
On 4646 out of 10000
On 4647 out of 10000
On 4648 out of 10000
On 4649 out of 10000
On 4650 out of 10000
Failed run, not saved
On 4650 out of 10000
Failed run, not saved
On 4650 out of 10000
Failed run, not saved
On 4650 out of 10000
Failed run, not saved
On 4650 out of 10000
On 4651 out of 10000
On 4652 out of 10000
On 4653 out of 10000
Failed run, not saved
On 4653 out of 10000
On 4654 out of 10000
On 4655 out of 10000
On 4656 out of 10000
Failed run, not saved
On 4656 out of 10000
Failed run, not saved
On 4656 out of 10000
On 4657 out of 10000
On 4658 out of 10000
On 4659 out of 10000
On 4660 out of 10000
Failed run, not saved
On 4660 out of 10000
Failed run, not saved
On 4660 out of 10000
Failed run, not saved
On 4660 out of 10000
Failed run, not saved
On 4660 out of 10000
Failed run, not saved
On 4660 out of 10000
On 4661 out of 10000
On 4662 out of 10000
On 4663 out of 10000
Failed run, not saved
On 4663 out of 10000
Failed run, not saved
On 4663 out of 10000
Failed run, not saved
On 4663 out of 10000
Failed run, not saved
On 4663 out of 10000
Failed run, not saved
On 4663 out of 10000
On 4664 out of 10000
Failed run, not saved
On 4664 out of 10000
Failed run, not saved
On 4664 out of 10000
Failed run, not saved
On 4664 out of 10000
Failed run, not saved
On 4664 out of 10000
Failed run, not saved
On 4664 out of 10000
Failed run, not saved
On 4664 out of 10000
Failed run, not saved
On 4664 out of 10000
Failed run, not saved
On 4664 out of 10000
Failed run, not saved
On 4664 out of 10000
Failed run, not saved
On 4664 out of 10000
On 4665 out of 10000
On 4666 out of 10000
On 4667 out of 10000
On 4668 out of 10000
Failed run, not saved
On 4668 out of 10000
Failed run, not saved
On 4668 out of 10000
On 4669 out of 10000
On 4670 out of 10000
On 4671 out of 10000
On 4672 out of 10000
Failed run, not saved
On 4672 out of 10000
On 4673 out of 10000
On 4674 out of 10000
On 4675 out of 10000
On 4676 out of 10000
On 4677 out of 10000
On 4678 out of 10000
On 4679 out of 10000
On 4680 out of 10000
On 4681 out of 10000
On 4682 out of 10000
On 4683 out of 10000
Failed run, not saved
On 4683 out of 10000
On 4684 out of 10000
Failed run, not saved
On 4684 out of 10000
Failed run, not saved
On 4684 out of 10000
On 4685 out of 10000
On 4686 out of 10000
On 4687 out of 10000
On 4688 out of 10000
On 4689 out of 10000
On 4690 out of 10000
On 4691 out of 10000
On 4692 out of 10000
On 4693 out of 10000
On 4694 out of 10000
Failed run, not saved
On 4694 out of 10000
Failed run, not saved
On 4694 out of 10000
Failed run, not saved
On 4694 out of 10000
Failed run, not saved
On 4694 out of 10000
Failed run, not saved
On 4694 out of 10000
On 4695 out of 10000
Failed run, not saved
On 4695 out of 10000
Failed run, not saved
On 4695 out of 10000
On 4696 out of 10000
On 4697 out of 10000
Failed run, not saved
On 4697 out of 10000
On 4698 out of 10000
Failed run, not saved
On 4698 out of 10000
Failed run, not saved
On 4698 out of 10000
Failed run, not saved
On 4698 out of 10000
On 4699 out of 10000
Failed run, not saved
On 4699 out of 10000
Failed run, not saved
On 4699 out of 10000
Failed run, not saved
On 4699 out of 10000
Failed run, not saved
On 4699 out of 10000
Failed run, not saved
On 4699 out of 10000
Failed run, not saved
On 4699 out of 10000
Failed run, not saved
On 4699 out of 10000
Failed run, not saved
On 4699 out of 10000
Failed run, not saved
On 4699 out of 10000
Failed run, not saved
On 4699 out of 10000
Failed run, not saved
		FAILED TOO MANY TIMES, TRYING ANOTHER ENVIRONMENT
On 4699 out of 10000
On 4700 out of 10000
On 4701 out of 10000
On 4702 out of 10000
Failed run, not saved
On 4702 out of 10000
Failed run, not saved
On 4702 out of 10000
On 4703 out of 10000
On 4704 out of 10000
On 4705 out of 10000
Failed run, not saved
On 4705 out of 10000
Failed run, not saved
On 4705 out of 10000
Failed run, not saved
On 4705 out of 10000
Failed run, not saved
On 4705 out of 10000
Failed run, not saved
On 4705 out of 10000
Failed run, not saved
On 4705 out of 10000
Failed run, not saved
On 4705 out of 10000
Failed run, not saved
On 4705 out of 10000
Failed run, not saved
On 4705 out of 10000
Failed run, not saved
On 4705 out of 10000
Failed run, not saved
		FAILED TOO MANY TIMES, TRYING ANOTHER ENVIRONMENT
On 4705 out of 10000
Failed run, not saved
		FAILED TOO MANY TIMES, TRYING ANOTHER ENVIRONMENT
On 4705 out of 10000
On 4706 out of 10000
On 4707 out of 10000
On 4708 out of 10000
On 4709 out of 10000
On 4710 out of 10000
Failed run, not saved
On 4710 out of 10000
Failed run, not saved
On 4710 out of 10000
Failed run, not saved
On 4710 out of 10000
Failed run, not saved
On 4710 out of 10000
Failed run, not saved
On 4710 out of 10000
Failed run, not saved
On 4710 out of 10000
Failed run, not saved
On 4710 out of 10000
Failed run, not saved
On 4710 out of 10000
Failed run, not saved
On 4710 out of 10000
Failed run, not saved
On 4710 out of 10000
Failed run, not saved
		FAILED TOO MANY TIMES, TRYING ANOTHER ENVIRONMENT
On 4710 out of 10000
On 4711 out of 10000
Failed run, not saved
On 4711 out of 10000
On 4712 out of 10000
On 4713 out of 10000
Failed run, not saved
On 4713 out of 10000
Failed run, not saved
On 4713 out of 10000
On 4714 out of 10000
Failed run, not saved
On 4714 out of 10000
On 4715 out of 10000
Failed run, not saved
On 4715 out of 10000
On 4716 out of 10000
Failed run, not saved
On 4716 out of 10000
Failed run, not saved
On 4716 out of 10000
Failed run, not saved
On 4716 out of 10000
Failed run, not saved
On 4716 out of 10000
Failed run, not saved
On 4716 out of 10000
Failed run, not saved
On 4716 out of 10000
Failed run, not saved
On 4716 out of 10000
Failed run, not saved
On 4716 out of 10000
Failed run, not saved
On 4716 out of 10000
Failed run, not saved
On 4716 out of 10000
Failed run, not saved
		FAILED TOO MANY TIMES, TRYING ANOTHER ENVIRONMENT
On 4716 out of 10000
On 4717 out of 10000
On 4718 out of 10000
On 4719 out of 10000
Failed run, not saved
On 4719 out of 10000
On 4720 out of 10000
Failed run, not saved
On 4720 out of 10000
On 4721 out of 10000
Failed run, not saved
On 4721 out of 10000
Failed run, not saved
On 4721 out of 10000
Failed run, not saved
On 4721 out of 10000
Failed run, not saved
On 4721 out of 10000
Failed run, not saved
On 4721 out of 10000
Failed run, not saved
On 4721 out of 10000
Failed run, not saved
On 4721 out of 10000
Failed run, not saved
On 4721 out of 10000
Failed run, not saved
On 4721 out of 10000
Failed run, not saved
On 4721 out of 10000
Failed run, not saved
		FAILED TOO MANY TIMES, TRYING ANOTHER ENVIRONMENT
On 4721 out of 10000
On 4722 out of 10000
On 4723 out of 10000
On 4724 out of 10000
On 4725 out of 10000
On 4726 out of 10000
Failed run, not saved
On 4726 out of 10000
Failed run, not saved
On 4726 out of 10000
Failed run, not saved
On 4726 out of 10000
On 4727 out of 10000
On 4728 out of 10000
Failed run, not saved
On 4728 out of 10000
Failed run, not saved
On 4728 out of 10000
Failed run, not saved
On 4728 out of 10000
Failed run, not saved
On 4728 out of 10000
Failed run, not saved
On 4728 out of 10000
Failed run, not saved
On 4728 out of 10000
Failed run, not saved
On 4728 out of 10000
Failed run, not saved
On 4728 out of 10000
Failed run, not saved
On 4728 out of 10000
Failed run, not saved
On 4728 out of 10000
Failed run, not saved
		FAILED TOO MANY TIMES, TRYING ANOTHER ENVIRONMENT
On 4728 out of 10000
Failed run, not saved
		FAILED TOO MANY TIMES, TRYING ANOTHER ENVIRONMENT
On 4728 out of 10000
Failed run, not saved
		FAILED TOO MANY TIMES, TRYING ANOTHER ENVIRONMENT
On 4728 out of 10000
On 4729 out of 10000
On 4730 out of 10000
On 4731 out of 10000
On 4732 out of 10000
Failed run, not saved
On 4732 out of 10000
On 4733 out of 10000
On 4734 out of 10000
On 4735 out of 10000
On 4736 out of 10000
On 4737 out of 10000
On 4738 out of 10000
On 4739 out of 10000
Failed run, not saved
On 4739 out of 10000
Failed run, not saved
On 4739 out of 10000
Failed run, not saved
On 4739 out of 10000
Failed run, not saved
On 4739 out of 10000
Failed run, not saved
On 4739 out of 10000
Failed run, not saved
On 4739 out of 10000
Failed run, not saved
On 4739 out of 10000
Failed run, not saved
On 4739 out of 10000
Failed run, not saved
On 4739 out of 10000
Failed run, not saved
On 4739 out of 10000
Failed run, not saved
		FAILED TOO MANY TIMES, TRYING ANOTHER ENVIRONMENT
On 4739 out of 10000
Failed run, not saved
		FAILED TOO MANY TIMES, TRYING ANOTHER ENVIRONMENT
On 4739 out of 10000
On 4740 out of 10000
Failed run, not saved
On 4740 out of 10000
Failed run, not saved
On 4740 out of 10000
Failed run, not saved
On 4740 out of 10000
Failed run, not saved
On 4740 out of 10000
Failed run, not saved
On 4740 out of 10000
Failed run, not saved
On 4740 out of 10000
Failed run, not saved
On 4740 out of 10000
Failed run, not saved
On 4740 out of 10000
Failed run, not saved
On 4740 out of 10000
Failed run, not saved
On 4740 out of 10000
Failed run, not saved
		FAILED TOO MANY TIMES, TRYING ANOTHER ENVIRONMENT
On 4740 out of 10000
Failed run, not saved
		FAILED TOO MANY TIMES, TRYING ANOTHER ENVIRONMENT
On 4740 out of 10000
Failed run, not saved
		FAILED TOO MANY TIMES, TRYING ANOTHER ENVIRONMENT
On 4740 out of 10000
Failed run, not saved
		FAILED TOO MANY TIMES, TRYING ANOTHER ENVIRONMENT
On 4740 out of 10000
On 4741 out of 10000
On 4742 out of 10000
On 4743 out of 10000
Failed run, not saved
On 4743 out of 10000
On 4744 out of 10000
On 4745 out of 10000
On 4746 out of 10000
Failed run, not saved
On 4746 out of 10000
On 4747 out of 10000
On 4748 out of 10000
On 4749 out of 10000
On 4750 out of 10000
Failed run, not saved
On 4750 out of 10000
Failed run, not saved
On 4750 out of 10000
Failed run, not saved
On 4750 out of 10000
Failed run, not saved
On 4750 out of 10000
Failed run, not saved
On 4750 out of 10000
On 4751 out of 10000
Failed run, not saved
On 4751 out of 10000
On 4752 out of 10000
On 4753 out of 10000
On 4754 out of 10000
On 4755 out of 10000
Failed run, not saved
On 4755 out of 10000
On 4756 out of 10000
On 4757 out of 10000
Failed run, not saved
On 4757 out of 10000
On 4758 out of 10000
On 4759 out of 10000
On 4760 out of 10000
On 4761 out of 10000
On 4762 out of 10000
On 4763 out of 10000
On 4764 out of 10000
On 4765 out of 10000
On 4766 out of 10000
Failed run, not saved
On 4766 out of 10000
Failed run, not saved
On 4766 out of 10000
On 4767 out of 10000
Failed run, not saved
On 4767 out of 10000
On 4768 out of 10000
On 4769 out of 10000
On 4770 out of 10000
On 4771 out of 10000
On 4772 out of 10000
On 4773 out of 10000
On 4774 out of 10000
Failed run, not saved
On 4774 out of 10000
On 4775 out of 10000
Failed run, not saved
On 4775 out of 10000
Failed run, not saved
On 4775 out of 10000
Failed run, not saved
On 4775 out of 10000
On 4776 out of 10000
On 4777 out of 10000
Failed run, not saved
On 4777 out of 10000
On 4778 out of 10000
On 4779 out of 10000
On 4780 out of 10000
On 4781 out of 10000
Failed run, not saved
On 4781 out of 10000
Failed run, not saved
On 4781 out of 10000
Failed run, not saved
On 4781 out of 10000
Failed run, not saved
On 4781 out of 10000
Failed run, not saved
On 4781 out of 10000
Failed run, not saved
On 4781 out of 10000
Failed run, not saved
On 4781 out of 10000
Failed run, not saved
On 4781 out of 10000
Failed run, not saved
On 4781 out of 10000
Failed run, not saved
On 4781 out of 10000
Failed run, not saved
		FAILED TOO MANY TIMES, TRYING ANOTHER ENVIRONMENT
On 4781 out of 10000
On 4782 out of 10000
Failed run, not saved
On 4782 out of 10000
Failed run, not saved
On 4782 out of 10000
Failed run, not saved
On 4782 out of 10000
Failed run, not saved
On 4782 out of 10000
On 4783 out of 10000
On 4784 out of 10000
Failed run, not saved
On 4784 out of 10000
Failed run, not saved
On 4784 out of 10000
Failed run, not saved
On 4784 out of 10000
Failed run, not saved
On 4784 out of 10000
Failed run, not saved
On 4784 out of 10000
Failed run, not saved
On 4784 out of 10000
Failed run, not saved
On 4784 out of 10000
Failed run, not saved
On 4784 out of 10000
Failed run, not saved
On 4784 out of 10000
Failed run, not saved
On 4784 out of 10000
Failed run, not saved
		FAILED TOO MANY TIMES, TRYING ANOTHER ENVIRONMENT
On 4784 out of 10000
On 4785 out of 10000
Failed run, not saved
On 4785 out of 10000
Failed run, not saved
On 4785 out of 10000
Failed run, not saved
On 4785 out of 10000
Failed run, not saved
On 4785 out of 10000
Failed run, not saved
On 4785 out of 10000
Failed run, not saved
On 4785 out of 10000
Failed run, not saved
On 4785 out of 10000
Failed run, not saved
On 4785 out of 10000
Failed run, not saved
On 4785 out of 10000
Failed run, not saved
On 4785 out of 10000
Failed run, not saved
		FAILED TOO MANY TIMES, TRYING ANOTHER ENVIRONMENT
On 4785 out of 10000
On 4786 out of 10000
Failed run, not saved
On 4786 out of 10000
Failed run, not saved
On 4786 out of 10000
Failed run, not saved
On 4786 out of 10000
On 4787 out of 10000
Failed run, not saved
On 4787 out of 10000
On 4788 out of 10000
On 4789 out of 10000
On 4790 out of 10000
On 4791 out of 10000
On 4792 out of 10000
Failed run, not saved
On 4792 out of 10000
On 4793 out of 10000
On 4794 out of 10000
On 4795 out of 10000
Failed run, not saved
On 4795 out of 10000
On 4796 out of 10000
Failed run, not saved
On 4796 out of 10000
Failed run, not saved
On 4796 out of 10000
Failed run, not saved
On 4796 out of 10000
Failed run, not saved
On 4796 out of 10000
Failed run, not saved
On 4796 out of 10000
On 4797 out of 10000
Failed run, not saved
On 4797 out of 10000
Failed run, not saved
On 4797 out of 10000
Failed run, not saved
On 4797 out of 10000
Failed run, not saved
On 4797 out of 10000
Failed run, not saved
On 4797 out of 10000
Failed run, not saved
On 4797 out of 10000
Failed run, not saved
On 4797 out of 10000
On 4798 out of 10000
On 4799 out of 10000
On 4800 out of 10000
On 4801 out of 10000
Failed run, not saved
On 4801 out of 10000
Failed run, not saved
On 4801 out of 10000
Failed run, not saved
On 4801 out of 10000
Failed run, not saved
On 4801 out of 10000
Failed run, not saved
On 4801 out of 10000
Failed run, not saved
On 4801 out of 10000
On 4802 out of 10000
On 4803 out of 10000
On 4804 out of 10000
On 4805 out of 10000
Failed run, not saved
On 4805 out of 10000
Failed run, not saved
On 4805 out of 10000
Failed run, not saved
On 4805 out of 10000
Failed run, not saved
On 4805 out of 10000
Failed run, not saved
On 4805 out of 10000
Failed run, not saved
On 4805 out of 10000
Failed run, not saved
On 4805 out of 10000
Failed run, not saved
On 4805 out of 10000
Failed run, not saved
On 4805 out of 10000
Failed run, not saved
On 4805 out of 10000
Failed run, not saved
		FAILED TOO MANY TIMES, TRYING ANOTHER ENVIRONMENT
On 4805 out of 10000
On 4806 out of 10000
Failed run, not saved
On 4806 out of 10000
On 4807 out of 10000
On 4808 out of 10000
On 4809 out of 10000
On 4810 out of 10000
On 4811 out of 10000
On 4812 out of 10000
On 4813 out of 10000
On 4814 out of 10000
On 4815 out of 10000
On 4816 out of 10000
On 4817 out of 10000
On 4818 out of 10000
On 4819 out of 10000
On 4820 out of 10000
On 4821 out of 10000
Failed run, not saved
On 4821 out of 10000
On 4822 out of 10000
On 4823 out of 10000
Failed run, not saved
On 4823 out of 10000
Failed run, not saved
On 4823 out of 10000
Failed run, not saved
On 4823 out of 10000
Failed run, not saved
On 4823 out of 10000
On 4824 out of 10000
On 4825 out of 10000
On 4826 out of 10000
Failed run, not saved
On 4826 out of 10000
On 4827 out of 10000
On 4828 out of 10000
Failed run, not saved
On 4828 out of 10000
Failed run, not saved
On 4828 out of 10000
Failed run, not saved
On 4828 out of 10000
Failed run, not saved
On 4828 out of 10000
On 4829 out of 10000
On 4830 out of 10000
On 4831 out of 10000
On 4832 out of 10000
On 4833 out of 10000
On 4834 out of 10000
On 4835 out of 10000
On 4836 out of 10000
On 4837 out of 10000
Failed run, not saved
On 4837 out of 10000
Failed run, not saved
On 4837 out of 10000
On 4838 out of 10000
On 4839 out of 10000
Failed run, not saved
On 4839 out of 10000
Failed run, not saved
On 4839 out of 10000
Failed run, not saved
On 4839 out of 10000
Failed run, not saved
On 4839 out of 10000
Failed run, not saved
On 4839 out of 10000
Failed run, not saved
On 4839 out of 10000
Failed run, not saved
On 4839 out of 10000
Failed run, not saved
On 4839 out of 10000
Failed run, not saved
On 4839 out of 10000
Failed run, not saved
On 4839 out of 10000
Failed run, not saved
		FAILED TOO MANY TIMES, TRYING ANOTHER ENVIRONMENT
On 4839 out of 10000
On 4840 out of 10000
On 4841 out of 10000
On 4842 out of 10000
On 4843 out of 10000
On 4844 out of 10000
On 4845 out of 10000
On 4846 out of 10000
On 4847 out of 10000
On 4848 out of 10000
On 4849 out of 10000
On 4850 out of 10000
Failed run, not saved
On 4850 out of 10000
Failed run, not saved
On 4850 out of 10000
Failed run, not saved
On 4850 out of 10000
Failed run, not saved
On 4850 out of 10000
Failed run, not saved
On 4850 out of 10000
Failed run, not saved
On 4850 out of 10000
Failed run, not saved
On 4850 out of 10000
Failed run, not saved
On 4850 out of 10000
Failed run, not saved
On 4850 out of 10000
Failed run, not saved
On 4850 out of 10000
Failed run, not saved
		FAILED TOO MANY TIMES, TRYING ANOTHER ENVIRONMENT
On 4850 out of 10000
On 4851 out of 10000
On 4852 out of 10000
Failed run, not saved
On 4852 out of 10000
Failed run, not saved
On 4852 out of 10000
Failed run, not saved
On 4852 out of 10000
Failed run, not saved
On 4852 out of 10000
Failed run, not saved
On 4852 out of 10000
Failed run, not saved
On 4852 out of 10000
Failed run, not saved
On 4852 out of 10000
Failed run, not saved
On 4852 out of 10000
Failed run, not saved
On 4852 out of 10000
Failed run, not saved
On 4852 out of 10000
Failed run, not saved
		FAILED TOO MANY TIMES, TRYING ANOTHER ENVIRONMENT
On 4852 out of 10000
On 4853 out of 10000
On 4854 out of 10000
On 4855 out of 10000
Failed run, not saved
On 4855 out of 10000
On 4856 out of 10000
On 4857 out of 10000
On 4858 out of 10000
On 4859 out of 10000
Failed run, not saved
On 4859 out of 10000
Failed run, not saved
On 4859 out of 10000
On 4860 out of 10000
On 4861 out of 10000
On 4862 out of 10000
Failed run, not saved
On 4862 out of 10000
On 4863 out of 10000
On 4864 out of 10000
On 4865 out of 10000
On 4866 out of 10000
On 4867 out of 10000
Failed run, not saved
On 4867 out of 10000
On 4868 out of 10000
On 4869 out of 10000
On 4870 out of 10000
On 4871 out of 10000
Failed run, not saved
On 4871 out of 10000
Failed run, not saved
On 4871 out of 10000
Failed run, not saved
On 4871 out of 10000
Failed run, not saved
On 4871 out of 10000
Failed run, not saved
On 4871 out of 10000
Failed run, not saved
On 4871 out of 10000
Failed run, not saved
On 4871 out of 10000
Failed run, not saved
On 4871 out of 10000
Failed run, not saved
On 4871 out of 10000
Failed run, not saved
On 4871 out of 10000
Failed run, not saved
		FAILED TOO MANY TIMES, TRYING ANOTHER ENVIRONMENT
On 4871 out of 10000
On 4872 out of 10000
On 4873 out of 10000
Failed run, not saved
On 4873 out of 10000
Failed run, not saved
On 4873 out of 10000
Failed run, not saved
On 4873 out of 10000
Failed run, not saved
On 4873 out of 10000
Failed run, not saved
On 4873 out of 10000
Failed run, not saved
On 4873 out of 10000
Failed run, not saved
On 4873 out of 10000
On 4874 out of 10000
Failed run, not saved
On 4874 out of 10000
Failed run, not saved
On 4874 out of 10000
Failed run, not saved
On 4874 out of 10000
Failed run, not saved
On 4874 out of 10000
Failed run, not saved
On 4874 out of 10000
Failed run, not saved
On 4874 out of 10000
On 4875 out of 10000
On 4876 out of 10000
Failed run, not saved
On 4876 out of 10000
On 4877 out of 10000
Failed run, not saved
On 4877 out of 10000
Failed run, not saved
On 4877 out of 10000
Failed run, not saved
On 4877 out of 10000
Failed run, not saved
On 4877 out of 10000
Failed run, not saved
On 4877 out of 10000
Failed run, not saved
On 4877 out of 10000
Failed run, not saved
On 4877 out of 10000
Failed run, not saved
On 4877 out of 10000
Failed run, not saved
On 4877 out of 10000
Failed run, not saved
On 4877 out of 10000
Failed run, not saved
		FAILED TOO MANY TIMES, TRYING ANOTHER ENVIRONMENT
On 4877 out of 10000
On 4878 out of 10000
On 4879 out of 10000
On 4880 out of 10000
On 4881 out of 10000
On 4882 out of 10000
On 4883 out of 10000
On 4884 out of 10000
Failed run, not saved
On 4884 out of 10000
Failed run, not saved
On 4884 out of 10000
Failed run, not saved
On 4884 out of 10000
On 4885 out of 10000
Failed run, not saved
On 4885 out of 10000
On 4886 out of 10000
On 4887 out of 10000
On 4888 out of 10000
Failed run, not saved
On 4888 out of 10000
Failed run, not saved
On 4888 out of 10000
Failed run, not saved
On 4888 out of 10000
Failed run, not saved
On 4888 out of 10000
Failed run, not saved
On 4888 out of 10000
Failed run, not saved
On 4888 out of 10000
Failed run, not saved
On 4888 out of 10000
Failed run, not saved
On 4888 out of 10000
Failed run, not saved
On 4888 out of 10000
Failed run, not saved
On 4888 out of 10000
On 4889 out of 10000
Failed run, not saved
On 4889 out of 10000
Failed run, not saved
On 4889 out of 10000
On 4890 out of 10000
On 4891 out of 10000
On 4892 out of 10000
On 4893 out of 10000
On 4894 out of 10000
On 4895 out of 10000
On 4896 out of 10000
On 4897 out of 10000
On 4898 out of 10000
On 4899 out of 10000
On 4900 out of 10000
On 4901 out of 10000
On 4902 out of 10000
On 4903 out of 10000
Failed run, not saved
On 4903 out of 10000
On 4904 out of 10000
On 4905 out of 10000
Failed run, not saved
On 4905 out of 10000
On 4906 out of 10000
On 4907 out of 10000
On 4908 out of 10000
On 4909 out of 10000
On 4910 out of 10000
On 4911 out of 10000
On 4912 out of 10000
Failed run, not saved
On 4912 out of 10000
Failed run, not saved
On 4912 out of 10000
Failed run, not saved
On 4912 out of 10000
Failed run, not saved
On 4912 out of 10000
Failed run, not saved
On 4912 out of 10000
Failed run, not saved
On 4912 out of 10000
Failed run, not saved
On 4912 out of 10000
Failed run, not saved
On 4912 out of 10000
Failed run, not saved
On 4912 out of 10000
Failed run, not saved
On 4912 out of 10000
Failed run, not saved
		FAILED TOO MANY TIMES, TRYING ANOTHER ENVIRONMENT
On 4912 out of 10000
On 4913 out of 10000
On 4914 out of 10000
On 4915 out of 10000
On 4916 out of 10000
On 4917 out of 10000
On 4918 out of 10000
Failed run, not saved
On 4918 out of 10000
Failed run, not saved
On 4918 out of 10000
Failed run, not saved
On 4918 out of 10000
Failed run, not saved
On 4918 out of 10000
On 4919 out of 10000
On 4920 out of 10000
Failed run, not saved
On 4920 out of 10000
Failed run, not saved
On 4920 out of 10000
Failed run, not saved
On 4920 out of 10000
Failed run, not saved
On 4920 out of 10000
Failed run, not saved
On 4920 out of 10000
On 4921 out of 10000
On 4922 out of 10000
Failed run, not saved
On 4922 out of 10000
Failed run, not saved
On 4922 out of 10000
Failed run, not saved
On 4922 out of 10000
Failed run, not saved
On 4922 out of 10000
Failed run, not saved
On 4922 out of 10000
Failed run, not saved
On 4922 out of 10000
Failed run, not saved
On 4922 out of 10000
Failed run, not saved
On 4922 out of 10000
Failed run, not saved
On 4922 out of 10000
Failed run, not saved
On 4922 out of 10000
Failed run, not saved
		FAILED TOO MANY TIMES, TRYING ANOTHER ENVIRONMENT
On 4922 out of 10000
On 4923 out of 10000
On 4924 out of 10000
On 4925 out of 10000
On 4926 out of 10000
Failed run, not saved
On 4926 out of 10000
On 4927 out of 10000
Failed run, not saved
On 4927 out of 10000
Failed run, not saved
On 4927 out of 10000
On 4928 out of 10000
On 4929 out of 10000
On 4930 out of 10000
Failed run, not saved
On 4930 out of 10000
On 4931 out of 10000
On 4932 out of 10000
On 4933 out of 10000
On 4934 out of 10000
Failed run, not saved
On 4934 out of 10000
Failed run, not saved
On 4934 out of 10000
On 4935 out of 10000
On 4936 out of 10000
On 4937 out of 10000
On 4938 out of 10000
Failed run, not saved
On 4938 out of 10000
On 4939 out of 10000
Failed run, not saved
On 4939 out of 10000
On 4940 out of 10000
Failed run, not saved
On 4940 out of 10000
On 4941 out of 10000
Failed run, not saved
On 4941 out of 10000
Failed run, not saved
On 4941 out of 10000
Failed run, not saved
On 4941 out of 10000
Failed run, not saved
On 4941 out of 10000
Failed run, not saved
On 4941 out of 10000
Failed run, not saved
On 4941 out of 10000
Failed run, not saved
On 4941 out of 10000
Failed run, not saved
On 4941 out of 10000
Failed run, not saved
On 4941 out of 10000
Failed run, not saved
On 4941 out of 10000
Failed run, not saved
		FAILED TOO MANY TIMES, TRYING ANOTHER ENVIRONMENT
On 4941 out of 10000
On 4942 out of 10000
On 4943 out of 10000
Failed run, not saved
On 4943 out of 10000
Failed run, not saved
On 4943 out of 10000
On 4944 out of 10000
On 4945 out of 10000
On 4946 out of 10000
On 4947 out of 10000
On 4948 out of 10000
On 4949 out of 10000
On 4950 out of 10000
On 4951 out of 10000
On 4952 out of 10000
On 4953 out of 10000
On 4954 out of 10000
Failed run, not saved
On 4954 out of 10000
Failed run, not saved
On 4954 out of 10000
On 4955 out of 10000
Failed run, not saved
On 4955 out of 10000
Failed run, not saved
On 4955 out of 10000
Failed run, not saved
On 4955 out of 10000
Failed run, not saved
On 4955 out of 10000
On 4956 out of 10000
On 4957 out of 10000
On 4958 out of 10000
On 4959 out of 10000
Failed run, not saved
On 4959 out of 10000
On 4960 out of 10000
Failed run, not saved
On 4960 out of 10000
Failed run, not saved
On 4960 out of 10000
Failed run, not saved
On 4960 out of 10000
Failed run, not saved
On 4960 out of 10000
Failed run, not saved
On 4960 out of 10000
Failed run, not saved
On 4960 out of 10000
Failed run, not saved
On 4960 out of 10000
Failed run, not saved
On 4960 out of 10000
Failed run, not saved
On 4960 out of 10000
Failed run, not saved
On 4960 out of 10000
Failed run, not saved
		FAILED TOO MANY TIMES, TRYING ANOTHER ENVIRONMENT
On 4960 out of 10000
On 4961 out of 10000
On 4962 out of 10000
On 4963 out of 10000
On 4964 out of 10000
Failed run, not saved
On 4964 out of 10000
Failed run, not saved
On 4964 out of 10000
Failed run, not saved
On 4964 out of 10000
On 4965 out of 10000
On 4966 out of 10000
On 4967 out of 10000
On 4968 out of 10000
On 4969 out of 10000
On 4970 out of 10000
Failed run, not saved
On 4970 out of 10000
On 4971 out of 10000
On 4972 out of 10000
Failed run, not saved
On 4972 out of 10000
Failed run, not saved
On 4972 out of 10000
On 4973 out of 10000
On 4974 out of 10000
Failed run, not saved
On 4974 out of 10000
Failed run, not saved
On 4974 out of 10000
Failed run, not saved
On 4974 out of 10000
Failed run, not saved
On 4974 out of 10000
On 4975 out of 10000
Failed run, not saved
On 4975 out of 10000
On 4976 out of 10000
On 4977 out of 10000
On 4978 out of 10000
Failed run, not saved
On 4978 out of 10000
Failed run, not saved
On 4978 out of 10000
On 4979 out of 10000
On 4980 out of 10000
On 4981 out of 10000
On 4982 out of 10000
Failed run, not saved
On 4982 out of 10000
Failed run, not saved
On 4982 out of 10000
On 4983 out of 10000
Failed run, not saved
On 4983 out of 10000
On 4984 out of 10000
On 4985 out of 10000
Failed run, not saved
On 4985 out of 10000
On 4986 out of 10000
Failed run, not saved
On 4986 out of 10000
Failed run, not saved
On 4986 out of 10000
On 4987 out of 10000
On 4988 out of 10000
On 4989 out of 10000
On 4990 out of 10000
Failed run, not saved
On 4990 out of 10000
On 4991 out of 10000
On 4992 out of 10000
On 4993 out of 10000
On 4994 out of 10000
Failed run, not saved
On 4994 out of 10000
Failed run, not saved
On 4994 out of 10000
Failed run, not saved
On 4994 out of 10000
On 4995 out of 10000
On 4996 out of 10000
On 4997 out of 10000
On 4998 out of 10000
On 4999 out of 10000
On 5000 out of 10000
On 5001 out of 10000
On 5002 out of 10000
On 5003 out of 10000
On 5004 out of 10000
On 5005 out of 10000
Failed run, not saved
On 5005 out of 10000
On 5006 out of 10000
On 5007 out of 10000
On 5008 out of 10000
On 5009 out of 10000
On 5010 out of 10000
On 5011 out of 10000
On 5012 out of 10000
Failed run, not saved
On 5012 out of 10000
Failed run, not saved
On 5012 out of 10000
Failed run, not saved
On 5012 out of 10000
Failed run, not saved
On 5012 out of 10000
Failed run, not saved
On 5012 out of 10000
Failed run, not saved
On 5012 out of 10000
Failed run, not saved
On 5012 out of 10000
Failed run, not saved
On 5012 out of 10000
Failed run, not saved
On 5012 out of 10000
Failed run, not saved
On 5012 out of 10000
Failed run, not saved
		FAILED TOO MANY TIMES, TRYING ANOTHER ENVIRONMENT
On 5012 out of 10000
On 5013 out of 10000
On 5014 out of 10000
Failed run, not saved
On 5014 out of 10000
On 5015 out of 10000
On 5016 out of 10000
On 5017 out of 10000
On 5018 out of 10000
On 5019 out of 10000
Failed run, not saved
On 5019 out of 10000
Failed run, not saved
On 5019 out of 10000
Failed run, not saved
On 5019 out of 10000
Failed run, not saved
On 5019 out of 10000
Failed run, not saved
On 5019 out of 10000
Failed run, not saved
On 5019 out of 10000
Failed run, not saved
On 5019 out of 10000
Failed run, not saved
On 5019 out of 10000
Failed run, not saved
On 5019 out of 10000
Failed run, not saved
On 5019 out of 10000
Failed run, not saved
		FAILED TOO MANY TIMES, TRYING ANOTHER ENVIRONMENT
On 5019 out of 10000
On 5020 out of 10000
Failed run, not saved
On 5020 out of 10000
Failed run, not saved
On 5020 out of 10000
Failed run, not saved
On 5020 out of 10000
Failed run, not saved
On 5020 out of 10000
Failed run, not saved
On 5020 out of 10000
Failed run, not saved
On 5020 out of 10000
Failed run, not saved
On 5020 out of 10000
Failed run, not saved
On 5020 out of 10000
Failed run, not saved
On 5020 out of 10000
On 5021 out of 10000
On 5022 out of 10000
On 5023 out of 10000
On 5024 out of 10000
On 5025 out of 10000
On 5026 out of 10000
On 5027 out of 10000
On 5028 out of 10000
Failed run, not saved
On 5028 out of 10000
Failed run, not saved
On 5028 out of 10000
On 5029 out of 10000
On 5030 out of 10000
On 5031 out of 10000
On 5032 out of 10000
Failed run, not saved
On 5032 out of 10000
On 5033 out of 10000
On 5034 out of 10000
On 5035 out of 10000
Failed run, not saved
On 5035 out of 10000
Failed run, not saved
On 5035 out of 10000
On 5036 out of 10000
On 5037 out of 10000
Failed run, not saved
On 5037 out of 10000
Failed run, not saved
On 5037 out of 10000
On 5038 out of 10000
Failed run, not saved
On 5038 out of 10000
Failed run, not saved
On 5038 out of 10000
Failed run, not saved
On 5038 out of 10000
Failed run, not saved
On 5038 out of 10000
On 5039 out of 10000
Failed run, not saved
On 5039 out of 10000
Failed run, not saved
On 5039 out of 10000
Failed run, not saved
On 5039 out of 10000
Failed run, not saved
On 5039 out of 10000
Failed run, not saved
On 5039 out of 10000
Failed run, not saved
On 5039 out of 10000
Failed run, not saved
On 5039 out of 10000
Failed run, not saved
On 5039 out of 10000
Failed run, not saved
On 5039 out of 10000
Failed run, not saved
On 5039 out of 10000
Failed run, not saved
		FAILED TOO MANY TIMES, TRYING ANOTHER ENVIRONMENT
On 5039 out of 10000
On 5040 out of 10000
On 5041 out of 10000
On 5042 out of 10000
On 5043 out of 10000
On 5044 out of 10000
On 5045 out of 10000
Failed run, not saved
On 5045 out of 10000
On 5046 out of 10000
On 5047 out of 10000
Failed run, not saved
On 5047 out of 10000
Failed run, not saved
On 5047 out of 10000
Failed run, not saved
On 5047 out of 10000
On 5048 out of 10000
On 5049 out of 10000
On 5050 out of 10000
On 5051 out of 10000
On 5052 out of 10000
On 5053 out of 10000
Failed run, not saved
On 5053 out of 10000
Failed run, not saved
On 5053 out of 10000
Failed run, not saved
On 5053 out of 10000
Failed run, not saved
On 5053 out of 10000
On 5054 out of 10000
On 5055 out of 10000
Failed run, not saved
On 5055 out of 10000
On 5056 out of 10000
On 5057 out of 10000
On 5058 out of 10000
Failed run, not saved
On 5058 out of 10000
Failed run, not saved
On 5058 out of 10000
Failed run, not saved
On 5058 out of 10000
On 5059 out of 10000
On 5060 out of 10000
On 5061 out of 10000
Failed run, not saved
On 5061 out of 10000
Failed run, not saved
On 5061 out of 10000
Failed run, not saved
On 5061 out of 10000
Failed run, not saved
On 5061 out of 10000
Failed run, not saved
On 5061 out of 10000
Failed run, not saved
On 5061 out of 10000
Failed run, not saved
On 5061 out of 10000
Failed run, not saved
On 5061 out of 10000
Failed run, not saved
On 5061 out of 10000
Failed run, not saved
On 5061 out of 10000
Failed run, not saved
		FAILED TOO MANY TIMES, TRYING ANOTHER ENVIRONMENT
On 5061 out of 10000
On 5062 out of 10000
On 5063 out of 10000
Failed run, not saved
On 5063 out of 10000
On 5064 out of 10000
On 5065 out of 10000
Failed run, not saved
On 5065 out of 10000
Failed run, not saved
On 5065 out of 10000
Failed run, not saved
On 5065 out of 10000
Failed run, not saved
On 5065 out of 10000
Failed run, not saved
On 5065 out of 10000
Failed run, not saved
On 5065 out of 10000
Failed run, not saved
On 5065 out of 10000
Failed run, not saved
On 5065 out of 10000
Failed run, not saved
On 5065 out of 10000
Failed run, not saved
On 5065 out of 10000
Failed run, not saved
		FAILED TOO MANY TIMES, TRYING ANOTHER ENVIRONMENT
On 5065 out of 10000
On 5066 out of 10000
On 5067 out of 10000
On 5068 out of 10000
On 5069 out of 10000
On 5070 out of 10000
On 5071 out of 10000
On 5072 out of 10000
Failed run, not saved
On 5072 out of 10000
On 5073 out of 10000
Failed run, not saved
On 5073 out of 10000
Failed run, not saved
On 5073 out of 10000
Failed run, not saved
On 5073 out of 10000
On 5074 out of 10000
On 5075 out of 10000
On 5076 out of 10000
Failed run, not saved
On 5076 out of 10000
On 5077 out of 10000
Failed run, not saved
On 5077 out of 10000
Failed run, not saved
On 5077 out of 10000
Failed run, not saved
On 5077 out of 10000
Failed run, not saved
On 5077 out of 10000
Failed run, not saved
On 5077 out of 10000
Failed run, not saved
On 5077 out of 10000
Failed run, not saved
On 5077 out of 10000
Failed run, not saved
On 5077 out of 10000
Failed run, not saved
On 5077 out of 10000
Failed run, not saved
On 5077 out of 10000
Failed run, not saved
		FAILED TOO MANY TIMES, TRYING ANOTHER ENVIRONMENT
On 5077 out of 10000
On 5078 out of 10000
On 5079 out of 10000
Failed run, not saved
On 5079 out of 10000
Failed run, not saved
On 5079 out of 10000
Failed run, not saved
On 5079 out of 10000
Failed run, not saved
On 5079 out of 10000
Failed run, not saved
On 5079 out of 10000
On 5080 out of 10000
On 5081 out of 10000
Failed run, not saved
On 5081 out of 10000
Failed run, not saved
On 5081 out of 10000
Failed run, not saved
On 5081 out of 10000
Failed run, not saved
On 5081 out of 10000
Failed run, not saved
On 5081 out of 10000
Failed run, not saved
On 5081 out of 10000
Failed run, not saved
On 5081 out of 10000
Failed run, not saved
On 5081 out of 10000
Failed run, not saved
On 5081 out of 10000
Failed run, not saved
On 5081 out of 10000
Failed run, not saved
		FAILED TOO MANY TIMES, TRYING ANOTHER ENVIRONMENT
On 5081 out of 10000
On 5082 out of 10000
Failed run, not saved
On 5082 out of 10000
On 5083 out of 10000
On 5084 out of 10000
On 5085 out of 10000
Failed run, not saved
On 5085 out of 10000
Failed run, not saved
On 5085 out of 10000
On 5086 out of 10000
Failed run, not saved
On 5086 out of 10000
Failed run, not saved
On 5086 out of 10000
Failed run, not saved
On 5086 out of 10000
Failed run, not saved
On 5086 out of 10000
Failed run, not saved
On 5086 out of 10000
Failed run, not saved
On 5086 out of 10000
On 5087 out of 10000
Failed run, not saved
On 5087 out of 10000
Failed run, not saved
On 5087 out of 10000
Failed run, not saved
On 5087 out of 10000
Failed run, not saved
On 5087 out of 10000
Failed run, not saved
On 5087 out of 10000
Failed run, not saved
On 5087 out of 10000
Failed run, not saved
On 5087 out of 10000
Failed run, not saved
On 5087 out of 10000
Failed run, not saved
On 5087 out of 10000
Failed run, not saved
On 5087 out of 10000
Failed run, not saved
		FAILED TOO MANY TIMES, TRYING ANOTHER ENVIRONMENT
On 5087 out of 10000
Failed run, not saved
		FAILED TOO MANY TIMES, TRYING ANOTHER ENVIRONMENT
On 5087 out of 10000
On 5088 out of 10000
On 5089 out of 10000
On 5090 out of 10000
On 5091 out of 10000
On 5092 out of 10000
On 5093 out of 10000
On 5094 out of 10000
On 5095 out of 10000
On 5096 out of 10000
On 5097 out of 10000
On 5098 out of 10000
On 5099 out of 10000
Failed run, not saved
On 5099 out of 10000
On 5100 out of 10000
On 5101 out of 10000
On 5102 out of 10000
On 5103 out of 10000
On 5104 out of 10000
On 5105 out of 10000
On 5106 out of 10000
On 5107 out of 10000
On 5108 out of 10000
On 5109 out of 10000
On 5110 out of 10000
On 5111 out of 10000
On 5112 out of 10000
On 5113 out of 10000
On 5114 out of 10000
On 5115 out of 10000
On 5116 out of 10000
Failed run, not saved
On 5116 out of 10000
Failed run, not saved
On 5116 out of 10000
Failed run, not saved
On 5116 out of 10000
On 5117 out of 10000
Failed run, not saved
On 5117 out of 10000
Failed run, not saved
On 5117 out of 10000
On 5118 out of 10000
On 5119 out of 10000
Failed run, not saved
On 5119 out of 10000
On 5120 out of 10000
Failed run, not saved
On 5120 out of 10000
On 5121 out of 10000
Failed run, not saved
On 5121 out of 10000
On 5122 out of 10000
On 5123 out of 10000
On 5124 out of 10000
On 5125 out of 10000
Failed run, not saved
On 5125 out of 10000
Failed run, not saved
On 5125 out of 10000
On 5126 out of 10000
On 5127 out of 10000
On 5128 out of 10000
Failed run, not saved
On 5128 out of 10000
Failed run, not saved
On 5128 out of 10000
Failed run, not saved
On 5128 out of 10000
Failed run, not saved
On 5128 out of 10000
Failed run, not saved
On 5128 out of 10000
Failed run, not saved
On 5128 out of 10000
Failed run, not saved
On 5128 out of 10000
Failed run, not saved
On 5128 out of 10000
On 5129 out of 10000
On 5130 out of 10000
On 5131 out of 10000
Failed run, not saved
On 5131 out of 10000
Failed run, not saved
On 5131 out of 10000
Failed run, not saved
On 5131 out of 10000
Failed run, not saved
On 5131 out of 10000
Failed run, not saved
On 5131 out of 10000
Failed run, not saved
On 5131 out of 10000
Failed run, not saved
On 5131 out of 10000
Failed run, not saved
On 5131 out of 10000
Failed run, not saved
On 5131 out of 10000
Failed run, not saved
On 5131 out of 10000
Failed run, not saved
		FAILED TOO MANY TIMES, TRYING ANOTHER ENVIRONMENT
On 5131 out of 10000
On 5132 out of 10000
Failed run, not saved
On 5132 out of 10000
On 5133 out of 10000
On 5134 out of 10000
On 5135 out of 10000
Failed run, not saved
On 5135 out of 10000
Failed run, not saved
On 5135 out of 10000
Failed run, not saved
On 5135 out of 10000
Failed run, not saved
On 5135 out of 10000
Failed run, not saved
On 5135 out of 10000
Failed run, not saved
On 5135 out of 10000
Failed run, not saved
On 5135 out of 10000
Failed run, not saved
On 5135 out of 10000
Failed run, not saved
On 5135 out of 10000
On 5136 out of 10000
Failed run, not saved
On 5136 out of 10000
Failed run, not saved
On 5136 out of 10000
Failed run, not saved
On 5136 out of 10000
Failed run, not saved
On 5136 out of 10000
Failed run, not saved
On 5136 out of 10000
Failed run, not saved
On 5136 out of 10000
Failed run, not saved
On 5136 out of 10000
Failed run, not saved
On 5136 out of 10000
Failed run, not saved
On 5136 out of 10000
Failed run, not saved
On 5136 out of 10000
Failed run, not saved
		FAILED TOO MANY TIMES, TRYING ANOTHER ENVIRONMENT
On 5136 out of 10000
On 5137 out of 10000
On 5138 out of 10000
On 5139 out of 10000
On 5140 out of 10000
Failed run, not saved
On 5140 out of 10000
On 5141 out of 10000
On 5142 out of 10000
Failed run, not saved
On 5142 out of 10000
Failed run, not saved
On 5142 out of 10000
Failed run, not saved
On 5142 out of 10000
Failed run, not saved
On 5142 out of 10000
Failed run, not saved
On 5142 out of 10000
Failed run, not saved
On 5142 out of 10000
Failed run, not saved
On 5142 out of 10000
Failed run, not saved
On 5142 out of 10000
Failed run, not saved
On 5142 out of 10000
Failed run, not saved
On 5142 out of 10000
Failed run, not saved
		FAILED TOO MANY TIMES, TRYING ANOTHER ENVIRONMENT
On 5142 out of 10000
On 5143 out of 10000
On 5144 out of 10000
On 5145 out of 10000
On 5146 out of 10000
Failed run, not saved
On 5146 out of 10000
On 5147 out of 10000
On 5148 out of 10000
Failed run, not saved
On 5148 out of 10000
On 5149 out of 10000
Failed run, not saved
On 5149 out of 10000
Failed run, not saved
On 5149 out of 10000
Failed run, not saved
On 5149 out of 10000
Failed run, not saved
On 5149 out of 10000
Failed run, not saved
On 5149 out of 10000
Failed run, not saved
On 5149 out of 10000
Failed run, not saved
On 5149 out of 10000
Failed run, not saved
On 5149 out of 10000
Failed run, not saved
On 5149 out of 10000
Failed run, not saved
On 5149 out of 10000
Failed run, not saved
		FAILED TOO MANY TIMES, TRYING ANOTHER ENVIRONMENT
On 5149 out of 10000
Failed run, not saved
		FAILED TOO MANY TIMES, TRYING ANOTHER ENVIRONMENT
On 5149 out of 10000
Failed run, not saved
		FAILED TOO MANY TIMES, TRYING ANOTHER ENVIRONMENT
On 5149 out of 10000
Failed run, not saved
		FAILED TOO MANY TIMES, TRYING ANOTHER ENVIRONMENT
On 5149 out of 10000
Failed run, not saved
		FAILED TOO MANY TIMES, TRYING ANOTHER ENVIRONMENT
On 5149 out of 10000
On 5150 out of 10000
Failed run, not saved
On 5150 out of 10000
Failed run, not saved
On 5150 out of 10000
Failed run, not saved
On 5150 out of 10000
On 5151 out of 10000
On 5152 out of 10000
On 5153 out of 10000
On 5154 out of 10000
On 5155 out of 10000
Failed run, not saved
On 5155 out of 10000
On 5156 out of 10000
On 5157 out of 10000
Failed run, not saved
On 5157 out of 10000
Failed run, not saved
On 5157 out of 10000
Failed run, not saved
On 5157 out of 10000
Failed run, not saved
On 5157 out of 10000
Failed run, not saved
On 5157 out of 10000
Failed run, not saved
On 5157 out of 10000
Failed run, not saved
On 5157 out of 10000
Failed run, not saved
On 5157 out of 10000
Failed run, not saved
On 5157 out of 10000
Failed run, not saved
On 5157 out of 10000
Failed run, not saved
		FAILED TOO MANY TIMES, TRYING ANOTHER ENVIRONMENT
On 5157 out of 10000
Failed run, not saved
		FAILED TOO MANY TIMES, TRYING ANOTHER ENVIRONMENT
On 5157 out of 10000
On 5158 out of 10000
On 5159 out of 10000
On 5160 out of 10000
On 5161 out of 10000
Failed run, not saved
On 5161 out of 10000
Failed run, not saved
On 5161 out of 10000
Failed run, not saved
On 5161 out of 10000
Failed run, not saved
On 5161 out of 10000
Failed run, not saved
On 5161 out of 10000
Failed run, not saved
On 5161 out of 10000
Failed run, not saved
On 5161 out of 10000
Failed run, not saved
On 5161 out of 10000
Failed run, not saved
On 5161 out of 10000
Failed run, not saved
On 5161 out of 10000
Failed run, not saved
		FAILED TOO MANY TIMES, TRYING ANOTHER ENVIRONMENT
On 5161 out of 10000
On 5162 out of 10000
On 5163 out of 10000
On 5164 out of 10000
On 5165 out of 10000
On 5166 out of 10000
On 5167 out of 10000
Failed run, not saved
On 5167 out of 10000
On 5168 out of 10000
On 5169 out of 10000
Failed run, not saved
On 5169 out of 10000
Failed run, not saved
On 5169 out of 10000
On 5170 out of 10000
On 5171 out of 10000
On 5172 out of 10000
Failed run, not saved
On 5172 out of 10000
Failed run, not saved
On 5172 out of 10000
Failed run, not saved
On 5172 out of 10000
Failed run, not saved
On 5172 out of 10000
On 5173 out of 10000
On 5174 out of 10000
Failed run, not saved
On 5174 out of 10000
On 5175 out of 10000
On 5176 out of 10000
Failed run, not saved
On 5176 out of 10000
On 5177 out of 10000
On 5178 out of 10000
On 5179 out of 10000
Failed run, not saved
On 5179 out of 10000
Failed run, not saved
On 5179 out of 10000
Failed run, not saved
On 5179 out of 10000
Failed run, not saved
On 5179 out of 10000
Failed run, not saved
On 5179 out of 10000
Failed run, not saved
On 5179 out of 10000
Failed run, not saved
On 5179 out of 10000
Failed run, not saved
On 5179 out of 10000
Failed run, not saved
On 5179 out of 10000
Failed run, not saved
On 5179 out of 10000
Failed run, not saved
		FAILED TOO MANY TIMES, TRYING ANOTHER ENVIRONMENT
On 5179 out of 10000
Failed run, not saved
		FAILED TOO MANY TIMES, TRYING ANOTHER ENVIRONMENT
On 5179 out of 10000
Failed run, not saved
		FAILED TOO MANY TIMES, TRYING ANOTHER ENVIRONMENT
On 5179 out of 10000
On 5180 out of 10000
Failed run, not saved
On 5180 out of 10000
Failed run, not saved
On 5180 out of 10000
On 5181 out of 10000
On 5182 out of 10000
Failed run, not saved
On 5182 out of 10000
Failed run, not saved
On 5182 out of 10000
On 5183 out of 10000
On 5184 out of 10000
On 5185 out of 10000
On 5186 out of 10000
Failed run, not saved
On 5186 out of 10000
On 5187 out of 10000
On 5188 out of 10000
Failed run, not saved
On 5188 out of 10000
Failed run, not saved
On 5188 out of 10000
Failed run, not saved
On 5188 out of 10000
Failed run, not saved
On 5188 out of 10000
Failed run, not saved
On 5188 out of 10000
Failed run, not saved
On 5188 out of 10000
Failed run, not saved
On 5188 out of 10000
Failed run, not saved
On 5188 out of 10000
Failed run, not saved
On 5188 out of 10000
Failed run, not saved
On 5188 out of 10000
Failed run, not saved
		FAILED TOO MANY TIMES, TRYING ANOTHER ENVIRONMENT
On 5188 out of 10000
On 5189 out of 10000
On 5190 out of 10000
Failed run, not saved
On 5190 out of 10000
On 5191 out of 10000
On 5192 out of 10000
On 5193 out of 10000
On 5194 out of 10000
On 5195 out of 10000
On 5196 out of 10000
On 5197 out of 10000
Failed run, not saved
On 5197 out of 10000
On 5198 out of 10000
On 5199 out of 10000
On 5200 out of 10000
On 5201 out of 10000
Failed run, not saved
On 5201 out of 10000
Failed run, not saved
On 5201 out of 10000
Failed run, not saved
On 5201 out of 10000
Failed run, not saved
On 5201 out of 10000
Failed run, not saved
On 5201 out of 10000
Failed run, not saved
On 5201 out of 10000
Failed run, not saved
On 5201 out of 10000
Failed run, not saved
On 5201 out of 10000
Failed run, not saved
On 5201 out of 10000
Failed run, not saved
On 5201 out of 10000
Failed run, not saved
		FAILED TOO MANY TIMES, TRYING ANOTHER ENVIRONMENT
On 5201 out of 10000
On 5202 out of 10000
On 5203 out of 10000
Failed run, not saved
On 5203 out of 10000
Failed run, not saved
On 5203 out of 10000
Failed run, not saved
On 5203 out of 10000
Failed run, not saved
On 5203 out of 10000
Failed run, not saved
On 5203 out of 10000
Failed run, not saved
On 5203 out of 10000
Failed run, not saved
On 5203 out of 10000
Failed run, not saved
On 5203 out of 10000
Failed run, not saved
On 5203 out of 10000
Failed run, not saved
On 5203 out of 10000
Failed run, not saved
		FAILED TOO MANY TIMES, TRYING ANOTHER ENVIRONMENT
On 5203 out of 10000
On 5204 out of 10000
Failed run, not saved
On 5204 out of 10000
Failed run, not saved
On 5204 out of 10000
Failed run, not saved
On 5204 out of 10000
Failed run, not saved
On 5204 out of 10000
Failed run, not saved
On 5204 out of 10000
Failed run, not saved
On 5204 out of 10000
Failed run, not saved
On 5204 out of 10000
Failed run, not saved
On 5204 out of 10000
On 5205 out of 10000
On 5206 out of 10000
Failed run, not saved
On 5206 out of 10000
Failed run, not saved
On 5206 out of 10000
On 5207 out of 10000
On 5208 out of 10000
Failed run, not saved
On 5208 out of 10000
Failed run, not saved
On 5208 out of 10000
Failed run, not saved
On 5208 out of 10000
Failed run, not saved
On 5208 out of 10000
Failed run, not saved
On 5208 out of 10000
On 5209 out of 10000
On 5210 out of 10000
On 5211 out of 10000
On 5212 out of 10000
On 5213 out of 10000
On 5214 out of 10000
On 5215 out of 10000
On 5216 out of 10000
On 5217 out of 10000
On 5218 out of 10000
On 5219 out of 10000
On 5220 out of 10000
On 5221 out of 10000
On 5222 out of 10000
Failed run, not saved
On 5222 out of 10000
On 5223 out of 10000
Failed run, not saved
On 5223 out of 10000
Failed run, not saved
On 5223 out of 10000
On 5224 out of 10000
On 5225 out of 10000
On 5226 out of 10000
On 5227 out of 10000
On 5228 out of 10000
On 5229 out of 10000
On 5230 out of 10000
On 5231 out of 10000
On 5232 out of 10000
On 5233 out of 10000
Failed run, not saved
On 5233 out of 10000
Failed run, not saved
On 5233 out of 10000
Failed run, not saved
On 5233 out of 10000
Failed run, not saved
On 5233 out of 10000
On 5234 out of 10000
On 5235 out of 10000
On 5236 out of 10000
On 5237 out of 10000
On 5238 out of 10000
On 5239 out of 10000
Failed run, not saved
On 5239 out of 10000
Failed run, not saved
On 5239 out of 10000
Failed run, not saved
On 5239 out of 10000
Failed run, not saved
On 5239 out of 10000
Failed run, not saved
On 5239 out of 10000
Failed run, not saved
On 5239 out of 10000
Failed run, not saved
On 5239 out of 10000
Failed run, not saved
On 5239 out of 10000
Failed run, not saved
On 5239 out of 10000
Failed run, not saved
On 5239 out of 10000
Failed run, not saved
		FAILED TOO MANY TIMES, TRYING ANOTHER ENVIRONMENT
On 5239 out of 10000
On 5240 out of 10000
On 5241 out of 10000
On 5242 out of 10000
On 5243 out of 10000
On 5244 out of 10000
On 5245 out of 10000
On 5246 out of 10000
Failed run, not saved
On 5246 out of 10000
Failed run, not saved
On 5246 out of 10000
On 5247 out of 10000
Failed run, not saved
On 5247 out of 10000
Failed run, not saved
On 5247 out of 10000
Failed run, not saved
On 5247 out of 10000
Failed run, not saved
On 5247 out of 10000
Failed run, not saved
On 5247 out of 10000
Failed run, not saved
On 5247 out of 10000
Failed run, not saved
On 5247 out of 10000
Failed run, not saved
On 5247 out of 10000
Failed run, not saved
On 5247 out of 10000
Failed run, not saved
On 5247 out of 10000
Failed run, not saved
		FAILED TOO MANY TIMES, TRYING ANOTHER ENVIRONMENT
On 5247 out of 10000
On 5248 out of 10000
On 5249 out of 10000
On 5250 out of 10000
On 5251 out of 10000
On 5252 out of 10000
On 5253 out of 10000
Failed run, not saved
On 5253 out of 10000
Failed run, not saved
On 5253 out of 10000
On 5254 out of 10000
Failed run, not saved
On 5254 out of 10000
On 5255 out of 10000
On 5256 out of 10000
On 5257 out of 10000
On 5258 out of 10000
On 5259 out of 10000
On 5260 out of 10000
On 5261 out of 10000
On 5262 out of 10000
On 5263 out of 10000
On 5264 out of 10000
On 5265 out of 10000
Failed run, not saved
On 5265 out of 10000
On 5266 out of 10000
On 5267 out of 10000
On 5268 out of 10000
Failed run, not saved
On 5268 out of 10000
Failed run, not saved
On 5268 out of 10000
Failed run, not saved
On 5268 out of 10000
Failed run, not saved
On 5268 out of 10000
Failed run, not saved
On 5268 out of 10000
Failed run, not saved
On 5268 out of 10000
Failed run, not saved
On 5268 out of 10000
Failed run, not saved
On 5268 out of 10000
Failed run, not saved
On 5268 out of 10000
On 5269 out of 10000
On 5270 out of 10000
On 5271 out of 10000
On 5272 out of 10000
On 5273 out of 10000
On 5274 out of 10000
On 5275 out of 10000
On 5276 out of 10000
On 5277 out of 10000
On 5278 out of 10000
On 5279 out of 10000
On 5280 out of 10000
On 5281 out of 10000
On 5282 out of 10000
On 5283 out of 10000
On 5284 out of 10000
On 5285 out of 10000
On 5286 out of 10000
On 5287 out of 10000
Failed run, not saved
On 5287 out of 10000
Failed run, not saved
On 5287 out of 10000
Failed run, not saved
On 5287 out of 10000
Failed run, not saved
On 5287 out of 10000
Failed run, not saved
On 5287 out of 10000
On 5288 out of 10000
On 5289 out of 10000
On 5290 out of 10000
On 5291 out of 10000
On 5292 out of 10000
Failed run, not saved
On 5292 out of 10000
On 5293 out of 10000
On 5294 out of 10000
On 5295 out of 10000
On 5296 out of 10000
On 5297 out of 10000
On 5298 out of 10000
Failed run, not saved
On 5298 out of 10000
Failed run, not saved
On 5298 out of 10000
Failed run, not saved
On 5298 out of 10000
On 5299 out of 10000
On 5300 out of 10000
Failed run, not saved
On 5300 out of 10000
Failed run, not saved
On 5300 out of 10000
Failed run, not saved
On 5300 out of 10000
Failed run, not saved
On 5300 out of 10000
Failed run, not saved
On 5300 out of 10000
Failed run, not saved
On 5300 out of 10000
Failed run, not saved
On 5300 out of 10000
Failed run, not saved
On 5300 out of 10000
Failed run, not saved
On 5300 out of 10000
Failed run, not saved
On 5300 out of 10000
Failed run, not saved
		FAILED TOO MANY TIMES, TRYING ANOTHER ENVIRONMENT
On 5300 out of 10000
On 5301 out of 10000
On 5302 out of 10000
On 5303 out of 10000
On 5304 out of 10000
On 5305 out of 10000
On 5306 out of 10000
On 5307 out of 10000
On 5308 out of 10000
On 5309 out of 10000
On 5310 out of 10000
Failed run, not saved
On 5310 out of 10000
Failed run, not saved
On 5310 out of 10000
Failed run, not saved
On 5310 out of 10000
Failed run, not saved
On 5310 out of 10000
Failed run, not saved
On 5310 out of 10000
Failed run, not saved
On 5310 out of 10000
Failed run, not saved
On 5310 out of 10000
Failed run, not saved
On 5310 out of 10000
Failed run, not saved
On 5310 out of 10000
Failed run, not saved
On 5310 out of 10000
Failed run, not saved
		FAILED TOO MANY TIMES, TRYING ANOTHER ENVIRONMENT
On 5310 out of 10000
Failed run, not saved
		FAILED TOO MANY TIMES, TRYING ANOTHER ENVIRONMENT
On 5310 out of 10000
On 5311 out of 10000
On 5312 out of 10000
On 5313 out of 10000
Failed run, not saved
On 5313 out of 10000
Failed run, not saved
On 5313 out of 10000
Failed run, not saved
On 5313 out of 10000
Failed run, not saved
On 5313 out of 10000
Failed run, not saved
On 5313 out of 10000
Failed run, not saved
On 5313 out of 10000
Failed run, not saved
On 5313 out of 10000
Failed run, not saved
On 5313 out of 10000
Failed run, not saved
On 5313 out of 10000
On 5314 out of 10000
Failed run, not saved
On 5314 out of 10000
On 5315 out of 10000
On 5316 out of 10000
On 5317 out of 10000
On 5318 out of 10000
Failed run, not saved
On 5318 out of 10000
Failed run, not saved
On 5318 out of 10000
Failed run, not saved
On 5318 out of 10000
On 5319 out of 10000
On 5320 out of 10000
On 5321 out of 10000
Failed run, not saved
On 5321 out of 10000
On 5322 out of 10000
On 5323 out of 10000
On 5324 out of 10000
Failed run, not saved
On 5324 out of 10000
On 5325 out of 10000
Failed run, not saved
On 5325 out of 10000
Failed run, not saved
On 5325 out of 10000
Failed run, not saved
On 5325 out of 10000
Failed run, not saved
On 5325 out of 10000
Failed run, not saved
On 5325 out of 10000
Failed run, not saved
On 5325 out of 10000
Failed run, not saved
On 5325 out of 10000
Failed run, not saved
On 5325 out of 10000
Failed run, not saved
On 5325 out of 10000
Failed run, not saved
On 5325 out of 10000
Failed run, not saved
		FAILED TOO MANY TIMES, TRYING ANOTHER ENVIRONMENT
On 5325 out of 10000
Failed run, not saved
		FAILED TOO MANY TIMES, TRYING ANOTHER ENVIRONMENT
On 5325 out of 10000
Failed run, not saved
		FAILED TOO MANY TIMES, TRYING ANOTHER ENVIRONMENT
On 5325 out of 10000
On 5326 out of 10000
On 5327 out of 10000
Failed run, not saved
On 5327 out of 10000
Failed run, not saved
On 5327 out of 10000
Failed run, not saved
On 5327 out of 10000
Failed run, not saved
On 5327 out of 10000
Failed run, not saved
On 5327 out of 10000
Failed run, not saved
On 5327 out of 10000
Failed run, not saved
On 5327 out of 10000
Failed run, not saved
On 5327 out of 10000
Failed run, not saved
On 5327 out of 10000
Failed run, not saved
On 5327 out of 10000
On 5328 out of 10000
On 5329 out of 10000
Failed run, not saved
On 5329 out of 10000
Failed run, not saved
On 5329 out of 10000
Failed run, not saved
On 5329 out of 10000
Failed run, not saved
On 5329 out of 10000
Failed run, not saved
On 5329 out of 10000
Failed run, not saved
On 5329 out of 10000
Failed run, not saved
On 5329 out of 10000
Failed run, not saved
On 5329 out of 10000
Failed run, not saved
On 5329 out of 10000
Failed run, not saved
On 5329 out of 10000
Failed run, not saved
		FAILED TOO MANY TIMES, TRYING ANOTHER ENVIRONMENT
On 5329 out of 10000
On 5330 out of 10000
On 5331 out of 10000
On 5332 out of 10000
On 5333 out of 10000
On 5334 out of 10000
Failed run, not saved
On 5334 out of 10000
Failed run, not saved
On 5334 out of 10000
Failed run, not saved
On 5334 out of 10000
Failed run, not saved
On 5334 out of 10000
Failed run, not saved
On 5334 out of 10000
Failed run, not saved
On 5334 out of 10000
Failed run, not saved
On 5334 out of 10000
Failed run, not saved
On 5334 out of 10000
Failed run, not saved
On 5334 out of 10000
Failed run, not saved
On 5334 out of 10000
On 5335 out of 10000
Failed run, not saved
On 5335 out of 10000
Failed run, not saved
On 5335 out of 10000
Failed run, not saved
On 5335 out of 10000
On 5336 out of 10000
Failed run, not saved
On 5336 out of 10000
Failed run, not saved
On 5336 out of 10000
Failed run, not saved
On 5336 out of 10000
Failed run, not saved
On 5336 out of 10000
Failed run, not saved
On 5336 out of 10000
Failed run, not saved
On 5336 out of 10000
Failed run, not saved
On 5336 out of 10000
Failed run, not saved
On 5336 out of 10000
Failed run, not saved
On 5336 out of 10000
Failed run, not saved
On 5336 out of 10000
Failed run, not saved
		FAILED TOO MANY TIMES, TRYING ANOTHER ENVIRONMENT
On 5336 out of 10000
On 5337 out of 10000
On 5338 out of 10000
On 5339 out of 10000
On 5340 out of 10000
On 5341 out of 10000
On 5342 out of 10000
Failed run, not saved
On 5342 out of 10000
Failed run, not saved
On 5342 out of 10000
On 5343 out of 10000
Failed run, not saved
On 5343 out of 10000
Failed run, not saved
On 5343 out of 10000
Failed run, not saved
On 5343 out of 10000
Failed run, not saved
On 5343 out of 10000
Failed run, not saved
On 5343 out of 10000
Failed run, not saved
On 5343 out of 10000
Failed run, not saved
On 5343 out of 10000
Failed run, not saved
On 5343 out of 10000
Failed run, not saved
On 5343 out of 10000
Failed run, not saved
On 5343 out of 10000
Failed run, not saved
		FAILED TOO MANY TIMES, TRYING ANOTHER ENVIRONMENT
On 5343 out of 10000
Failed run, not saved
		FAILED TOO MANY TIMES, TRYING ANOTHER ENVIRONMENT
On 5343 out of 10000
Failed run, not saved
		FAILED TOO MANY TIMES, TRYING ANOTHER ENVIRONMENT
On 5343 out of 10000
Failed run, not saved
		FAILED TOO MANY TIMES, TRYING ANOTHER ENVIRONMENT
On 5343 out of 10000
Failed run, not saved
		FAILED TOO MANY TIMES, TRYING ANOTHER ENVIRONMENT
On 5343 out of 10000
On 5344 out of 10000
Failed run, not saved
On 5344 out of 10000
On 5345 out of 10000
On 5346 out of 10000
On 5347 out of 10000
Failed run, not saved
On 5347 out of 10000
On 5348 out of 10000
Failed run, not saved
On 5348 out of 10000
Failed run, not saved
On 5348 out of 10000
Failed run, not saved
On 5348 out of 10000
Failed run, not saved
On 5348 out of 10000
On 5349 out of 10000
Failed run, not saved
On 5349 out of 10000
Failed run, not saved
On 5349 out of 10000
On 5350 out of 10000
On 5351 out of 10000
On 5352 out of 10000
On 5353 out of 10000
Failed run, not saved
On 5353 out of 10000
Failed run, not saved
On 5353 out of 10000
Failed run, not saved
On 5353 out of 10000
On 5354 out of 10000
On 5355 out of 10000
Failed run, not saved
On 5355 out of 10000
On 5356 out of 10000
Failed run, not saved
On 5356 out of 10000
On 5357 out of 10000
On 5358 out of 10000
On 5359 out of 10000
On 5360 out of 10000
Failed run, not saved
On 5360 out of 10000
On 5361 out of 10000
On 5362 out of 10000
On 5363 out of 10000
On 5364 out of 10000
On 5365 out of 10000
On 5366 out of 10000
On 5367 out of 10000
Failed run, not saved
On 5367 out of 10000
On 5368 out of 10000
On 5369 out of 10000
Failed run, not saved
On 5369 out of 10000
Failed run, not saved
On 5369 out of 10000
Failed run, not saved
On 5369 out of 10000
Failed run, not saved
On 5369 out of 10000
Failed run, not saved
On 5369 out of 10000
Failed run, not saved
On 5369 out of 10000
Failed run, not saved
On 5369 out of 10000
Failed run, not saved
On 5369 out of 10000
On 5370 out of 10000
Failed run, not saved
On 5370 out of 10000
On 5371 out of 10000
Failed run, not saved
On 5371 out of 10000
Failed run, not saved
On 5371 out of 10000
Failed run, not saved
On 5371 out of 10000
Failed run, not saved
On 5371 out of 10000
Failed run, not saved
On 5371 out of 10000
Failed run, not saved
On 5371 out of 10000
Failed run, not saved
On 5371 out of 10000
Failed run, not saved
On 5371 out of 10000
Failed run, not saved
On 5371 out of 10000
Failed run, not saved
On 5371 out of 10000
Failed run, not saved
		FAILED TOO MANY TIMES, TRYING ANOTHER ENVIRONMENT
On 5371 out of 10000
On 5372 out of 10000
On 5373 out of 10000
Failed run, not saved
On 5373 out of 10000
Failed run, not saved
On 5373 out of 10000
Failed run, not saved
On 5373 out of 10000
Failed run, not saved
On 5373 out of 10000
Failed run, not saved
On 5373 out of 10000
Failed run, not saved
On 5373 out of 10000
Failed run, not saved
On 5373 out of 10000
Failed run, not saved
On 5373 out of 10000
Failed run, not saved
On 5373 out of 10000
Failed run, not saved
On 5373 out of 10000
Failed run, not saved
		FAILED TOO MANY TIMES, TRYING ANOTHER ENVIRONMENT
On 5373 out of 10000
On 5374 out of 10000
On 5375 out of 10000
Failed run, not saved
On 5375 out of 10000
On 5376 out of 10000
Failed run, not saved
On 5376 out of 10000
Failed run, not saved
On 5376 out of 10000
Failed run, not saved
On 5376 out of 10000
Failed run, not saved
On 5376 out of 10000
Failed run, not saved
On 5376 out of 10000
Failed run, not saved
On 5376 out of 10000
Failed run, not saved
On 5376 out of 10000
Failed run, not saved
On 5376 out of 10000
Failed run, not saved
On 5376 out of 10000
Failed run, not saved
On 5376 out of 10000
Failed run, not saved
		FAILED TOO MANY TIMES, TRYING ANOTHER ENVIRONMENT
On 5376 out of 10000
On 5377 out of 10000
On 5378 out of 10000
Failed run, not saved
On 5378 out of 10000
Failed run, not saved
On 5378 out of 10000
Failed run, not saved
On 5378 out of 10000
Failed run, not saved
On 5378 out of 10000
Failed run, not saved
On 5378 out of 10000
Failed run, not saved
On 5378 out of 10000
Failed run, not saved
On 5378 out of 10000
Failed run, not saved
On 5378 out of 10000
Failed run, not saved
On 5378 out of 10000
Failed run, not saved
On 5378 out of 10000
Failed run, not saved
		FAILED TOO MANY TIMES, TRYING ANOTHER ENVIRONMENT
On 5378 out of 10000
On 5379 out of 10000
On 5380 out of 10000
Failed run, not saved
On 5380 out of 10000
On 5381 out of 10000
On 5382 out of 10000
On 5383 out of 10000
On 5384 out of 10000
On 5385 out of 10000
On 5386 out of 10000
On 5387 out of 10000
Failed run, not saved
On 5387 out of 10000
On 5388 out of 10000
On 5389 out of 10000
On 5390 out of 10000
On 5391 out of 10000
Failed run, not saved
On 5391 out of 10000
On 5392 out of 10000
On 5393 out of 10000
On 5394 out of 10000
On 5395 out of 10000
On 5396 out of 10000
Failed run, not saved
On 5396 out of 10000
Failed run, not saved
On 5396 out of 10000
Failed run, not saved
On 5396 out of 10000
On 5397 out of 10000
On 5398 out of 10000
Failed run, not saved
On 5398 out of 10000
Failed run, not saved
On 5398 out of 10000
Failed run, not saved
On 5398 out of 10000
Failed run, not saved
On 5398 out of 10000
Failed run, not saved
On 5398 out of 10000
Failed run, not saved
On 5398 out of 10000
On 5399 out of 10000
Failed run, not saved
On 5399 out of 10000
On 5400 out of 10000
Failed run, not saved
On 5400 out of 10000
Failed run, not saved
On 5400 out of 10000
Failed run, not saved
On 5400 out of 10000
Failed run, not saved
On 5400 out of 10000
Failed run, not saved
On 5400 out of 10000
Failed run, not saved
On 5400 out of 10000
Failed run, not saved
On 5400 out of 10000
Failed run, not saved
On 5400 out of 10000
Failed run, not saved
On 5400 out of 10000
Failed run, not saved
On 5400 out of 10000
Failed run, not saved
		FAILED TOO MANY TIMES, TRYING ANOTHER ENVIRONMENT
On 5400 out of 10000
On 5401 out of 10000
On 5402 out of 10000
On 5403 out of 10000
Failed run, not saved
On 5403 out of 10000
Failed run, not saved
On 5403 out of 10000
On 5404 out of 10000
Failed run, not saved
On 5404 out of 10000
On 5405 out of 10000
On 5406 out of 10000
On 5407 out of 10000
On 5408 out of 10000
On 5409 out of 10000
On 5410 out of 10000
Failed run, not saved
On 5410 out of 10000
On 5411 out of 10000
On 5412 out of 10000
Failed run, not saved
On 5412 out of 10000
Failed run, not saved
On 5412 out of 10000
On 5413 out of 10000
On 5414 out of 10000
On 5415 out of 10000
On 5416 out of 10000
On 5417 out of 10000
On 5418 out of 10000
Failed run, not saved
On 5418 out of 10000
On 5419 out of 10000
On 5420 out of 10000
On 5421 out of 10000
On 5422 out of 10000
On 5423 out of 10000
Failed run, not saved
On 5423 out of 10000
On 5424 out of 10000
On 5425 out of 10000
Failed run, not saved
On 5425 out of 10000
On 5426 out of 10000
Failed run, not saved
On 5426 out of 10000
On 5427 out of 10000
Failed run, not saved
On 5427 out of 10000
Failed run, not saved
On 5427 out of 10000
Failed run, not saved
On 5427 out of 10000
Failed run, not saved
On 5427 out of 10000
Failed run, not saved
On 5427 out of 10000
Failed run, not saved
On 5427 out of 10000
Failed run, not saved
On 5427 out of 10000
Failed run, not saved
On 5427 out of 10000
Failed run, not saved
On 5427 out of 10000
Failed run, not saved
On 5427 out of 10000
Failed run, not saved
		FAILED TOO MANY TIMES, TRYING ANOTHER ENVIRONMENT
On 5427 out of 10000
On 5428 out of 10000
On 5429 out of 10000
On 5430 out of 10000
On 5431 out of 10000
Failed run, not saved
On 5431 out of 10000
On 5432 out of 10000
On 5433 out of 10000
Failed run, not saved
On 5433 out of 10000
On 5434 out of 10000
Failed run, not saved
On 5434 out of 10000
On 5435 out of 10000
On 5436 out of 10000
Failed run, not saved
On 5436 out of 10000
On 5437 out of 10000
Failed run, not saved
On 5437 out of 10000
On 5438 out of 10000
On 5439 out of 10000
On 5440 out of 10000
On 5441 out of 10000
On 5442 out of 10000
On 5443 out of 10000
On 5444 out of 10000
On 5445 out of 10000
On 5446 out of 10000
Failed run, not saved
On 5446 out of 10000
Failed run, not saved
On 5446 out of 10000
Failed run, not saved
On 5446 out of 10000
Failed run, not saved
On 5446 out of 10000
Failed run, not saved
On 5446 out of 10000
Failed run, not saved
On 5446 out of 10000
Failed run, not saved
On 5446 out of 10000
Failed run, not saved
On 5446 out of 10000
Failed run, not saved
On 5446 out of 10000
Failed run, not saved
On 5446 out of 10000
Failed run, not saved
		FAILED TOO MANY TIMES, TRYING ANOTHER ENVIRONMENT
On 5446 out of 10000
On 5447 out of 10000
On 5448 out of 10000
On 5449 out of 10000
On 5450 out of 10000
On 5451 out of 10000
On 5452 out of 10000
On 5453 out of 10000
On 5454 out of 10000
On 5455 out of 10000
On 5456 out of 10000
On 5457 out of 10000
On 5458 out of 10000
On 5459 out of 10000
On 5460 out of 10000
On 5461 out of 10000
On 5462 out of 10000
On 5463 out of 10000
On 5464 out of 10000
Failed run, not saved
On 5464 out of 10000
Failed run, not saved
On 5464 out of 10000
Failed run, not saved
On 5464 out of 10000
Failed run, not saved
On 5464 out of 10000
Failed run, not saved
On 5464 out of 10000
Failed run, not saved
On 5464 out of 10000
Failed run, not saved
On 5464 out of 10000
Failed run, not saved
On 5464 out of 10000
Failed run, not saved
On 5464 out of 10000
Failed run, not saved
On 5464 out of 10000
Failed run, not saved
		FAILED TOO MANY TIMES, TRYING ANOTHER ENVIRONMENT
On 5464 out of 10000
On 5465 out of 10000
On 5466 out of 10000
On 5467 out of 10000
Failed run, not saved
On 5467 out of 10000
On 5468 out of 10000
Failed run, not saved
On 5468 out of 10000
On 5469 out of 10000
On 5470 out of 10000
On 5471 out of 10000
Failed run, not saved
On 5471 out of 10000
On 5472 out of 10000
Failed run, not saved
On 5472 out of 10000
Failed run, not saved
On 5472 out of 10000
Failed run, not saved
On 5472 out of 10000
Failed run, not saved
On 5472 out of 10000
Failed run, not saved
On 5472 out of 10000
Failed run, not saved
On 5472 out of 10000
Failed run, not saved
On 5472 out of 10000
Failed run, not saved
On 5472 out of 10000
Failed run, not saved
On 5472 out of 10000
Failed run, not saved
On 5472 out of 10000
Failed run, not saved
		FAILED TOO MANY TIMES, TRYING ANOTHER ENVIRONMENT
On 5472 out of 10000
Failed run, not saved
		FAILED TOO MANY TIMES, TRYING ANOTHER ENVIRONMENT
On 5472 out of 10000
Failed run, not saved
		FAILED TOO MANY TIMES, TRYING ANOTHER ENVIRONMENT
On 5472 out of 10000
On 5473 out of 10000
On 5474 out of 10000
On 5475 out of 10000
On 5476 out of 10000
On 5477 out of 10000
On 5478 out of 10000
On 5479 out of 10000
Failed run, not saved
On 5479 out of 10000
Failed run, not saved
On 5479 out of 10000
Failed run, not saved
On 5479 out of 10000
Failed run, not saved
On 5479 out of 10000
Failed run, not saved
On 5479 out of 10000
Failed run, not saved
On 5479 out of 10000
Failed run, not saved
On 5479 out of 10000
Failed run, not saved
On 5479 out of 10000
Failed run, not saved
On 5479 out of 10000
Failed run, not saved
On 5479 out of 10000
Failed run, not saved
		FAILED TOO MANY TIMES, TRYING ANOTHER ENVIRONMENT
On 5479 out of 10000
Failed run, not saved
		FAILED TOO MANY TIMES, TRYING ANOTHER ENVIRONMENT
On 5479 out of 10000
Failed run, not saved
		FAILED TOO MANY TIMES, TRYING ANOTHER ENVIRONMENT
On 5479 out of 10000
On 5480 out of 10000
Failed run, not saved
On 5480 out of 10000
Failed run, not saved
On 5480 out of 10000
Failed run, not saved
On 5480 out of 10000
Failed run, not saved
On 5480 out of 10000
On 5481 out of 10000
On 5482 out of 10000
On 5483 out of 10000
On 5484 out of 10000
Failed run, not saved
On 5484 out of 10000
On 5485 out of 10000
On 5486 out of 10000
On 5487 out of 10000
On 5488 out of 10000
Failed run, not saved
On 5488 out of 10000
On 5489 out of 10000
On 5490 out of 10000
On 5491 out of 10000
On 5492 out of 10000
On 5493 out of 10000
Failed run, not saved
On 5493 out of 10000
Failed run, not saved
On 5493 out of 10000
Failed run, not saved
On 5493 out of 10000
Failed run, not saved
On 5493 out of 10000
Failed run, not saved
On 5493 out of 10000
Failed run, not saved
On 5493 out of 10000
Failed run, not saved
On 5493 out of 10000
Failed run, not saved
On 5493 out of 10000
Failed run, not saved
On 5493 out of 10000
Failed run, not saved
On 5493 out of 10000
Failed run, not saved
		FAILED TOO MANY TIMES, TRYING ANOTHER ENVIRONMENT
On 5493 out of 10000
On 5494 out of 10000
On 5495 out of 10000
Failed run, not saved
On 5495 out of 10000
On 5496 out of 10000
On 5497 out of 10000
On 5498 out of 10000
On 5499 out of 10000
On 5500 out of 10000
Failed run, not saved
On 5500 out of 10000
On 5501 out of 10000
Failed run, not saved
On 5501 out of 10000
On 5502 out of 10000
Failed run, not saved
On 5502 out of 10000
On 5503 out of 10000
On 5504 out of 10000
On 5505 out of 10000
On 5506 out of 10000
On 5507 out of 10000
Failed run, not saved
On 5507 out of 10000
On 5508 out of 10000
On 5509 out of 10000
On 5510 out of 10000
On 5511 out of 10000
On 5512 out of 10000
On 5513 out of 10000
Failed run, not saved
On 5513 out of 10000
Failed run, not saved
On 5513 out of 10000
Failed run, not saved
On 5513 out of 10000
On 5514 out of 10000
On 5515 out of 10000
Failed run, not saved
On 5515 out of 10000
Failed run, not saved
On 5515 out of 10000
Failed run, not saved
On 5515 out of 10000
On 5516 out of 10000
On 5517 out of 10000
On 5518 out of 10000
On 5519 out of 10000
On 5520 out of 10000
On 5521 out of 10000
On 5522 out of 10000
On 5523 out of 10000
On 5524 out of 10000
On 5525 out of 10000
Failed run, not saved
On 5525 out of 10000
Failed run, not saved
On 5525 out of 10000
Failed run, not saved
On 5525 out of 10000
Failed run, not saved
On 5525 out of 10000
Failed run, not saved
On 5525 out of 10000
Failed run, not saved
On 5525 out of 10000
Failed run, not saved
On 5525 out of 10000
Failed run, not saved
On 5525 out of 10000
Failed run, not saved
On 5525 out of 10000
Failed run, not saved
On 5525 out of 10000
Failed run, not saved
		FAILED TOO MANY TIMES, TRYING ANOTHER ENVIRONMENT
On 5525 out of 10000
On 5526 out of 10000
On 5527 out of 10000
On 5528 out of 10000
Failed run, not saved
On 5528 out of 10000
Failed run, not saved
On 5528 out of 10000
Failed run, not saved
On 5528 out of 10000
Failed run, not saved
On 5528 out of 10000
On 5529 out of 10000
Failed run, not saved
On 5529 out of 10000
On 5530 out of 10000
On 5531 out of 10000
On 5532 out of 10000
On 5533 out of 10000
Failed run, not saved
On 5533 out of 10000
On 5534 out of 10000
On 5535 out of 10000
Failed run, not saved
On 5535 out of 10000
On 5536 out of 10000
Failed run, not saved
On 5536 out of 10000
On 5537 out of 10000
On 5538 out of 10000
On 5539 out of 10000
On 5540 out of 10000
Failed run, not saved
On 5540 out of 10000
Failed run, not saved
On 5540 out of 10000
On 5541 out of 10000
Failed run, not saved
On 5541 out of 10000
On 5542 out of 10000
On 5543 out of 10000
Failed run, not saved
On 5543 out of 10000
On 5544 out of 10000
On 5545 out of 10000
Failed run, not saved
On 5545 out of 10000
Failed run, not saved
On 5545 out of 10000
Failed run, not saved
On 5545 out of 10000
Failed run, not saved
On 5545 out of 10000
Failed run, not saved
On 5545 out of 10000
Failed run, not saved
On 5545 out of 10000
Failed run, not saved
On 5545 out of 10000
Failed run, not saved
On 5545 out of 10000
Failed run, not saved
On 5545 out of 10000
Failed run, not saved
On 5545 out of 10000
Failed run, not saved
		FAILED TOO MANY TIMES, TRYING ANOTHER ENVIRONMENT
On 5545 out of 10000
On 5546 out of 10000
On 5547 out of 10000
On 5548 out of 10000
On 5549 out of 10000
On 5550 out of 10000
On 5551 out of 10000
Failed run, not saved
On 5551 out of 10000
Failed run, not saved
On 5551 out of 10000
Failed run, not saved
On 5551 out of 10000
Failed run, not saved
On 5551 out of 10000
On 5552 out of 10000
On 5553 out of 10000
Failed run, not saved
On 5553 out of 10000
Failed run, not saved
On 5553 out of 10000
On 5554 out of 10000
On 5555 out of 10000
On 5556 out of 10000
On 5557 out of 10000
On 5558 out of 10000
Failed run, not saved
On 5558 out of 10000
On 5559 out of 10000
Failed run, not saved
On 5559 out of 10000
Failed run, not saved
On 5559 out of 10000
Failed run, not saved
On 5559 out of 10000
Failed run, not saved
On 5559 out of 10000
Failed run, not saved
On 5559 out of 10000
Failed run, not saved
On 5559 out of 10000
Failed run, not saved
On 5559 out of 10000
Failed run, not saved
On 5559 out of 10000
On 5560 out of 10000
On 5561 out of 10000
On 5562 out of 10000
On 5563 out of 10000
On 5564 out of 10000
On 5565 out of 10000
Failed run, not saved
On 5565 out of 10000
On 5566 out of 10000
On 5567 out of 10000
Failed run, not saved
On 5567 out of 10000
Failed run, not saved
On 5567 out of 10000
Failed run, not saved
On 5567 out of 10000
Failed run, not saved
On 5567 out of 10000
Failed run, not saved
On 5567 out of 10000
Failed run, not saved
On 5567 out of 10000
On 5568 out of 10000
On 5569 out of 10000
On 5570 out of 10000
Failed run, not saved
On 5570 out of 10000
On 5571 out of 10000
On 5572 out of 10000
On 5573 out of 10000
On 5574 out of 10000
On 5575 out of 10000
On 5576 out of 10000
On 5577 out of 10000
On 5578 out of 10000
On 5579 out of 10000
Failed run, not saved
On 5579 out of 10000
On 5580 out of 10000
On 5581 out of 10000
Failed run, not saved
On 5581 out of 10000
Failed run, not saved
On 5581 out of 10000
On 5582 out of 10000
Failed run, not saved
On 5582 out of 10000
On 5583 out of 10000
On 5584 out of 10000
On 5585 out of 10000
On 5586 out of 10000
On 5587 out of 10000
On 5588 out of 10000
Failed run, not saved
On 5588 out of 10000
On 5589 out of 10000
On 5590 out of 10000
On 5591 out of 10000
Failed run, not saved
On 5591 out of 10000
Failed run, not saved
On 5591 out of 10000
Failed run, not saved
On 5591 out of 10000
Failed run, not saved
On 5591 out of 10000
Failed run, not saved
On 5591 out of 10000
Failed run, not saved
On 5591 out of 10000
Failed run, not saved
On 5591 out of 10000
Failed run, not saved
On 5591 out of 10000
Failed run, not saved
On 5591 out of 10000
On 5592 out of 10000
On 5593 out of 10000
On 5594 out of 10000
On 5595 out of 10000
On 5596 out of 10000
On 5597 out of 10000
On 5598 out of 10000
On 5599 out of 10000
Failed run, not saved
On 5599 out of 10000
Failed run, not saved
On 5599 out of 10000
Failed run, not saved
On 5599 out of 10000
Failed run, not saved
On 5599 out of 10000
Failed run, not saved
On 5599 out of 10000
Failed run, not saved
On 5599 out of 10000
Failed run, not saved
On 5599 out of 10000
Failed run, not saved
On 5599 out of 10000
Failed run, not saved
On 5599 out of 10000
Failed run, not saved
On 5599 out of 10000
Failed run, not saved
		FAILED TOO MANY TIMES, TRYING ANOTHER ENVIRONMENT
On 5599 out of 10000
On 5600 out of 10000
On 5601 out of 10000
Failed run, not saved
On 5601 out of 10000
Failed run, not saved
On 5601 out of 10000
Failed run, not saved
On 5601 out of 10000
Failed run, not saved
On 5601 out of 10000
Failed run, not saved
On 5601 out of 10000
Failed run, not saved
On 5601 out of 10000
Failed run, not saved
On 5601 out of 10000
Failed run, not saved
On 5601 out of 10000
Failed run, not saved
On 5601 out of 10000
Failed run, not saved
On 5601 out of 10000
Failed run, not saved
		FAILED TOO MANY TIMES, TRYING ANOTHER ENVIRONMENT
On 5601 out of 10000
On 5602 out of 10000
Failed run, not saved
On 5602 out of 10000
On 5603 out of 10000
On 5604 out of 10000
On 5605 out of 10000
On 5606 out of 10000
On 5607 out of 10000
On 5608 out of 10000
On 5609 out of 10000
On 5610 out of 10000
On 5611 out of 10000
Failed run, not saved
On 5611 out of 10000
Failed run, not saved
On 5611 out of 10000
Failed run, not saved
On 5611 out of 10000
On 5612 out of 10000
On 5613 out of 10000
Failed run, not saved
On 5613 out of 10000
On 5614 out of 10000
On 5615 out of 10000
On 5616 out of 10000
On 5617 out of 10000
On 5618 out of 10000
On 5619 out of 10000
On 5620 out of 10000
On 5621 out of 10000
On 5622 out of 10000
Failed run, not saved
On 5622 out of 10000
On 5623 out of 10000
On 5624 out of 10000
On 5625 out of 10000
On 5626 out of 10000
On 5627 out of 10000
On 5628 out of 10000
Failed run, not saved
On 5628 out of 10000
Failed run, not saved
On 5628 out of 10000
Failed run, not saved
On 5628 out of 10000
Failed run, not saved
On 5628 out of 10000
Failed run, not saved
On 5628 out of 10000
Failed run, not saved
On 5628 out of 10000
On 5629 out of 10000
On 5630 out of 10000
On 5631 out of 10000
On 5632 out of 10000
On 5633 out of 10000
On 5634 out of 10000
On 5635 out of 10000
On 5636 out of 10000
Failed run, not saved
On 5636 out of 10000
On 5637 out of 10000
Failed run, not saved
On 5637 out of 10000
On 5638 out of 10000
On 5639 out of 10000
On 5640 out of 10000
On 5641 out of 10000
Failed run, not saved
On 5641 out of 10000
Failed run, not saved
On 5641 out of 10000
Failed run, not saved
On 5641 out of 10000
Failed run, not saved
On 5641 out of 10000
Failed run, not saved
On 5641 out of 10000
Failed run, not saved
On 5641 out of 10000
Failed run, not saved
On 5641 out of 10000
Failed run, not saved
On 5641 out of 10000
Failed run, not saved
On 5641 out of 10000
Failed run, not saved
On 5641 out of 10000
Failed run, not saved
		FAILED TOO MANY TIMES, TRYING ANOTHER ENVIRONMENT
On 5641 out of 10000
On 5642 out of 10000
Failed run, not saved
On 5642 out of 10000
Failed run, not saved
On 5642 out of 10000
Failed run, not saved
On 5642 out of 10000
Failed run, not saved
On 5642 out of 10000
Failed run, not saved
On 5642 out of 10000
Failed run, not saved
On 5642 out of 10000
Failed run, not saved
On 5642 out of 10000
Failed run, not saved
On 5642 out of 10000
Failed run, not saved
On 5642 out of 10000
Failed run, not saved
On 5642 out of 10000
Failed run, not saved
		FAILED TOO MANY TIMES, TRYING ANOTHER ENVIRONMENT
On 5642 out of 10000
On 5643 out of 10000
On 5644 out of 10000
Failed run, not saved
On 5644 out of 10000
On 5645 out of 10000
Failed run, not saved
On 5645 out of 10000
Failed run, not saved
On 5645 out of 10000
On 5646 out of 10000
Failed run, not saved
On 5646 out of 10000
On 5647 out of 10000
Failed run, not saved
On 5647 out of 10000
On 5648 out of 10000
On 5649 out of 10000
On 5650 out of 10000
On 5651 out of 10000
Failed run, not saved
On 5651 out of 10000
Failed run, not saved
On 5651 out of 10000
On 5652 out of 10000
On 5653 out of 10000
On 5654 out of 10000
On 5655 out of 10000
On 5656 out of 10000
Failed run, not saved
On 5656 out of 10000
On 5657 out of 10000
Failed run, not saved
On 5657 out of 10000
On 5658 out of 10000
On 5659 out of 10000
On 5660 out of 10000
On 5661 out of 10000
Failed run, not saved
On 5661 out of 10000
Failed run, not saved
On 5661 out of 10000
Failed run, not saved
On 5661 out of 10000
On 5662 out of 10000
On 5663 out of 10000
Failed run, not saved
On 5663 out of 10000
Failed run, not saved
On 5663 out of 10000
Failed run, not saved
On 5663 out of 10000
Failed run, not saved
On 5663 out of 10000
Failed run, not saved
On 5663 out of 10000
Failed run, not saved
On 5663 out of 10000
Failed run, not saved
On 5663 out of 10000
Failed run, not saved
On 5663 out of 10000
Failed run, not saved
On 5663 out of 10000
Failed run, not saved
On 5663 out of 10000
Failed run, not saved
		FAILED TOO MANY TIMES, TRYING ANOTHER ENVIRONMENT
On 5663 out of 10000
On 5664 out of 10000
On 5665 out of 10000
On 5666 out of 10000
Failed run, not saved
On 5666 out of 10000
Failed run, not saved
On 5666 out of 10000
Failed run, not saved
On 5666 out of 10000
On 5667 out of 10000
On 5668 out of 10000
On 5669 out of 10000
On 5670 out of 10000
On 5671 out of 10000
Failed run, not saved
On 5671 out of 10000
On 5672 out of 10000
Failed run, not saved
On 5672 out of 10000
Failed run, not saved
On 5672 out of 10000
Failed run, not saved
On 5672 out of 10000
Failed run, not saved
On 5672 out of 10000
Failed run, not saved
On 5672 out of 10000
On 5673 out of 10000
On 5674 out of 10000
Failed run, not saved
On 5674 out of 10000
On 5675 out of 10000
On 5676 out of 10000
On 5677 out of 10000
On 5678 out of 10000
Failed run, not saved
On 5678 out of 10000
Failed run, not saved
On 5678 out of 10000
Failed run, not saved
On 5678 out of 10000
On 5679 out of 10000
Failed run, not saved
On 5679 out of 10000
On 5680 out of 10000
Failed run, not saved
On 5680 out of 10000
Failed run, not saved
On 5680 out of 10000
On 5681 out of 10000
Failed run, not saved
On 5681 out of 10000
Failed run, not saved
On 5681 out of 10000
Failed run, not saved
On 5681 out of 10000
Failed run, not saved
On 5681 out of 10000
Failed run, not saved
On 5681 out of 10000
Failed run, not saved
On 5681 out of 10000
Failed run, not saved
On 5681 out of 10000
Failed run, not saved
On 5681 out of 10000
Failed run, not saved
On 5681 out of 10000
Failed run, not saved
On 5681 out of 10000
Failed run, not saved
		FAILED TOO MANY TIMES, TRYING ANOTHER ENVIRONMENT
On 5681 out of 10000
On 5682 out of 10000
Failed run, not saved
On 5682 out of 10000
On 5683 out of 10000
Failed run, not saved
On 5683 out of 10000
Failed run, not saved
On 5683 out of 10000
Failed run, not saved
On 5683 out of 10000
Failed run, not saved
On 5683 out of 10000
Failed run, not saved
On 5683 out of 10000
Failed run, not saved
On 5683 out of 10000
Failed run, not saved
On 5683 out of 10000
Failed run, not saved
On 5683 out of 10000
Failed run, not saved
On 5683 out of 10000
Failed run, not saved
On 5683 out of 10000
Failed run, not saved
		FAILED TOO MANY TIMES, TRYING ANOTHER ENVIRONMENT
On 5683 out of 10000
On 5684 out of 10000
On 5685 out of 10000
On 5686 out of 10000
On 5687 out of 10000
On 5688 out of 10000
On 5689 out of 10000
Failed run, not saved
On 5689 out of 10000
Failed run, not saved
On 5689 out of 10000
On 5690 out of 10000
On 5691 out of 10000
Failed run, not saved
On 5691 out of 10000
On 5692 out of 10000
On 5693 out of 10000
On 5694 out of 10000
On 5695 out of 10000
On 5696 out of 10000
On 5697 out of 10000
On 5698 out of 10000
Failed run, not saved
On 5698 out of 10000
On 5699 out of 10000
On 5700 out of 10000
On 5701 out of 10000
Failed run, not saved
On 5701 out of 10000
On 5702 out of 10000
On 5703 out of 10000
On 5704 out of 10000
On 5705 out of 10000
On 5706 out of 10000
Failed run, not saved
On 5706 out of 10000
On 5707 out of 10000
On 5708 out of 10000
Failed run, not saved
On 5708 out of 10000
Failed run, not saved
On 5708 out of 10000
Failed run, not saved
On 5708 out of 10000
Failed run, not saved
On 5708 out of 10000
Failed run, not saved
On 5708 out of 10000
Failed run, not saved
On 5708 out of 10000
Failed run, not saved
On 5708 out of 10000
Failed run, not saved
On 5708 out of 10000
Failed run, not saved
On 5708 out of 10000
Failed run, not saved
On 5708 out of 10000
Failed run, not saved
		FAILED TOO MANY TIMES, TRYING ANOTHER ENVIRONMENT
On 5708 out of 10000
On 5709 out of 10000
On 5710 out of 10000
On 5711 out of 10000
On 5712 out of 10000
On 5713 out of 10000
On 5714 out of 10000
Failed run, not saved
On 5714 out of 10000
Failed run, not saved
On 5714 out of 10000
Failed run, not saved
On 5714 out of 10000
Failed run, not saved
On 5714 out of 10000
Failed run, not saved
On 5714 out of 10000
Failed run, not saved
On 5714 out of 10000
Failed run, not saved
On 5714 out of 10000
Failed run, not saved
On 5714 out of 10000
Failed run, not saved
On 5714 out of 10000
Failed run, not saved
On 5714 out of 10000
Failed run, not saved
		FAILED TOO MANY TIMES, TRYING ANOTHER ENVIRONMENT
On 5714 out of 10000
On 5715 out of 10000
On 5716 out of 10000
On 5717 out of 10000
On 5718 out of 10000
On 5719 out of 10000
On 5720 out of 10000
On 5721 out of 10000
On 5722 out of 10000
On 5723 out of 10000
Failed run, not saved
On 5723 out of 10000
On 5724 out of 10000
On 5725 out of 10000
On 5726 out of 10000
On 5727 out of 10000
On 5728 out of 10000
On 5729 out of 10000
On 5730 out of 10000
On 5731 out of 10000
On 5732 out of 10000
On 5733 out of 10000
On 5734 out of 10000
On 5735 out of 10000
On 5736 out of 10000
Failed run, not saved
On 5736 out of 10000
Failed run, not saved
On 5736 out of 10000
Failed run, not saved
On 5736 out of 10000
On 5737 out of 10000
Failed run, not saved
On 5737 out of 10000
Failed run, not saved
On 5737 out of 10000
Failed run, not saved
On 5737 out of 10000
Failed run, not saved
On 5737 out of 10000
Failed run, not saved
On 5737 out of 10000
Failed run, not saved
On 5737 out of 10000
On 5738 out of 10000
Failed run, not saved
On 5738 out of 10000
Failed run, not saved
On 5738 out of 10000
Failed run, not saved
On 5738 out of 10000
Failed run, not saved
On 5738 out of 10000
On 5739 out of 10000
On 5740 out of 10000
On 5741 out of 10000
On 5742 out of 10000
On 5743 out of 10000
On 5744 out of 10000
Failed run, not saved
On 5744 out of 10000
On 5745 out of 10000
On 5746 out of 10000
On 5747 out of 10000
Failed run, not saved
On 5747 out of 10000
On 5748 out of 10000
Failed run, not saved
On 5748 out of 10000
Failed run, not saved
On 5748 out of 10000
On 5749 out of 10000
On 5750 out of 10000
On 5751 out of 10000
On 5752 out of 10000
On 5753 out of 10000
On 5754 out of 10000
On 5755 out of 10000
Failed run, not saved
On 5755 out of 10000
Failed run, not saved
On 5755 out of 10000
Failed run, not saved
On 5755 out of 10000
Failed run, not saved
On 5755 out of 10000
Failed run, not saved
On 5755 out of 10000
Failed run, not saved
On 5755 out of 10000
Failed run, not saved
On 5755 out of 10000
Failed run, not saved
On 5755 out of 10000
On 5756 out of 10000
Failed run, not saved
On 5756 out of 10000
On 5757 out of 10000
On 5758 out of 10000
Failed run, not saved
On 5758 out of 10000
On 5759 out of 10000
Failed run, not saved
On 5759 out of 10000
Failed run, not saved
On 5759 out of 10000
Failed run, not saved
On 5759 out of 10000
On 5760 out of 10000
On 5761 out of 10000
On 5762 out of 10000
On 5763 out of 10000
Failed run, not saved
On 5763 out of 10000
Failed run, not saved
On 5763 out of 10000
Failed run, not saved
On 5763 out of 10000
Failed run, not saved
On 5763 out of 10000
Failed run, not saved
On 5763 out of 10000
Failed run, not saved
On 5763 out of 10000
On 5764 out of 10000
On 5765 out of 10000
On 5766 out of 10000
On 5767 out of 10000
Failed run, not saved
On 5767 out of 10000
On 5768 out of 10000
On 5769 out of 10000
Failed run, not saved
On 5769 out of 10000
On 5770 out of 10000
On 5771 out of 10000
On 5772 out of 10000
On 5773 out of 10000
On 5774 out of 10000
On 5775 out of 10000
On 5776 out of 10000
On 5777 out of 10000
Failed run, not saved
On 5777 out of 10000
Failed run, not saved
On 5777 out of 10000
On 5778 out of 10000
On 5779 out of 10000
On 5780 out of 10000
On 5781 out of 10000
On 5782 out of 10000
Failed run, not saved
On 5782 out of 10000
On 5783 out of 10000
Failed run, not saved
On 5783 out of 10000
Failed run, not saved
On 5783 out of 10000
Failed run, not saved
On 5783 out of 10000
On 5784 out of 10000
Failed run, not saved
On 5784 out of 10000
Failed run, not saved
On 5784 out of 10000
Failed run, not saved
On 5784 out of 10000
On 5785 out of 10000
On 5786 out of 10000
On 5787 out of 10000
Failed run, not saved
On 5787 out of 10000
Failed run, not saved
On 5787 out of 10000
Failed run, not saved
On 5787 out of 10000
Failed run, not saved
On 5787 out of 10000
Failed run, not saved
On 5787 out of 10000
Failed run, not saved
On 5787 out of 10000
Failed run, not saved
On 5787 out of 10000
Failed run, not saved
On 5787 out of 10000
Failed run, not saved
On 5787 out of 10000
Failed run, not saved
On 5787 out of 10000
Failed run, not saved
		FAILED TOO MANY TIMES, TRYING ANOTHER ENVIRONMENT
On 5787 out of 10000
On 5788 out of 10000
Failed run, not saved
On 5788 out of 10000
Failed run, not saved
On 5788 out of 10000
Failed run, not saved
On 5788 out of 10000
Failed run, not saved
On 5788 out of 10000
On 5789 out of 10000
Failed run, not saved
On 5789 out of 10000
On 5790 out of 10000
On 5791 out of 10000
On 5792 out of 10000
On 5793 out of 10000
On 5794 out of 10000
Failed run, not saved
On 5794 out of 10000
Failed run, not saved
On 5794 out of 10000
Failed run, not saved
On 5794 out of 10000
On 5795 out of 10000
On 5796 out of 10000
On 5797 out of 10000
Failed run, not saved
On 5797 out of 10000
Failed run, not saved
On 5797 out of 10000
Failed run, not saved
On 5797 out of 10000
Failed run, not saved
On 5797 out of 10000
On 5798 out of 10000
On 5799 out of 10000
Failed run, not saved
On 5799 out of 10000
Failed run, not saved
On 5799 out of 10000
Failed run, not saved
On 5799 out of 10000
Failed run, not saved
On 5799 out of 10000
Failed run, not saved
On 5799 out of 10000
Failed run, not saved
On 5799 out of 10000
Failed run, not saved
On 5799 out of 10000
On 5800 out of 10000
On 5801 out of 10000
Failed run, not saved
On 5801 out of 10000
Failed run, not saved
On 5801 out of 10000
Failed run, not saved
On 5801 out of 10000
Failed run, not saved
On 5801 out of 10000
Failed run, not saved
On 5801 out of 10000
Failed run, not saved
On 5801 out of 10000
Failed run, not saved
On 5801 out of 10000
Failed run, not saved
On 5801 out of 10000
Failed run, not saved
On 5801 out of 10000
On 5802 out of 10000
On 5803 out of 10000
Failed run, not saved
On 5803 out of 10000
On 5804 out of 10000
On 5805 out of 10000
On 5806 out of 10000
On 5807 out of 10000
On 5808 out of 10000
On 5809 out of 10000
On 5810 out of 10000
On 5811 out of 10000
On 5812 out of 10000
On 5813 out of 10000
Failed run, not saved
On 5813 out of 10000
On 5814 out of 10000
Failed run, not saved
On 5814 out of 10000
On 5815 out of 10000
Failed run, not saved
On 5815 out of 10000
Failed run, not saved
On 5815 out of 10000
Failed run, not saved
On 5815 out of 10000
Failed run, not saved
On 5815 out of 10000
Failed run, not saved
On 5815 out of 10000
Failed run, not saved
On 5815 out of 10000
Failed run, not saved
On 5815 out of 10000
Failed run, not saved
On 5815 out of 10000
Failed run, not saved
On 5815 out of 10000
Failed run, not saved
On 5815 out of 10000
Failed run, not saved
		FAILED TOO MANY TIMES, TRYING ANOTHER ENVIRONMENT
On 5815 out of 10000
Failed run, not saved
		FAILED TOO MANY TIMES, TRYING ANOTHER ENVIRONMENT
On 5815 out of 10000
On 5816 out of 10000
On 5817 out of 10000
Failed run, not saved
On 5817 out of 10000
On 5818 out of 10000
On 5819 out of 10000
On 5820 out of 10000
On 5821 out of 10000
Failed run, not saved
On 5821 out of 10000
On 5822 out of 10000
On 5823 out of 10000
On 5824 out of 10000
On 5825 out of 10000
On 5826 out of 10000
On 5827 out of 10000
On 5828 out of 10000
On 5829 out of 10000
On 5830 out of 10000
On 5831 out of 10000
On 5832 out of 10000
On 5833 out of 10000
On 5834 out of 10000
On 5835 out of 10000
On 5836 out of 10000
Failed run, not saved
On 5836 out of 10000
Failed run, not saved
On 5836 out of 10000
Failed run, not saved
On 5836 out of 10000
Failed run, not saved
On 5836 out of 10000
Failed run, not saved
On 5836 out of 10000
Failed run, not saved
On 5836 out of 10000
Failed run, not saved
On 5836 out of 10000
Failed run, not saved
On 5836 out of 10000
Failed run, not saved
On 5836 out of 10000
Failed run, not saved
On 5836 out of 10000
Failed run, not saved
		FAILED TOO MANY TIMES, TRYING ANOTHER ENVIRONMENT
On 5836 out of 10000
Failed run, not saved
		FAILED TOO MANY TIMES, TRYING ANOTHER ENVIRONMENT
On 5836 out of 10000
Failed run, not saved
		FAILED TOO MANY TIMES, TRYING ANOTHER ENVIRONMENT
On 5836 out of 10000
On 5837 out of 10000
On 5838 out of 10000
Failed run, not saved
On 5838 out of 10000
Failed run, not saved
On 5838 out of 10000
Failed run, not saved
On 5838 out of 10000
Failed run, not saved
On 5838 out of 10000
Failed run, not saved
On 5838 out of 10000
Failed run, not saved
On 5838 out of 10000
Failed run, not saved
On 5838 out of 10000
Failed run, not saved
On 5838 out of 10000
Failed run, not saved
On 5838 out of 10000
Failed run, not saved
On 5838 out of 10000
Failed run, not saved
		FAILED TOO MANY TIMES, TRYING ANOTHER ENVIRONMENT
On 5838 out of 10000
On 5839 out of 10000
On 5840 out of 10000
On 5841 out of 10000
On 5842 out of 10000
Failed run, not saved
On 5842 out of 10000
Failed run, not saved
On 5842 out of 10000
On 5843 out of 10000
Failed run, not saved
On 5843 out of 10000
Failed run, not saved
On 5843 out of 10000
Failed run, not saved
On 5843 out of 10000
Failed run, not saved
On 5843 out of 10000
On 5844 out of 10000
Failed run, not saved
On 5844 out of 10000
Failed run, not saved
On 5844 out of 10000
On 5845 out of 10000
Failed run, not saved
On 5845 out of 10000
On 5846 out of 10000
Failed run, not saved
On 5846 out of 10000
Failed run, not saved
On 5846 out of 10000
On 5847 out of 10000
On 5848 out of 10000
On 5849 out of 10000
On 5850 out of 10000
On 5851 out of 10000
On 5852 out of 10000
On 5853 out of 10000
On 5854 out of 10000
On 5855 out of 10000
On 5856 out of 10000
On 5857 out of 10000
Failed run, not saved
On 5857 out of 10000
On 5858 out of 10000
Failed run, not saved
On 5858 out of 10000
Failed run, not saved
On 5858 out of 10000
Failed run, not saved
On 5858 out of 10000
Failed run, not saved
On 5858 out of 10000
Failed run, not saved
On 5858 out of 10000
Failed run, not saved
On 5858 out of 10000
Failed run, not saved
On 5858 out of 10000
Failed run, not saved
On 5858 out of 10000
On 5859 out of 10000
On 5860 out of 10000
On 5861 out of 10000
On 5862 out of 10000
On 5863 out of 10000
On 5864 out of 10000
On 5865 out of 10000
On 5866 out of 10000
Failed run, not saved
On 5866 out of 10000
Failed run, not saved
On 5866 out of 10000
Failed run, not saved
On 5866 out of 10000
Failed run, not saved
On 5866 out of 10000
Failed run, not saved
On 5866 out of 10000
Failed run, not saved
On 5866 out of 10000
Failed run, not saved
On 5866 out of 10000
Failed run, not saved
On 5866 out of 10000
Failed run, not saved
On 5866 out of 10000
Failed run, not saved
On 5866 out of 10000
Failed run, not saved
		FAILED TOO MANY TIMES, TRYING ANOTHER ENVIRONMENT
On 5866 out of 10000
Failed run, not saved
		FAILED TOO MANY TIMES, TRYING ANOTHER ENVIRONMENT
On 5866 out of 10000
On 5867 out of 10000
On 5868 out of 10000
On 5869 out of 10000
Failed run, not saved
On 5869 out of 10000
Failed run, not saved
On 5869 out of 10000
Failed run, not saved
On 5869 out of 10000
Failed run, not saved
On 5869 out of 10000
Failed run, not saved
On 5869 out of 10000
Failed run, not saved
On 5869 out of 10000
Failed run, not saved
On 5869 out of 10000
Failed run, not saved
On 5869 out of 10000
Failed run, not saved
On 5869 out of 10000
Failed run, not saved
On 5869 out of 10000
Failed run, not saved
		FAILED TOO MANY TIMES, TRYING ANOTHER ENVIRONMENT
On 5869 out of 10000
On 5870 out of 10000
On 5871 out of 10000
On 5872 out of 10000
On 5873 out of 10000
Failed run, not saved
On 5873 out of 10000
On 5874 out of 10000
On 5875 out of 10000
On 5876 out of 10000
On 5877 out of 10000
On 5878 out of 10000
On 5879 out of 10000
On 5880 out of 10000
On 5881 out of 10000
On 5882 out of 10000
On 5883 out of 10000
On 5884 out of 10000
On 5885 out of 10000
On 5886 out of 10000
On 5887 out of 10000
On 5888 out of 10000
On 5889 out of 10000
On 5890 out of 10000
On 5891 out of 10000
Failed run, not saved
On 5891 out of 10000
Failed run, not saved
On 5891 out of 10000
Failed run, not saved
On 5891 out of 10000
Failed run, not saved
On 5891 out of 10000
Failed run, not saved
On 5891 out of 10000
Failed run, not saved
On 5891 out of 10000
Failed run, not saved
On 5891 out of 10000
Failed run, not saved
On 5891 out of 10000
Failed run, not saved
On 5891 out of 10000
Failed run, not saved
On 5891 out of 10000
Failed run, not saved
		FAILED TOO MANY TIMES, TRYING ANOTHER ENVIRONMENT
On 5891 out of 10000
On 5892 out of 10000
On 5893 out of 10000
On 5894 out of 10000
On 5895 out of 10000
On 5896 out of 10000
Failed run, not saved
On 5896 out of 10000
Failed run, not saved
On 5896 out of 10000
Failed run, not saved
On 5896 out of 10000
On 5897 out of 10000
On 5898 out of 10000
Failed run, not saved
On 5898 out of 10000
On 5899 out of 10000
On 5900 out of 10000
On 5901 out of 10000
On 5902 out of 10000
On 5903 out of 10000
On 5904 out of 10000
On 5905 out of 10000
On 5906 out of 10000
On 5907 out of 10000
On 5908 out of 10000
Failed run, not saved
On 5908 out of 10000
Failed run, not saved
On 5908 out of 10000
Failed run, not saved
On 5908 out of 10000
Failed run, not saved
On 5908 out of 10000
Failed run, not saved
On 5908 out of 10000
Failed run, not saved
On 5908 out of 10000
Failed run, not saved
On 5908 out of 10000
Failed run, not saved
On 5908 out of 10000
Failed run, not saved
On 5908 out of 10000
On 5909 out of 10000
On 5910 out of 10000
Failed run, not saved
On 5910 out of 10000
Failed run, not saved
On 5910 out of 10000
Failed run, not saved
On 5910 out of 10000
Failed run, not saved
On 5910 out of 10000
Failed run, not saved
On 5910 out of 10000
Failed run, not saved
On 5910 out of 10000
Failed run, not saved
On 5910 out of 10000
Failed run, not saved
On 5910 out of 10000
Failed run, not saved
On 5910 out of 10000
Failed run, not saved
On 5910 out of 10000
Failed run, not saved
		FAILED TOO MANY TIMES, TRYING ANOTHER ENVIRONMENT
On 5910 out of 10000
On 5911 out of 10000
On 5912 out of 10000
On 5913 out of 10000
On 5914 out of 10000
On 5915 out of 10000
Failed run, not saved
On 5915 out of 10000
On 5916 out of 10000
Failed run, not saved
On 5916 out of 10000
Failed run, not saved
On 5916 out of 10000
On 5917 out of 10000
On 5918 out of 10000
On 5919 out of 10000
On 5920 out of 10000
Failed run, not saved
On 5920 out of 10000
Failed run, not saved
On 5920 out of 10000
Failed run, not saved
On 5920 out of 10000
On 5921 out of 10000
Failed run, not saved
On 5921 out of 10000
Failed run, not saved
On 5921 out of 10000
Failed run, not saved
On 5921 out of 10000
Failed run, not saved
On 5921 out of 10000
Failed run, not saved
On 5921 out of 10000
Failed run, not saved
On 5921 out of 10000
Failed run, not saved
On 5921 out of 10000
Failed run, not saved
On 5921 out of 10000
Failed run, not saved
On 5921 out of 10000
Failed run, not saved
On 5921 out of 10000
On 5922 out of 10000
On 5923 out of 10000
On 5924 out of 10000
Failed run, not saved
On 5924 out of 10000
On 5925 out of 10000
On 5926 out of 10000
On 5927 out of 10000
On 5928 out of 10000
Failed run, not saved
On 5928 out of 10000
On 5929 out of 10000
On 5930 out of 10000
On 5931 out of 10000
Failed run, not saved
On 5931 out of 10000
Failed run, not saved
On 5931 out of 10000
Failed run, not saved
On 5931 out of 10000
Failed run, not saved
On 5931 out of 10000
Failed run, not saved
On 5931 out of 10000
Failed run, not saved
On 5931 out of 10000
Failed run, not saved
On 5931 out of 10000
Failed run, not saved
On 5931 out of 10000
Failed run, not saved
On 5931 out of 10000
Failed run, not saved
On 5931 out of 10000
Failed run, not saved
		FAILED TOO MANY TIMES, TRYING ANOTHER ENVIRONMENT
On 5931 out of 10000
On 5932 out of 10000
Failed run, not saved
On 5932 out of 10000
Failed run, not saved
On 5932 out of 10000
Failed run, not saved
On 5932 out of 10000
Failed run, not saved
On 5932 out of 10000
Failed run, not saved
On 5932 out of 10000
Failed run, not saved
On 5932 out of 10000
Failed run, not saved
On 5932 out of 10000
Failed run, not saved
On 5932 out of 10000
Failed run, not saved
On 5932 out of 10000
Failed run, not saved
On 5932 out of 10000
Failed run, not saved
		FAILED TOO MANY TIMES, TRYING ANOTHER ENVIRONMENT
On 5932 out of 10000
On 5933 out of 10000
On 5934 out of 10000
Failed run, not saved
On 5934 out of 10000
Failed run, not saved
On 5934 out of 10000
Failed run, not saved
On 5934 out of 10000
Failed run, not saved
On 5934 out of 10000
Failed run, not saved
On 5934 out of 10000
Failed run, not saved
On 5934 out of 10000
Failed run, not saved
On 5934 out of 10000
Failed run, not saved
On 5934 out of 10000
Failed run, not saved
On 5934 out of 10000
Failed run, not saved
On 5934 out of 10000
Failed run, not saved
		FAILED TOO MANY TIMES, TRYING ANOTHER ENVIRONMENT
On 5934 out of 10000
Failed run, not saved
		FAILED TOO MANY TIMES, TRYING ANOTHER ENVIRONMENT
On 5934 out of 10000
On 5935 out of 10000
On 5936 out of 10000
On 5937 out of 10000
On 5938 out of 10000
On 5939 out of 10000
Failed run, not saved
On 5939 out of 10000
Failed run, not saved
On 5939 out of 10000
Failed run, not saved
On 5939 out of 10000
Failed run, not saved
On 5939 out of 10000
Failed run, not saved
On 5939 out of 10000
Failed run, not saved
On 5939 out of 10000
Failed run, not saved
On 5939 out of 10000
Failed run, not saved
On 5939 out of 10000
Failed run, not saved
On 5939 out of 10000
Failed run, not saved
On 5939 out of 10000
Failed run, not saved
		FAILED TOO MANY TIMES, TRYING ANOTHER ENVIRONMENT
On 5939 out of 10000
On 5940 out of 10000
On 5941 out of 10000
On 5942 out of 10000
Failed run, not saved
On 5942 out of 10000
On 5943 out of 10000
Failed run, not saved
On 5943 out of 10000
Failed run, not saved
On 5943 out of 10000
Failed run, not saved
On 5943 out of 10000
Failed run, not saved
On 5943 out of 10000
Failed run, not saved
On 5943 out of 10000
Failed run, not saved
On 5943 out of 10000
Failed run, not saved
On 5943 out of 10000
Failed run, not saved
On 5943 out of 10000
Failed run, not saved
On 5943 out of 10000
Failed run, not saved
On 5943 out of 10000
Failed run, not saved
		FAILED TOO MANY TIMES, TRYING ANOTHER ENVIRONMENT
On 5943 out of 10000
On 5944 out of 10000
Failed run, not saved
On 5944 out of 10000
Failed run, not saved
On 5944 out of 10000
Failed run, not saved
On 5944 out of 10000
Failed run, not saved
On 5944 out of 10000
Failed run, not saved
On 5944 out of 10000
Failed run, not saved
On 5944 out of 10000
Failed run, not saved
On 5944 out of 10000
Failed run, not saved
On 5944 out of 10000
Failed run, not saved
On 5944 out of 10000
Failed run, not saved
On 5944 out of 10000
Failed run, not saved
		FAILED TOO MANY TIMES, TRYING ANOTHER ENVIRONMENT
On 5944 out of 10000
Failed run, not saved
		FAILED TOO MANY TIMES, TRYING ANOTHER ENVIRONMENT
On 5944 out of 10000
Failed run, not saved
		FAILED TOO MANY TIMES, TRYING ANOTHER ENVIRONMENT
On 5944 out of 10000
On 5945 out of 10000
Failed run, not saved
On 5945 out of 10000
Failed run, not saved
On 5945 out of 10000
Failed run, not saved
On 5945 out of 10000
Failed run, not saved
On 5945 out of 10000
Failed run, not saved
On 5945 out of 10000
Failed run, not saved
On 5945 out of 10000
Failed run, not saved
On 5945 out of 10000
Failed run, not saved
On 5945 out of 10000
Failed run, not saved
On 5945 out of 10000
Failed run, not saved
On 5945 out of 10000
Failed run, not saved
		FAILED TOO MANY TIMES, TRYING ANOTHER ENVIRONMENT
On 5945 out of 10000
Failed run, not saved
		FAILED TOO MANY TIMES, TRYING ANOTHER ENVIRONMENT
On 5945 out of 10000
On 5946 out of 10000
On 5947 out of 10000
On 5948 out of 10000
On 5949 out of 10000
Failed run, not saved
On 5949 out of 10000
On 5950 out of 10000
On 5951 out of 10000
Failed run, not saved
On 5951 out of 10000
Failed run, not saved
On 5951 out of 10000
Failed run, not saved
On 5951 out of 10000
Failed run, not saved
On 5951 out of 10000
Failed run, not saved
On 5951 out of 10000
Failed run, not saved
On 5951 out of 10000
Failed run, not saved
On 5951 out of 10000
Failed run, not saved
On 5951 out of 10000
Failed run, not saved
On 5951 out of 10000
On 5952 out of 10000
On 5953 out of 10000
On 5954 out of 10000
Failed run, not saved
On 5954 out of 10000
On 5955 out of 10000
On 5956 out of 10000
Failed run, not saved
On 5956 out of 10000
Failed run, not saved
On 5956 out of 10000
Failed run, not saved
On 5956 out of 10000
Failed run, not saved
On 5956 out of 10000
Failed run, not saved
On 5956 out of 10000
On 5957 out of 10000
On 5958 out of 10000
Failed run, not saved
On 5958 out of 10000
Failed run, not saved
On 5958 out of 10000
Failed run, not saved
On 5958 out of 10000
Failed run, not saved
On 5958 out of 10000
On 5959 out of 10000
Failed run, not saved
On 5959 out of 10000
Failed run, not saved
On 5959 out of 10000
Failed run, not saved
On 5959 out of 10000
On 5960 out of 10000
On 5961 out of 10000
On 5962 out of 10000
On 5963 out of 10000
On 5964 out of 10000
On 5965 out of 10000
On 5966 out of 10000
Failed run, not saved
On 5966 out of 10000
On 5967 out of 10000
On 5968 out of 10000
On 5969 out of 10000
On 5970 out of 10000
Failed run, not saved
On 5970 out of 10000
Failed run, not saved
On 5970 out of 10000
Failed run, not saved
On 5970 out of 10000
On 5971 out of 10000
On 5972 out of 10000
On 5973 out of 10000
On 5974 out of 10000
On 5975 out of 10000
Failed run, not saved
On 5975 out of 10000
On 5976 out of 10000
On 5977 out of 10000
On 5978 out of 10000
Failed run, not saved
On 5978 out of 10000
Failed run, not saved
On 5978 out of 10000
On 5979 out of 10000
On 5980 out of 10000
Failed run, not saved
On 5980 out of 10000
On 5981 out of 10000
Failed run, not saved
On 5981 out of 10000
Failed run, not saved
On 5981 out of 10000
Failed run, not saved
On 5981 out of 10000
Failed run, not saved
On 5981 out of 10000
Failed run, not saved
On 5981 out of 10000
Failed run, not saved
On 5981 out of 10000
Failed run, not saved
On 5981 out of 10000
Failed run, not saved
On 5981 out of 10000
Failed run, not saved
On 5981 out of 10000
Failed run, not saved
On 5981 out of 10000
Failed run, not saved
		FAILED TOO MANY TIMES, TRYING ANOTHER ENVIRONMENT
On 5981 out of 10000
On 5982 out of 10000
On 5983 out of 10000
Failed run, not saved
On 5983 out of 10000
On 5984 out of 10000
Failed run, not saved
On 5984 out of 10000
Failed run, not saved
On 5984 out of 10000
Failed run, not saved
On 5984 out of 10000
Failed run, not saved
On 5984 out of 10000
Failed run, not saved
On 5984 out of 10000
Failed run, not saved
On 5984 out of 10000
Failed run, not saved
On 5984 out of 10000
Failed run, not saved
On 5984 out of 10000
Failed run, not saved
On 5984 out of 10000
Failed run, not saved
On 5984 out of 10000
Failed run, not saved
		FAILED TOO MANY TIMES, TRYING ANOTHER ENVIRONMENT
On 5984 out of 10000
On 5985 out of 10000
On 5986 out of 10000
On 5987 out of 10000
On 5988 out of 10000
Failed run, not saved
On 5988 out of 10000
Failed run, not saved
On 5988 out of 10000
Failed run, not saved
On 5988 out of 10000
Failed run, not saved
On 5988 out of 10000
Failed run, not saved
On 5988 out of 10000
Failed run, not saved
On 5988 out of 10000
Failed run, not saved
On 5988 out of 10000
Failed run, not saved
On 5988 out of 10000
Failed run, not saved
On 5988 out of 10000
Failed run, not saved
On 5988 out of 10000
Failed run, not saved
		FAILED TOO MANY TIMES, TRYING ANOTHER ENVIRONMENT
On 5988 out of 10000
On 5989 out of 10000
On 5990 out of 10000
On 5991 out of 10000
On 5992 out of 10000
On 5993 out of 10000
Failed run, not saved
On 5993 out of 10000
On 5994 out of 10000
On 5995 out of 10000
Failed run, not saved
On 5995 out of 10000
On 5996 out of 10000
On 5997 out of 10000
On 5998 out of 10000
On 5999 out of 10000
On 6000 out of 10000
Failed run, not saved
On 6000 out of 10000
Failed run, not saved
On 6000 out of 10000
Failed run, not saved
On 6000 out of 10000
Failed run, not saved
On 6000 out of 10000
Failed run, not saved
On 6000 out of 10000
Failed run, not saved
On 6000 out of 10000
Failed run, not saved
On 6000 out of 10000
Failed run, not saved
On 6000 out of 10000
Failed run, not saved
On 6000 out of 10000
On 6001 out of 10000
Failed run, not saved
On 6001 out of 10000
Failed run, not saved
On 6001 out of 10000
On 6002 out of 10000
Failed run, not saved
On 6002 out of 10000
Failed run, not saved
On 6002 out of 10000
Failed run, not saved
On 6002 out of 10000
Failed run, not saved
On 6002 out of 10000
Failed run, not saved
On 6002 out of 10000
Failed run, not saved
On 6002 out of 10000
Failed run, not saved
On 6002 out of 10000
Failed run, not saved
On 6002 out of 10000
Failed run, not saved
On 6002 out of 10000
Failed run, not saved
On 6002 out of 10000
Failed run, not saved
		FAILED TOO MANY TIMES, TRYING ANOTHER ENVIRONMENT
On 6002 out of 10000
On 6003 out of 10000
On 6004 out of 10000
On 6005 out of 10000
Failed run, not saved
On 6005 out of 10000
Failed run, not saved
On 6005 out of 10000
Failed run, not saved
On 6005 out of 10000
Failed run, not saved
On 6005 out of 10000
On 6006 out of 10000
Failed run, not saved
On 6006 out of 10000
Failed run, not saved
On 6006 out of 10000
Failed run, not saved
On 6006 out of 10000
Failed run, not saved
On 6006 out of 10000
Failed run, not saved
On 6006 out of 10000
On 6007 out of 10000
Failed run, not saved
On 6007 out of 10000
Failed run, not saved
On 6007 out of 10000
Failed run, not saved
On 6007 out of 10000
Failed run, not saved
On 6007 out of 10000
Failed run, not saved
On 6007 out of 10000
Failed run, not saved
On 6007 out of 10000
Failed run, not saved
On 6007 out of 10000
Failed run, not saved
On 6007 out of 10000
Failed run, not saved
On 6007 out of 10000
Failed run, not saved
On 6007 out of 10000
Failed run, not saved
		FAILED TOO MANY TIMES, TRYING ANOTHER ENVIRONMENT
On 6007 out of 10000
On 6008 out of 10000
Failed run, not saved
On 6008 out of 10000
On 6009 out of 10000
Failed run, not saved
On 6009 out of 10000
Failed run, not saved
On 6009 out of 10000
Failed run, not saved
On 6009 out of 10000
On 6010 out of 10000
On 6011 out of 10000
Failed run, not saved
On 6011 out of 10000
Failed run, not saved
On 6011 out of 10000
On 6012 out of 10000
On 6013 out of 10000
On 6014 out of 10000
Failed run, not saved
On 6014 out of 10000
Failed run, not saved
On 6014 out of 10000
On 6015 out of 10000
Failed run, not saved
On 6015 out of 10000
Failed run, not saved
On 6015 out of 10000
Failed run, not saved
On 6015 out of 10000
On 6016 out of 10000
On 6017 out of 10000
On 6018 out of 10000
On 6019 out of 10000
Failed run, not saved
On 6019 out of 10000
Failed run, not saved
On 6019 out of 10000
On 6020 out of 10000
On 6021 out of 10000
On 6022 out of 10000
On 6023 out of 10000
On 6024 out of 10000
On 6025 out of 10000
On 6026 out of 10000
On 6027 out of 10000
On 6028 out of 10000
Failed run, not saved
On 6028 out of 10000
Failed run, not saved
On 6028 out of 10000
On 6029 out of 10000
Failed run, not saved
On 6029 out of 10000
Failed run, not saved
On 6029 out of 10000
Failed run, not saved
On 6029 out of 10000
On 6030 out of 10000
On 6031 out of 10000
On 6032 out of 10000
On 6033 out of 10000
On 6034 out of 10000
On 6035 out of 10000
On 6036 out of 10000
On 6037 out of 10000
On 6038 out of 10000
Failed run, not saved
On 6038 out of 10000
Failed run, not saved
On 6038 out of 10000
Failed run, not saved
On 6038 out of 10000
Failed run, not saved
On 6038 out of 10000
Failed run, not saved
On 6038 out of 10000
Failed run, not saved
On 6038 out of 10000
Failed run, not saved
On 6038 out of 10000
Failed run, not saved
On 6038 out of 10000
Failed run, not saved
On 6038 out of 10000
Failed run, not saved
On 6038 out of 10000
Failed run, not saved
		FAILED TOO MANY TIMES, TRYING ANOTHER ENVIRONMENT
On 6038 out of 10000
On 6039 out of 10000
On 6040 out of 10000
On 6041 out of 10000
On 6042 out of 10000
On 6043 out of 10000
Failed run, not saved
On 6043 out of 10000
Failed run, not saved
On 6043 out of 10000
On 6044 out of 10000
Failed run, not saved
On 6044 out of 10000
Failed run, not saved
On 6044 out of 10000
On 6045 out of 10000
On 6046 out of 10000
On 6047 out of 10000
Failed run, not saved
On 6047 out of 10000
Failed run, not saved
On 6047 out of 10000
Failed run, not saved
On 6047 out of 10000
Failed run, not saved
On 6047 out of 10000
Failed run, not saved
On 6047 out of 10000
Failed run, not saved
On 6047 out of 10000
Failed run, not saved
On 6047 out of 10000
Failed run, not saved
On 6047 out of 10000
Failed run, not saved
On 6047 out of 10000
Failed run, not saved
On 6047 out of 10000
Failed run, not saved
		FAILED TOO MANY TIMES, TRYING ANOTHER ENVIRONMENT
On 6047 out of 10000
Failed run, not saved
		FAILED TOO MANY TIMES, TRYING ANOTHER ENVIRONMENT
On 6047 out of 10000
On 6048 out of 10000
On 6049 out of 10000
On 6050 out of 10000
On 6051 out of 10000
On 6052 out of 10000
On 6053 out of 10000
On 6054 out of 10000
On 6055 out of 10000
On 6056 out of 10000
Failed run, not saved
On 6056 out of 10000
On 6057 out of 10000
Failed run, not saved
On 6057 out of 10000
Failed run, not saved
On 6057 out of 10000
Failed run, not saved
On 6057 out of 10000
On 6058 out of 10000
On 6059 out of 10000
On 6060 out of 10000
Failed run, not saved
On 6060 out of 10000
On 6061 out of 10000
On 6062 out of 10000
On 6063 out of 10000
On 6064 out of 10000
On 6065 out of 10000
On 6066 out of 10000
On 6067 out of 10000
Failed run, not saved
On 6067 out of 10000
Failed run, not saved
On 6067 out of 10000
Failed run, not saved
On 6067 out of 10000
On 6068 out of 10000
On 6069 out of 10000
Failed run, not saved
On 6069 out of 10000
On 6070 out of 10000
On 6071 out of 10000
Failed run, not saved
On 6071 out of 10000
Failed run, not saved
On 6071 out of 10000
On 6072 out of 10000
On 6073 out of 10000
On 6074 out of 10000
On 6075 out of 10000
On 6076 out of 10000
Failed run, not saved
On 6076 out of 10000
Failed run, not saved
On 6076 out of 10000
Failed run, not saved
On 6076 out of 10000
Failed run, not saved
On 6076 out of 10000
Failed run, not saved
On 6076 out of 10000
Failed run, not saved
On 6076 out of 10000
Failed run, not saved
On 6076 out of 10000
Failed run, not saved
On 6076 out of 10000
Failed run, not saved
On 6076 out of 10000
Failed run, not saved
On 6076 out of 10000
Failed run, not saved
		FAILED TOO MANY TIMES, TRYING ANOTHER ENVIRONMENT
On 6076 out of 10000
Failed run, not saved
		FAILED TOO MANY TIMES, TRYING ANOTHER ENVIRONMENT
On 6076 out of 10000
On 6077 out of 10000
On 6078 out of 10000
On 6079 out of 10000
On 6080 out of 10000
On 6081 out of 10000
On 6082 out of 10000
Failed run, not saved
On 6082 out of 10000
On 6083 out of 10000
Failed run, not saved
On 6083 out of 10000
On 6084 out of 10000
On 6085 out of 10000
Failed run, not saved
On 6085 out of 10000
On 6086 out of 10000
On 6087 out of 10000
Failed run, not saved
On 6087 out of 10000
Failed run, not saved
On 6087 out of 10000
Failed run, not saved
On 6087 out of 10000
Failed run, not saved
On 6087 out of 10000
Failed run, not saved
On 6087 out of 10000
Failed run, not saved
On 6087 out of 10000
Failed run, not saved
On 6087 out of 10000
Failed run, not saved
On 6087 out of 10000
Failed run, not saved
On 6087 out of 10000
Failed run, not saved
On 6087 out of 10000
Failed run, not saved
		FAILED TOO MANY TIMES, TRYING ANOTHER ENVIRONMENT
On 6087 out of 10000
Failed run, not saved
		FAILED TOO MANY TIMES, TRYING ANOTHER ENVIRONMENT
On 6087 out of 10000
On 6088 out of 10000
On 6089 out of 10000
Failed run, not saved
On 6089 out of 10000
Failed run, not saved
On 6089 out of 10000
Failed run, not saved
On 6089 out of 10000
Failed run, not saved
On 6089 out of 10000
Failed run, not saved
On 6089 out of 10000
Failed run, not saved
On 6089 out of 10000
Failed run, not saved
On 6089 out of 10000
On 6090 out of 10000
Failed run, not saved
On 6090 out of 10000
Failed run, not saved
On 6090 out of 10000
Failed run, not saved
On 6090 out of 10000
On 6091 out of 10000
On 6092 out of 10000
On 6093 out of 10000
On 6094 out of 10000
Failed run, not saved
On 6094 out of 10000
Failed run, not saved
On 6094 out of 10000
On 6095 out of 10000
Failed run, not saved
On 6095 out of 10000
Failed run, not saved
On 6095 out of 10000
Failed run, not saved
On 6095 out of 10000
Failed run, not saved
On 6095 out of 10000
Failed run, not saved
On 6095 out of 10000
Failed run, not saved
On 6095 out of 10000
Failed run, not saved
On 6095 out of 10000
Failed run, not saved
On 6095 out of 10000
On 6096 out of 10000
Failed run, not saved
On 6096 out of 10000
Failed run, not saved
On 6096 out of 10000
Failed run, not saved
On 6096 out of 10000
Failed run, not saved
On 6096 out of 10000
Failed run, not saved
On 6096 out of 10000
Failed run, not saved
On 6096 out of 10000
Failed run, not saved
On 6096 out of 10000
Failed run, not saved
On 6096 out of 10000
Failed run, not saved
On 6096 out of 10000
Failed run, not saved
On 6096 out of 10000
Failed run, not saved
		FAILED TOO MANY TIMES, TRYING ANOTHER ENVIRONMENT
On 6096 out of 10000
Failed run, not saved
		FAILED TOO MANY TIMES, TRYING ANOTHER ENVIRONMENT
On 6096 out of 10000
Failed run, not saved
		FAILED TOO MANY TIMES, TRYING ANOTHER ENVIRONMENT
On 6096 out of 10000
Failed run, not saved
		FAILED TOO MANY TIMES, TRYING ANOTHER ENVIRONMENT
On 6096 out of 10000
Failed run, not saved
		FAILED TOO MANY TIMES, TRYING ANOTHER ENVIRONMENT
On 6096 out of 10000
On 6097 out of 10000
On 6098 out of 10000
Failed run, not saved
On 6098 out of 10000
Failed run, not saved
On 6098 out of 10000
On 6099 out of 10000
On 6100 out of 10000
On 6101 out of 10000
On 6102 out of 10000
Failed run, not saved
On 6102 out of 10000
On 6103 out of 10000
Failed run, not saved
On 6103 out of 10000
Failed run, not saved
On 6103 out of 10000
Failed run, not saved
On 6103 out of 10000
On 6104 out of 10000
Failed run, not saved
On 6104 out of 10000
Failed run, not saved
On 6104 out of 10000
Failed run, not saved
On 6104 out of 10000
Failed run, not saved
On 6104 out of 10000
Failed run, not saved
On 6104 out of 10000
Failed run, not saved
On 6104 out of 10000
Failed run, not saved
On 6104 out of 10000
Failed run, not saved
On 6104 out of 10000
Failed run, not saved
On 6104 out of 10000
Failed run, not saved
On 6104 out of 10000
Failed run, not saved
		FAILED TOO MANY TIMES, TRYING ANOTHER ENVIRONMENT
On 6104 out of 10000
Failed run, not saved
		FAILED TOO MANY TIMES, TRYING ANOTHER ENVIRONMENT
On 6104 out of 10000
On 6105 out of 10000
Failed run, not saved
On 6105 out of 10000
On 6106 out of 10000
Failed run, not saved
On 6106 out of 10000
On 6107 out of 10000
On 6108 out of 10000
Failed run, not saved
On 6108 out of 10000
On 6109 out of 10000
On 6110 out of 10000
On 6111 out of 10000
On 6112 out of 10000
On 6113 out of 10000
On 6114 out of 10000
On 6115 out of 10000
On 6116 out of 10000
On 6117 out of 10000
On 6118 out of 10000
Failed run, not saved
On 6118 out of 10000
Failed run, not saved
On 6118 out of 10000
On 6119 out of 10000
On 6120 out of 10000
On 6121 out of 10000
Failed run, not saved
On 6121 out of 10000
Failed run, not saved
On 6121 out of 10000
Failed run, not saved
On 6121 out of 10000
Failed run, not saved
On 6121 out of 10000
Failed run, not saved
On 6121 out of 10000
Failed run, not saved
On 6121 out of 10000
Failed run, not saved
On 6121 out of 10000
Failed run, not saved
On 6121 out of 10000
Failed run, not saved
On 6121 out of 10000
Failed run, not saved
On 6121 out of 10000
Failed run, not saved
		FAILED TOO MANY TIMES, TRYING ANOTHER ENVIRONMENT
On 6121 out of 10000
On 6122 out of 10000
On 6123 out of 10000
On 6124 out of 10000
On 6125 out of 10000
On 6126 out of 10000
Failed run, not saved
On 6126 out of 10000
On 6127 out of 10000
Failed run, not saved
On 6127 out of 10000
Failed run, not saved
On 6127 out of 10000
On 6128 out of 10000
On 6129 out of 10000
On 6130 out of 10000
On 6131 out of 10000
Failed run, not saved
On 6131 out of 10000
On 6132 out of 10000
On 6133 out of 10000
On 6134 out of 10000
Failed run, not saved
On 6134 out of 10000
Failed run, not saved
On 6134 out of 10000
Failed run, not saved
On 6134 out of 10000
Failed run, not saved
On 6134 out of 10000
Failed run, not saved
On 6134 out of 10000
Failed run, not saved
On 6134 out of 10000
Failed run, not saved
On 6134 out of 10000
Failed run, not saved
On 6134 out of 10000
Failed run, not saved
On 6134 out of 10000
Failed run, not saved
On 6134 out of 10000
Failed run, not saved
		FAILED TOO MANY TIMES, TRYING ANOTHER ENVIRONMENT
On 6134 out of 10000
Failed run, not saved
		FAILED TOO MANY TIMES, TRYING ANOTHER ENVIRONMENT
On 6134 out of 10000
On 6135 out of 10000
On 6136 out of 10000
On 6137 out of 10000
Failed run, not saved
On 6137 out of 10000
Failed run, not saved
On 6137 out of 10000
On 6138 out of 10000
On 6139 out of 10000
On 6140 out of 10000
On 6141 out of 10000
On 6142 out of 10000
Failed run, not saved
On 6142 out of 10000
On 6143 out of 10000
On 6144 out of 10000
On 6145 out of 10000
On 6146 out of 10000
Failed run, not saved
On 6146 out of 10000
Failed run, not saved
On 6146 out of 10000
On 6147 out of 10000
On 6148 out of 10000
On 6149 out of 10000
Failed run, not saved
On 6149 out of 10000
Failed run, not saved
On 6149 out of 10000
Failed run, not saved
On 6149 out of 10000
Failed run, not saved
On 6149 out of 10000
Failed run, not saved
On 6149 out of 10000
Failed run, not saved
On 6149 out of 10000
Failed run, not saved
On 6149 out of 10000
Failed run, not saved
On 6149 out of 10000
Failed run, not saved
On 6149 out of 10000
Failed run, not saved
On 6149 out of 10000
Failed run, not saved
		FAILED TOO MANY TIMES, TRYING ANOTHER ENVIRONMENT
On 6149 out of 10000
On 6150 out of 10000
On 6151 out of 10000
On 6152 out of 10000
On 6153 out of 10000
On 6154 out of 10000
On 6155 out of 10000
Failed run, not saved
On 6155 out of 10000
On 6156 out of 10000
Failed run, not saved
On 6156 out of 10000
On 6157 out of 10000
On 6158 out of 10000
On 6159 out of 10000
On 6160 out of 10000
Failed run, not saved
On 6160 out of 10000
Failed run, not saved
On 6160 out of 10000
Failed run, not saved
On 6160 out of 10000
Failed run, not saved
On 6160 out of 10000
Failed run, not saved
On 6160 out of 10000
Failed run, not saved
On 6160 out of 10000
Failed run, not saved
On 6160 out of 10000
Failed run, not saved
On 6160 out of 10000
Failed run, not saved
On 6160 out of 10000
Failed run, not saved
On 6160 out of 10000
Failed run, not saved
		FAILED TOO MANY TIMES, TRYING ANOTHER ENVIRONMENT
On 6160 out of 10000
On 6161 out of 10000
On 6162 out of 10000
On 6163 out of 10000
On 6164 out of 10000
Failed run, not saved
On 6164 out of 10000
On 6165 out of 10000
Failed run, not saved
On 6165 out of 10000
On 6166 out of 10000
On 6167 out of 10000
Failed run, not saved
On 6167 out of 10000
On 6168 out of 10000
On 6169 out of 10000
On 6170 out of 10000
On 6171 out of 10000
On 6172 out of 10000
On 6173 out of 10000
On 6174 out of 10000
On 6175 out of 10000
Failed run, not saved
On 6175 out of 10000
Failed run, not saved
On 6175 out of 10000
On 6176 out of 10000
On 6177 out of 10000
On 6178 out of 10000
On 6179 out of 10000
On 6180 out of 10000
On 6181 out of 10000
On 6182 out of 10000
On 6183 out of 10000
On 6184 out of 10000
Failed run, not saved
On 6184 out of 10000
On 6185 out of 10000
Failed run, not saved
On 6185 out of 10000
On 6186 out of 10000
Failed run, not saved
On 6186 out of 10000
Failed run, not saved
On 6186 out of 10000
On 6187 out of 10000
Failed run, not saved
On 6187 out of 10000
Failed run, not saved
On 6187 out of 10000
Failed run, not saved
On 6187 out of 10000
Failed run, not saved
On 6187 out of 10000
Failed run, not saved
On 6187 out of 10000
Failed run, not saved
On 6187 out of 10000
Failed run, not saved
On 6187 out of 10000
Failed run, not saved
On 6187 out of 10000
Failed run, not saved
On 6187 out of 10000
Failed run, not saved
On 6187 out of 10000
Failed run, not saved
		FAILED TOO MANY TIMES, TRYING ANOTHER ENVIRONMENT
On 6187 out of 10000
On 6188 out of 10000
On 6189 out of 10000
On 6190 out of 10000
On 6191 out of 10000
On 6192 out of 10000
On 6193 out of 10000
On 6194 out of 10000
Failed run, not saved
On 6194 out of 10000
On 6195 out of 10000
On 6196 out of 10000
On 6197 out of 10000
On 6198 out of 10000
Failed run, not saved
On 6198 out of 10000
Failed run, not saved
On 6198 out of 10000
Failed run, not saved
On 6198 out of 10000
On 6199 out of 10000
On 6200 out of 10000
Failed run, not saved
On 6200 out of 10000
Failed run, not saved
On 6200 out of 10000
On 6201 out of 10000
On 6202 out of 10000
On 6203 out of 10000
On 6204 out of 10000
On 6205 out of 10000
On 6206 out of 10000
On 6207 out of 10000
On 6208 out of 10000
Failed run, not saved
On 6208 out of 10000
Failed run, not saved
On 6208 out of 10000
Failed run, not saved
On 6208 out of 10000
Failed run, not saved
On 6208 out of 10000
Failed run, not saved
On 6208 out of 10000
Failed run, not saved
On 6208 out of 10000
Failed run, not saved
On 6208 out of 10000
Failed run, not saved
On 6208 out of 10000
Failed run, not saved
On 6208 out of 10000
Failed run, not saved
On 6208 out of 10000
On 6209 out of 10000
On 6210 out of 10000
On 6211 out of 10000
On 6212 out of 10000
On 6213 out of 10000
Failed run, not saved
On 6213 out of 10000
Failed run, not saved
On 6213 out of 10000
Failed run, not saved
On 6213 out of 10000
Failed run, not saved
On 6213 out of 10000
Failed run, not saved
On 6213 out of 10000
Failed run, not saved
On 6213 out of 10000
Failed run, not saved
On 6213 out of 10000
Failed run, not saved
On 6213 out of 10000
Failed run, not saved
On 6213 out of 10000
Failed run, not saved
On 6213 out of 10000
Failed run, not saved
		FAILED TOO MANY TIMES, TRYING ANOTHER ENVIRONMENT
On 6213 out of 10000
On 6214 out of 10000
On 6215 out of 10000
Failed run, not saved
On 6215 out of 10000
Failed run, not saved
On 6215 out of 10000
Failed run, not saved
On 6215 out of 10000
On 6216 out of 10000
Failed run, not saved
On 6216 out of 10000
Failed run, not saved
On 6216 out of 10000
Failed run, not saved
On 6216 out of 10000
Failed run, not saved
On 6216 out of 10000
Failed run, not saved
On 6216 out of 10000
Failed run, not saved
On 6216 out of 10000
Failed run, not saved
On 6216 out of 10000
Failed run, not saved
On 6216 out of 10000
Failed run, not saved
On 6216 out of 10000
Failed run, not saved
On 6216 out of 10000
Failed run, not saved
		FAILED TOO MANY TIMES, TRYING ANOTHER ENVIRONMENT
On 6216 out of 10000
Failed run, not saved
		FAILED TOO MANY TIMES, TRYING ANOTHER ENVIRONMENT
On 6216 out of 10000
On 6217 out of 10000
On 6218 out of 10000
On 6219 out of 10000
On 6220 out of 10000
On 6221 out of 10000
Failed run, not saved
On 6221 out of 10000
On 6222 out of 10000
Failed run, not saved
On 6222 out of 10000
On 6223 out of 10000
On 6224 out of 10000
On 6225 out of 10000
On 6226 out of 10000
Failed run, not saved
On 6226 out of 10000
Failed run, not saved
On 6226 out of 10000
Failed run, not saved
On 6226 out of 10000
Failed run, not saved
On 6226 out of 10000
Failed run, not saved
On 6226 out of 10000
Failed run, not saved
On 6226 out of 10000
Failed run, not saved
On 6226 out of 10000
Failed run, not saved
On 6226 out of 10000
Failed run, not saved
On 6226 out of 10000
Failed run, not saved
On 6226 out of 10000
Failed run, not saved
		FAILED TOO MANY TIMES, TRYING ANOTHER ENVIRONMENT
On 6226 out of 10000
On 6227 out of 10000
Failed run, not saved
On 6227 out of 10000
Failed run, not saved
On 6227 out of 10000
Failed run, not saved
On 6227 out of 10000
On 6228 out of 10000
On 6229 out of 10000
On 6230 out of 10000
On 6231 out of 10000
Failed run, not saved
On 6231 out of 10000
On 6232 out of 10000
On 6233 out of 10000
On 6234 out of 10000
On 6235 out of 10000
Failed run, not saved
On 6235 out of 10000
Failed run, not saved
On 6235 out of 10000
Failed run, not saved
On 6235 out of 10000
Failed run, not saved
On 6235 out of 10000
Failed run, not saved
On 6235 out of 10000
Failed run, not saved
On 6235 out of 10000
Failed run, not saved
On 6235 out of 10000
Failed run, not saved
On 6235 out of 10000
Failed run, not saved
On 6235 out of 10000
Failed run, not saved
On 6235 out of 10000
Failed run, not saved
		FAILED TOO MANY TIMES, TRYING ANOTHER ENVIRONMENT
On 6235 out of 10000
On 6236 out of 10000
On 6237 out of 10000
On 6238 out of 10000
On 6239 out of 10000
On 6240 out of 10000
On 6241 out of 10000
On 6242 out of 10000
On 6243 out of 10000
On 6244 out of 10000
On 6245 out of 10000
Failed run, not saved
On 6245 out of 10000
On 6246 out of 10000
Failed run, not saved
On 6246 out of 10000
Failed run, not saved
On 6246 out of 10000
Failed run, not saved
On 6246 out of 10000
On 6247 out of 10000
On 6248 out of 10000
On 6249 out of 10000
On 6250 out of 10000
On 6251 out of 10000
On 6252 out of 10000
Failed run, not saved
On 6252 out of 10000
On 6253 out of 10000
Failed run, not saved
On 6253 out of 10000
Failed run, not saved
On 6253 out of 10000
Failed run, not saved
On 6253 out of 10000
Failed run, not saved
On 6253 out of 10000
Failed run, not saved
On 6253 out of 10000
Failed run, not saved
On 6253 out of 10000
Failed run, not saved
On 6253 out of 10000
Failed run, not saved
On 6253 out of 10000
Failed run, not saved
On 6253 out of 10000
Failed run, not saved
On 6253 out of 10000
On 6254 out of 10000
On 6255 out of 10000
On 6256 out of 10000
On 6257 out of 10000
Failed run, not saved
On 6257 out of 10000
Failed run, not saved
On 6257 out of 10000
Failed run, not saved
On 6257 out of 10000
Failed run, not saved
On 6257 out of 10000
Failed run, not saved
On 6257 out of 10000
Failed run, not saved
On 6257 out of 10000
Failed run, not saved
On 6257 out of 10000
Failed run, not saved
On 6257 out of 10000
Failed run, not saved
On 6257 out of 10000
Failed run, not saved
On 6257 out of 10000
Failed run, not saved
		FAILED TOO MANY TIMES, TRYING ANOTHER ENVIRONMENT
On 6257 out of 10000
On 6258 out of 10000
On 6259 out of 10000
On 6260 out of 10000
On 6261 out of 10000
Failed run, not saved
On 6261 out of 10000
Failed run, not saved
On 6261 out of 10000
On 6262 out of 10000
On 6263 out of 10000
On 6264 out of 10000
On 6265 out of 10000
On 6266 out of 10000
Failed run, not saved
On 6266 out of 10000
Failed run, not saved
On 6266 out of 10000
Failed run, not saved
On 6266 out of 10000
Failed run, not saved
On 6266 out of 10000
Failed run, not saved
On 6266 out of 10000
Failed run, not saved
On 6266 out of 10000
Failed run, not saved
On 6266 out of 10000
Failed run, not saved
On 6266 out of 10000
Failed run, not saved
On 6266 out of 10000
Failed run, not saved
On 6266 out of 10000
Failed run, not saved
		FAILED TOO MANY TIMES, TRYING ANOTHER ENVIRONMENT
On 6266 out of 10000
On 6267 out of 10000
On 6268 out of 10000
Failed run, not saved
On 6268 out of 10000
Failed run, not saved
On 6268 out of 10000
Failed run, not saved
On 6268 out of 10000
Failed run, not saved
On 6268 out of 10000
Failed run, not saved
On 6268 out of 10000
Failed run, not saved
On 6268 out of 10000
Failed run, not saved
On 6268 out of 10000
Failed run, not saved
On 6268 out of 10000
Failed run, not saved
On 6268 out of 10000
Failed run, not saved
On 6268 out of 10000
Failed run, not saved
		FAILED TOO MANY TIMES, TRYING ANOTHER ENVIRONMENT
On 6268 out of 10000
Failed run, not saved
		FAILED TOO MANY TIMES, TRYING ANOTHER ENVIRONMENT
On 6268 out of 10000
On 6269 out of 10000
On 6270 out of 10000
On 6271 out of 10000
On 6272 out of 10000
On 6273 out of 10000
On 6274 out of 10000
On 6275 out of 10000
Failed run, not saved
On 6275 out of 10000
On 6276 out of 10000
On 6277 out of 10000
On 6278 out of 10000
On 6279 out of 10000
Failed run, not saved
On 6279 out of 10000
Failed run, not saved
On 6279 out of 10000
On 6280 out of 10000
On 6281 out of 10000
Failed run, not saved
On 6281 out of 10000
On 6282 out of 10000
On 6283 out of 10000
On 6284 out of 10000
On 6285 out of 10000
Failed run, not saved
On 6285 out of 10000
On 6286 out of 10000
On 6287 out of 10000
On 6288 out of 10000
Failed run, not saved
On 6288 out of 10000
On 6289 out of 10000
On 6290 out of 10000
On 6291 out of 10000
On 6292 out of 10000
Failed run, not saved
On 6292 out of 10000
On 6293 out of 10000
On 6294 out of 10000
On 6295 out of 10000
On 6296 out of 10000
On 6297 out of 10000
On 6298 out of 10000
Failed run, not saved
On 6298 out of 10000
Failed run, not saved
On 6298 out of 10000
Failed run, not saved
On 6298 out of 10000
Failed run, not saved
On 6298 out of 10000
Failed run, not saved
On 6298 out of 10000
Failed run, not saved
On 6298 out of 10000
Failed run, not saved
On 6298 out of 10000
Failed run, not saved
On 6298 out of 10000
On 6299 out of 10000
On 6300 out of 10000
Failed run, not saved
On 6300 out of 10000
Failed run, not saved
On 6300 out of 10000
On 6301 out of 10000
Failed run, not saved
On 6301 out of 10000
Failed run, not saved
On 6301 out of 10000
Failed run, not saved
On 6301 out of 10000
Failed run, not saved
On 6301 out of 10000
Failed run, not saved
On 6301 out of 10000
Failed run, not saved
On 6301 out of 10000
Failed run, not saved
On 6301 out of 10000
Failed run, not saved
On 6301 out of 10000
Failed run, not saved
On 6301 out of 10000
Failed run, not saved
On 6301 out of 10000
Failed run, not saved
		FAILED TOO MANY TIMES, TRYING ANOTHER ENVIRONMENT
On 6301 out of 10000
On 6302 out of 10000
On 6303 out of 10000
Failed run, not saved
On 6303 out of 10000
On 6304 out of 10000
On 6305 out of 10000
On 6306 out of 10000
Failed run, not saved
On 6306 out of 10000
On 6307 out of 10000
Failed run, not saved
On 6307 out of 10000
On 6308 out of 10000
On 6309 out of 10000
On 6310 out of 10000
On 6311 out of 10000
On 6312 out of 10000
On 6313 out of 10000
Failed run, not saved
On 6313 out of 10000
Failed run, not saved
On 6313 out of 10000
Failed run, not saved
On 6313 out of 10000
Failed run, not saved
On 6313 out of 10000
Failed run, not saved
On 6313 out of 10000
Failed run, not saved
On 6313 out of 10000
Failed run, not saved
On 6313 out of 10000
Failed run, not saved
On 6313 out of 10000
Failed run, not saved
On 6313 out of 10000
Failed run, not saved
On 6313 out of 10000
Failed run, not saved
		FAILED TOO MANY TIMES, TRYING ANOTHER ENVIRONMENT
On 6313 out of 10000
On 6314 out of 10000
On 6315 out of 10000
On 6316 out of 10000
On 6317 out of 10000
On 6318 out of 10000
On 6319 out of 10000
Failed run, not saved
On 6319 out of 10000
Failed run, not saved
On 6319 out of 10000
Failed run, not saved
On 6319 out of 10000
On 6320 out of 10000
On 6321 out of 10000
Failed run, not saved
On 6321 out of 10000
Failed run, not saved
On 6321 out of 10000
On 6322 out of 10000
On 6323 out of 10000
On 6324 out of 10000
On 6325 out of 10000
On 6326 out of 10000
Failed run, not saved
On 6326 out of 10000
Failed run, not saved
On 6326 out of 10000
Failed run, not saved
On 6326 out of 10000
Failed run, not saved
On 6326 out of 10000
Failed run, not saved
On 6326 out of 10000
Failed run, not saved
On 6326 out of 10000
Failed run, not saved
On 6326 out of 10000
Failed run, not saved
On 6326 out of 10000
Failed run, not saved
On 6326 out of 10000
Failed run, not saved
On 6326 out of 10000
Failed run, not saved
		FAILED TOO MANY TIMES, TRYING ANOTHER ENVIRONMENT
On 6326 out of 10000
On 6327 out of 10000
On 6328 out of 10000
On 6329 out of 10000
On 6330 out of 10000
On 6331 out of 10000
On 6332 out of 10000
On 6333 out of 10000
Failed run, not saved
On 6333 out of 10000
Failed run, not saved
On 6333 out of 10000
Failed run, not saved
On 6333 out of 10000
Failed run, not saved
On 6333 out of 10000
Failed run, not saved
On 6333 out of 10000
Failed run, not saved
On 6333 out of 10000
Failed run, not saved
On 6333 out of 10000
Failed run, not saved
On 6333 out of 10000
Failed run, not saved
On 6333 out of 10000
Failed run, not saved
On 6333 out of 10000
Failed run, not saved
		FAILED TOO MANY TIMES, TRYING ANOTHER ENVIRONMENT
On 6333 out of 10000
Failed run, not saved
		FAILED TOO MANY TIMES, TRYING ANOTHER ENVIRONMENT
On 6333 out of 10000
Failed run, not saved
		FAILED TOO MANY TIMES, TRYING ANOTHER ENVIRONMENT
On 6333 out of 10000
Failed run, not saved
		FAILED TOO MANY TIMES, TRYING ANOTHER ENVIRONMENT
On 6333 out of 10000
On 6334 out of 10000
On 6335 out of 10000
On 6336 out of 10000
On 6337 out of 10000
Failed run, not saved
On 6337 out of 10000
On 6338 out of 10000
Failed run, not saved
On 6338 out of 10000
Failed run, not saved
On 6338 out of 10000
Failed run, not saved
On 6338 out of 10000
On 6339 out of 10000
On 6340 out of 10000
On 6341 out of 10000
Failed run, not saved
On 6341 out of 10000
On 6342 out of 10000
Failed run, not saved
On 6342 out of 10000
Failed run, not saved
On 6342 out of 10000
Failed run, not saved
On 6342 out of 10000
Failed run, not saved
On 6342 out of 10000
Failed run, not saved
On 6342 out of 10000
Failed run, not saved
On 6342 out of 10000
Failed run, not saved
On 6342 out of 10000
Failed run, not saved
On 6342 out of 10000
Failed run, not saved
On 6342 out of 10000
Failed run, not saved
On 6342 out of 10000
Failed run, not saved
		FAILED TOO MANY TIMES, TRYING ANOTHER ENVIRONMENT
On 6342 out of 10000
On 6343 out of 10000
Failed run, not saved
On 6343 out of 10000
Failed run, not saved
On 6343 out of 10000
On 6344 out of 10000
Failed run, not saved
On 6344 out of 10000
Failed run, not saved
On 6344 out of 10000
Failed run, not saved
On 6344 out of 10000
Failed run, not saved
On 6344 out of 10000
Failed run, not saved
On 6344 out of 10000
On 6345 out of 10000
Failed run, not saved
On 6345 out of 10000
Failed run, not saved
On 6345 out of 10000
On 6346 out of 10000
On 6347 out of 10000
On 6348 out of 10000
On 6349 out of 10000
On 6350 out of 10000
On 6351 out of 10000
On 6352 out of 10000
On 6353 out of 10000
On 6354 out of 10000
On 6355 out of 10000
Failed run, not saved
On 6355 out of 10000
Failed run, not saved
On 6355 out of 10000
Failed run, not saved
On 6355 out of 10000
On 6356 out of 10000
Failed run, not saved
On 6356 out of 10000
On 6357 out of 10000
Failed run, not saved
On 6357 out of 10000
Failed run, not saved
On 6357 out of 10000
Failed run, not saved
On 6357 out of 10000
Failed run, not saved
On 6357 out of 10000
Failed run, not saved
On 6357 out of 10000
Failed run, not saved
On 6357 out of 10000
Failed run, not saved
On 6357 out of 10000
Failed run, not saved
On 6357 out of 10000
Failed run, not saved
On 6357 out of 10000
Failed run, not saved
On 6357 out of 10000
Failed run, not saved
		FAILED TOO MANY TIMES, TRYING ANOTHER ENVIRONMENT
On 6357 out of 10000
On 6358 out of 10000
On 6359 out of 10000
On 6360 out of 10000
On 6361 out of 10000
On 6362 out of 10000
On 6363 out of 10000
On 6364 out of 10000
On 6365 out of 10000
Failed run, not saved
On 6365 out of 10000
Failed run, not saved
On 6365 out of 10000
On 6366 out of 10000
On 6367 out of 10000
On 6368 out of 10000
On 6369 out of 10000
On 6370 out of 10000
On 6371 out of 10000
On 6372 out of 10000
On 6373 out of 10000
On 6374 out of 10000
On 6375 out of 10000
On 6376 out of 10000
On 6377 out of 10000
Failed run, not saved
On 6377 out of 10000
Failed run, not saved
On 6377 out of 10000
On 6378 out of 10000
On 6379 out of 10000
On 6380 out of 10000
On 6381 out of 10000
Failed run, not saved
On 6381 out of 10000
Failed run, not saved
On 6381 out of 10000
Failed run, not saved
On 6381 out of 10000
Failed run, not saved
On 6381 out of 10000
Failed run, not saved
On 6381 out of 10000
Failed run, not saved
On 6381 out of 10000
Failed run, not saved
On 6381 out of 10000
Failed run, not saved
On 6381 out of 10000
Failed run, not saved
On 6381 out of 10000
Failed run, not saved
On 6381 out of 10000
Failed run, not saved
		FAILED TOO MANY TIMES, TRYING ANOTHER ENVIRONMENT
On 6381 out of 10000
On 6382 out of 10000
On 6383 out of 10000
On 6384 out of 10000
Failed run, not saved
On 6384 out of 10000
Failed run, not saved
On 6384 out of 10000
On 6385 out of 10000
On 6386 out of 10000
On 6387 out of 10000
Failed run, not saved
On 6387 out of 10000
Failed run, not saved
On 6387 out of 10000
Failed run, not saved
On 6387 out of 10000
Failed run, not saved
On 6387 out of 10000
Failed run, not saved
On 6387 out of 10000
Failed run, not saved
On 6387 out of 10000
Failed run, not saved
On 6387 out of 10000
Failed run, not saved
On 6387 out of 10000
On 6388 out of 10000
On 6389 out of 10000
On 6390 out of 10000
On 6391 out of 10000
Failed run, not saved
On 6391 out of 10000
Failed run, not saved
On 6391 out of 10000
Failed run, not saved
On 6391 out of 10000
On 6392 out of 10000
On 6393 out of 10000
On 6394 out of 10000
On 6395 out of 10000
Failed run, not saved
On 6395 out of 10000
On 6396 out of 10000
Failed run, not saved
On 6396 out of 10000
On 6397 out of 10000
Failed run, not saved
On 6397 out of 10000
On 6398 out of 10000
Failed run, not saved
On 6398 out of 10000
On 6399 out of 10000
Failed run, not saved
On 6399 out of 10000
Failed run, not saved
On 6399 out of 10000
Failed run, not saved
On 6399 out of 10000
On 6400 out of 10000
Failed run, not saved
On 6400 out of 10000
On 6401 out of 10000
On 6402 out of 10000
On 6403 out of 10000
Failed run, not saved
On 6403 out of 10000
On 6404 out of 10000
On 6405 out of 10000
On 6406 out of 10000
On 6407 out of 10000
On 6408 out of 10000
On 6409 out of 10000
On 6410 out of 10000
On 6411 out of 10000
On 6412 out of 10000
Failed run, not saved
On 6412 out of 10000
On 6413 out of 10000
On 6414 out of 10000
On 6415 out of 10000
On 6416 out of 10000
On 6417 out of 10000
Failed run, not saved
On 6417 out of 10000
On 6418 out of 10000
Failed run, not saved
On 6418 out of 10000
Failed run, not saved
On 6418 out of 10000
Failed run, not saved
On 6418 out of 10000
Failed run, not saved
On 6418 out of 10000
Failed run, not saved
On 6418 out of 10000
Failed run, not saved
On 6418 out of 10000
Failed run, not saved
On 6418 out of 10000
Failed run, not saved
On 6418 out of 10000
Failed run, not saved
On 6418 out of 10000
On 6419 out of 10000
On 6420 out of 10000
On 6421 out of 10000
On 6422 out of 10000
Failed run, not saved
On 6422 out of 10000
Failed run, not saved
On 6422 out of 10000
Failed run, not saved
On 6422 out of 10000
On 6423 out of 10000
On 6424 out of 10000
On 6425 out of 10000
Failed run, not saved
On 6425 out of 10000
Failed run, not saved
On 6425 out of 10000
Failed run, not saved
On 6425 out of 10000
Failed run, not saved
On 6425 out of 10000
Failed run, not saved
On 6425 out of 10000
Failed run, not saved
On 6425 out of 10000
Failed run, not saved
On 6425 out of 10000
On 6426 out of 10000
On 6427 out of 10000
On 6428 out of 10000
On 6429 out of 10000
On 6430 out of 10000
On 6431 out of 10000
On 6432 out of 10000
On 6433 out of 10000
Failed run, not saved
On 6433 out of 10000
Failed run, not saved
On 6433 out of 10000
Failed run, not saved
On 6433 out of 10000
Failed run, not saved
On 6433 out of 10000
Failed run, not saved
On 6433 out of 10000
Failed run, not saved
On 6433 out of 10000
Failed run, not saved
On 6433 out of 10000
Failed run, not saved
On 6433 out of 10000
Failed run, not saved
On 6433 out of 10000
Failed run, not saved
On 6433 out of 10000
Failed run, not saved
		FAILED TOO MANY TIMES, TRYING ANOTHER ENVIRONMENT
On 6433 out of 10000
Failed run, not saved
		FAILED TOO MANY TIMES, TRYING ANOTHER ENVIRONMENT
On 6433 out of 10000
On 6434 out of 10000
On 6435 out of 10000
On 6436 out of 10000
On 6437 out of 10000
On 6438 out of 10000
On 6439 out of 10000
Failed run, not saved
On 6439 out of 10000
Failed run, not saved
On 6439 out of 10000
On 6440 out of 10000
Failed run, not saved
On 6440 out of 10000
Failed run, not saved
On 6440 out of 10000
Failed run, not saved
On 6440 out of 10000
Failed run, not saved
On 6440 out of 10000
On 6441 out of 10000
On 6442 out of 10000
On 6443 out of 10000
On 6444 out of 10000
On 6445 out of 10000
On 6446 out of 10000
On 6447 out of 10000
On 6448 out of 10000
On 6449 out of 10000
On 6450 out of 10000
On 6451 out of 10000
On 6452 out of 10000
On 6453 out of 10000
On 6454 out of 10000
On 6455 out of 10000
On 6456 out of 10000
On 6457 out of 10000
On 6458 out of 10000
Failed run, not saved
On 6458 out of 10000
Failed run, not saved
On 6458 out of 10000
Failed run, not saved
On 6458 out of 10000
Failed run, not saved
On 6458 out of 10000
Failed run, not saved
On 6458 out of 10000
On 6459 out of 10000
On 6460 out of 10000
On 6461 out of 10000
Failed run, not saved
On 6461 out of 10000
On 6462 out of 10000
On 6463 out of 10000
On 6464 out of 10000
On 6465 out of 10000
Failed run, not saved
On 6465 out of 10000
On 6466 out of 10000
On 6467 out of 10000
Failed run, not saved
On 6467 out of 10000
On 6468 out of 10000
On 6469 out of 10000
Failed run, not saved
On 6469 out of 10000
On 6470 out of 10000
On 6471 out of 10000
Failed run, not saved
On 6471 out of 10000
Failed run, not saved
On 6471 out of 10000
Failed run, not saved
On 6471 out of 10000
Failed run, not saved
On 6471 out of 10000
Failed run, not saved
On 6471 out of 10000
Failed run, not saved
On 6471 out of 10000
On 6472 out of 10000
On 6473 out of 10000
On 6474 out of 10000
On 6475 out of 10000
On 6476 out of 10000
Failed run, not saved
On 6476 out of 10000
On 6477 out of 10000
On 6478 out of 10000
On 6479 out of 10000
On 6480 out of 10000
On 6481 out of 10000
On 6482 out of 10000
On 6483 out of 10000
On 6484 out of 10000
On 6485 out of 10000
On 6486 out of 10000
On 6487 out of 10000
On 6488 out of 10000
On 6489 out of 10000
On 6490 out of 10000
On 6491 out of 10000
Failed run, not saved
On 6491 out of 10000
Failed run, not saved
On 6491 out of 10000
On 6492 out of 10000
On 6493 out of 10000
Failed run, not saved
On 6493 out of 10000
Failed run, not saved
On 6493 out of 10000
On 6494 out of 10000
On 6495 out of 10000
On 6496 out of 10000
On 6497 out of 10000
On 6498 out of 10000
On 6499 out of 10000
On 6500 out of 10000
On 6501 out of 10000
On 6502 out of 10000
On 6503 out of 10000
On 6504 out of 10000
On 6505 out of 10000
On 6506 out of 10000
On 6507 out of 10000
On 6508 out of 10000
Failed run, not saved
On 6508 out of 10000
On 6509 out of 10000
Failed run, not saved
On 6509 out of 10000
Failed run, not saved
On 6509 out of 10000
Failed run, not saved
On 6509 out of 10000
Failed run, not saved
On 6509 out of 10000
Failed run, not saved
On 6509 out of 10000
Failed run, not saved
On 6509 out of 10000
On 6510 out of 10000
Failed run, not saved
On 6510 out of 10000
Failed run, not saved
On 6510 out of 10000
Failed run, not saved
On 6510 out of 10000
Failed run, not saved
On 6510 out of 10000
Failed run, not saved
On 6510 out of 10000
Failed run, not saved
On 6510 out of 10000
Failed run, not saved
On 6510 out of 10000
Failed run, not saved
On 6510 out of 10000
Failed run, not saved
On 6510 out of 10000
Failed run, not saved
On 6510 out of 10000
Failed run, not saved
		FAILED TOO MANY TIMES, TRYING ANOTHER ENVIRONMENT
On 6510 out of 10000
On 6511 out of 10000
Failed run, not saved
On 6511 out of 10000
Failed run, not saved
On 6511 out of 10000
Failed run, not saved
On 6511 out of 10000
Failed run, not saved
On 6511 out of 10000
Failed run, not saved
On 6511 out of 10000
Failed run, not saved
On 6511 out of 10000
Failed run, not saved
On 6511 out of 10000
Failed run, not saved
On 6511 out of 10000
Failed run, not saved
On 6511 out of 10000
On 6512 out of 10000
Failed run, not saved
On 6512 out of 10000
Failed run, not saved
On 6512 out of 10000
Failed run, not saved
On 6512 out of 10000
On 6513 out of 10000
On 6514 out of 10000
On 6515 out of 10000
On 6516 out of 10000
On 6517 out of 10000
On 6518 out of 10000
On 6519 out of 10000
Failed run, not saved
On 6519 out of 10000
Failed run, not saved
On 6519 out of 10000
Failed run, not saved
On 6519 out of 10000
Failed run, not saved
On 6519 out of 10000
Failed run, not saved
On 6519 out of 10000
Failed run, not saved
On 6519 out of 10000
Failed run, not saved
On 6519 out of 10000
Failed run, not saved
On 6519 out of 10000
Failed run, not saved
On 6519 out of 10000
Failed run, not saved
On 6519 out of 10000
Failed run, not saved
		FAILED TOO MANY TIMES, TRYING ANOTHER ENVIRONMENT
On 6519 out of 10000
Failed run, not saved
		FAILED TOO MANY TIMES, TRYING ANOTHER ENVIRONMENT
On 6519 out of 10000
On 6520 out of 10000
On 6521 out of 10000
On 6522 out of 10000
On 6523 out of 10000
Failed run, not saved
On 6523 out of 10000
Failed run, not saved
On 6523 out of 10000
Failed run, not saved
On 6523 out of 10000
Failed run, not saved
On 6523 out of 10000
Failed run, not saved
On 6523 out of 10000
Failed run, not saved
On 6523 out of 10000
Failed run, not saved
On 6523 out of 10000
Failed run, not saved
On 6523 out of 10000
Failed run, not saved
On 6523 out of 10000
Failed run, not saved
On 6523 out of 10000
Failed run, not saved
		FAILED TOO MANY TIMES, TRYING ANOTHER ENVIRONMENT
On 6523 out of 10000
On 6524 out of 10000
Failed run, not saved
On 6524 out of 10000
Failed run, not saved
On 6524 out of 10000
Failed run, not saved
On 6524 out of 10000
Failed run, not saved
On 6524 out of 10000
Failed run, not saved
On 6524 out of 10000
Failed run, not saved
On 6524 out of 10000
Failed run, not saved
On 6524 out of 10000
Failed run, not saved
On 6524 out of 10000
Failed run, not saved
On 6524 out of 10000
Failed run, not saved
On 6524 out of 10000
Failed run, not saved
		FAILED TOO MANY TIMES, TRYING ANOTHER ENVIRONMENT
On 6524 out of 10000
On 6525 out of 10000
On 6526 out of 10000
On 6527 out of 10000
On 6528 out of 10000
On 6529 out of 10000
On 6530 out of 10000
On 6531 out of 10000
On 6532 out of 10000
On 6533 out of 10000
On 6534 out of 10000
On 6535 out of 10000
Failed run, not saved
On 6535 out of 10000
Failed run, not saved
On 6535 out of 10000
Failed run, not saved
On 6535 out of 10000
Failed run, not saved
On 6535 out of 10000
Failed run, not saved
On 6535 out of 10000
On 6536 out of 10000
On 6537 out of 10000
Failed run, not saved
On 6537 out of 10000
Failed run, not saved
On 6537 out of 10000
On 6538 out of 10000
Failed run, not saved
On 6538 out of 10000
Failed run, not saved
On 6538 out of 10000
Failed run, not saved
On 6538 out of 10000
On 6539 out of 10000
On 6540 out of 10000
On 6541 out of 10000
On 6542 out of 10000
Failed run, not saved
On 6542 out of 10000
On 6543 out of 10000
Failed run, not saved
On 6543 out of 10000
Failed run, not saved
On 6543 out of 10000
Failed run, not saved
On 6543 out of 10000
Failed run, not saved
On 6543 out of 10000
Failed run, not saved
On 6543 out of 10000
On 6544 out of 10000
Failed run, not saved
On 6544 out of 10000
Failed run, not saved
On 6544 out of 10000
Failed run, not saved
On 6544 out of 10000
Failed run, not saved
On 6544 out of 10000
Failed run, not saved
On 6544 out of 10000
Failed run, not saved
On 6544 out of 10000
Failed run, not saved
On 6544 out of 10000
Failed run, not saved
On 6544 out of 10000
Failed run, not saved
On 6544 out of 10000
Failed run, not saved
On 6544 out of 10000
Failed run, not saved
		FAILED TOO MANY TIMES, TRYING ANOTHER ENVIRONMENT
On 6544 out of 10000
On 6545 out of 10000
On 6546 out of 10000
Failed run, not saved
On 6546 out of 10000
On 6547 out of 10000
On 6548 out of 10000
On 6549 out of 10000
Failed run, not saved
On 6549 out of 10000
Failed run, not saved
On 6549 out of 10000
On 6550 out of 10000
On 6551 out of 10000
On 6552 out of 10000
Failed run, not saved
On 6552 out of 10000
Failed run, not saved
On 6552 out of 10000
Failed run, not saved
On 6552 out of 10000
Failed run, not saved
On 6552 out of 10000
Failed run, not saved
On 6552 out of 10000
Failed run, not saved
On 6552 out of 10000
Failed run, not saved
On 6552 out of 10000
Failed run, not saved
On 6552 out of 10000
Failed run, not saved
On 6552 out of 10000
Failed run, not saved
On 6552 out of 10000
Failed run, not saved
		FAILED TOO MANY TIMES, TRYING ANOTHER ENVIRONMENT
On 6552 out of 10000
On 6553 out of 10000
On 6554 out of 10000
Failed run, not saved
On 6554 out of 10000
On 6555 out of 10000
On 6556 out of 10000
On 6557 out of 10000
On 6558 out of 10000
On 6559 out of 10000
On 6560 out of 10000
On 6561 out of 10000
On 6562 out of 10000
On 6563 out of 10000
Failed run, not saved
On 6563 out of 10000
On 6564 out of 10000
On 6565 out of 10000
On 6566 out of 10000
On 6567 out of 10000
Failed run, not saved
On 6567 out of 10000
On 6568 out of 10000
On 6569 out of 10000
Failed run, not saved
On 6569 out of 10000
On 6570 out of 10000
Failed run, not saved
On 6570 out of 10000
On 6571 out of 10000
On 6572 out of 10000
Failed run, not saved
On 6572 out of 10000
Failed run, not saved
On 6572 out of 10000
Failed run, not saved
On 6572 out of 10000
Failed run, not saved
On 6572 out of 10000
On 6573 out of 10000
Failed run, not saved
On 6573 out of 10000
On 6574 out of 10000
On 6575 out of 10000
On 6576 out of 10000
Failed run, not saved
On 6576 out of 10000
On 6577 out of 10000
Failed run, not saved
On 6577 out of 10000
On 6578 out of 10000
On 6579 out of 10000
Failed run, not saved
On 6579 out of 10000
On 6580 out of 10000
On 6581 out of 10000
On 6582 out of 10000
On 6583 out of 10000
Failed run, not saved
On 6583 out of 10000
Failed run, not saved
On 6583 out of 10000
Failed run, not saved
On 6583 out of 10000
Failed run, not saved
On 6583 out of 10000
Failed run, not saved
On 6583 out of 10000
Failed run, not saved
On 6583 out of 10000
Failed run, not saved
On 6583 out of 10000
Failed run, not saved
On 6583 out of 10000
Failed run, not saved
On 6583 out of 10000
Failed run, not saved
On 6583 out of 10000
Failed run, not saved
		FAILED TOO MANY TIMES, TRYING ANOTHER ENVIRONMENT
On 6583 out of 10000
On 6584 out of 10000
Failed run, not saved
On 6584 out of 10000
Failed run, not saved
On 6584 out of 10000
Failed run, not saved
On 6584 out of 10000
Failed run, not saved
On 6584 out of 10000
Failed run, not saved
On 6584 out of 10000
Failed run, not saved
On 6584 out of 10000
Failed run, not saved
On 6584 out of 10000
Failed run, not saved
On 6584 out of 10000
Failed run, not saved
On 6584 out of 10000
On 6585 out of 10000
Failed run, not saved
On 6585 out of 10000
Failed run, not saved
On 6585 out of 10000
Failed run, not saved
On 6585 out of 10000
On 6586 out of 10000
On 6587 out of 10000
On 6588 out of 10000
Failed run, not saved
On 6588 out of 10000
Failed run, not saved
On 6588 out of 10000
Failed run, not saved
On 6588 out of 10000
Failed run, not saved
On 6588 out of 10000
Failed run, not saved
On 6588 out of 10000
Failed run, not saved
On 6588 out of 10000
Failed run, not saved
On 6588 out of 10000
Failed run, not saved
On 6588 out of 10000
On 6589 out of 10000
Failed run, not saved
On 6589 out of 10000
Failed run, not saved
On 6589 out of 10000
Failed run, not saved
On 6589 out of 10000
Failed run, not saved
On 6589 out of 10000
Failed run, not saved
On 6589 out of 10000
Failed run, not saved
On 6589 out of 10000
Failed run, not saved
On 6589 out of 10000
Failed run, not saved
On 6589 out of 10000
Failed run, not saved
On 6589 out of 10000
Failed run, not saved
On 6589 out of 10000
Failed run, not saved
		FAILED TOO MANY TIMES, TRYING ANOTHER ENVIRONMENT
On 6589 out of 10000
On 6590 out of 10000
Failed run, not saved
On 6590 out of 10000
On 6591 out of 10000
On 6592 out of 10000
Failed run, not saved
On 6592 out of 10000
Failed run, not saved
On 6592 out of 10000
Failed run, not saved
On 6592 out of 10000
Failed run, not saved
On 6592 out of 10000
Failed run, not saved
On 6592 out of 10000
Failed run, not saved
On 6592 out of 10000
Failed run, not saved
On 6592 out of 10000
Failed run, not saved
On 6592 out of 10000
Failed run, not saved
On 6592 out of 10000
Failed run, not saved
On 6592 out of 10000
Failed run, not saved
		FAILED TOO MANY TIMES, TRYING ANOTHER ENVIRONMENT
On 6592 out of 10000
On 6593 out of 10000
On 6594 out of 10000
On 6595 out of 10000
On 6596 out of 10000
On 6597 out of 10000
On 6598 out of 10000
Failed run, not saved
On 6598 out of 10000
Failed run, not saved
On 6598 out of 10000
Failed run, not saved
On 6598 out of 10000
Failed run, not saved
On 6598 out of 10000
On 6599 out of 10000
Failed run, not saved
On 6599 out of 10000
Failed run, not saved
On 6599 out of 10000
Failed run, not saved
On 6599 out of 10000
Failed run, not saved
On 6599 out of 10000
Failed run, not saved
On 6599 out of 10000
Failed run, not saved
On 6599 out of 10000
Failed run, not saved
On 6599 out of 10000
Failed run, not saved
On 6599 out of 10000
Failed run, not saved
On 6599 out of 10000
Failed run, not saved
On 6599 out of 10000
Failed run, not saved
		FAILED TOO MANY TIMES, TRYING ANOTHER ENVIRONMENT
On 6599 out of 10000
On 6600 out of 10000
On 6601 out of 10000
On 6602 out of 10000
On 6603 out of 10000
On 6604 out of 10000
Failed run, not saved
On 6604 out of 10000
Failed run, not saved
On 6604 out of 10000
Failed run, not saved
On 6604 out of 10000
Failed run, not saved
On 6604 out of 10000
Failed run, not saved
On 6604 out of 10000
Failed run, not saved
On 6604 out of 10000
Failed run, not saved
On 6604 out of 10000
Failed run, not saved
On 6604 out of 10000
Failed run, not saved
On 6604 out of 10000
Failed run, not saved
On 6604 out of 10000
Failed run, not saved
		FAILED TOO MANY TIMES, TRYING ANOTHER ENVIRONMENT
On 6604 out of 10000
On 6605 out of 10000
On 6606 out of 10000
On 6607 out of 10000
On 6608 out of 10000
On 6609 out of 10000
On 6610 out of 10000
On 6611 out of 10000
On 6612 out of 10000
On 6613 out of 10000
On 6614 out of 10000
On 6615 out of 10000
On 6616 out of 10000
Failed run, not saved
On 6616 out of 10000
Failed run, not saved
On 6616 out of 10000
Failed run, not saved
On 6616 out of 10000
Failed run, not saved
On 6616 out of 10000
Failed run, not saved
On 6616 out of 10000
Failed run, not saved
On 6616 out of 10000
On 6617 out of 10000
On 6618 out of 10000
On 6619 out of 10000
On 6620 out of 10000
On 6621 out of 10000
On 6622 out of 10000
On 6623 out of 10000
Failed run, not saved
On 6623 out of 10000
Failed run, not saved
On 6623 out of 10000
On 6624 out of 10000
On 6625 out of 10000
On 6626 out of 10000
On 6627 out of 10000
On 6628 out of 10000
On 6629 out of 10000
Failed run, not saved
On 6629 out of 10000
Failed run, not saved
On 6629 out of 10000
On 6630 out of 10000
On 6631 out of 10000
On 6632 out of 10000
On 6633 out of 10000
On 6634 out of 10000
On 6635 out of 10000
On 6636 out of 10000
On 6637 out of 10000
On 6638 out of 10000
Failed run, not saved
On 6638 out of 10000
Failed run, not saved
On 6638 out of 10000
Failed run, not saved
On 6638 out of 10000
Failed run, not saved
On 6638 out of 10000
On 6639 out of 10000
Failed run, not saved
On 6639 out of 10000
On 6640 out of 10000
On 6641 out of 10000
On 6642 out of 10000
On 6643 out of 10000
On 6644 out of 10000
On 6645 out of 10000
On 6646 out of 10000
Failed run, not saved
On 6646 out of 10000
Failed run, not saved
On 6646 out of 10000
On 6647 out of 10000
On 6648 out of 10000
On 6649 out of 10000
On 6650 out of 10000
On 6651 out of 10000
On 6652 out of 10000
On 6653 out of 10000
On 6654 out of 10000
On 6655 out of 10000
On 6656 out of 10000
On 6657 out of 10000
On 6658 out of 10000
On 6659 out of 10000
On 6660 out of 10000
On 6661 out of 10000
On 6662 out of 10000
Failed run, not saved
On 6662 out of 10000
Failed run, not saved
On 6662 out of 10000
Failed run, not saved
On 6662 out of 10000
Failed run, not saved
On 6662 out of 10000
Failed run, not saved
On 6662 out of 10000
Failed run, not saved
On 6662 out of 10000
Failed run, not saved
On 6662 out of 10000
Failed run, not saved
On 6662 out of 10000
Failed run, not saved
On 6662 out of 10000
Failed run, not saved
On 6662 out of 10000
Failed run, not saved
		FAILED TOO MANY TIMES, TRYING ANOTHER ENVIRONMENT
On 6662 out of 10000
Failed run, not saved
		FAILED TOO MANY TIMES, TRYING ANOTHER ENVIRONMENT
On 6662 out of 10000
On 6663 out of 10000
Failed run, not saved
On 6663 out of 10000
Failed run, not saved
On 6663 out of 10000
Failed run, not saved
On 6663 out of 10000
Failed run, not saved
On 6663 out of 10000
Failed run, not saved
On 6663 out of 10000
Failed run, not saved
On 6663 out of 10000
Failed run, not saved
On 6663 out of 10000
Failed run, not saved
On 6663 out of 10000
Failed run, not saved
On 6663 out of 10000
Failed run, not saved
On 6663 out of 10000
Failed run, not saved
		FAILED TOO MANY TIMES, TRYING ANOTHER ENVIRONMENT
On 6663 out of 10000
Failed run, not saved
		FAILED TOO MANY TIMES, TRYING ANOTHER ENVIRONMENT
On 6663 out of 10000
Failed run, not saved
		FAILED TOO MANY TIMES, TRYING ANOTHER ENVIRONMENT
On 6663 out of 10000
On 6664 out of 10000
Failed run, not saved
On 6664 out of 10000
Failed run, not saved
On 6664 out of 10000
Failed run, not saved
On 6664 out of 10000
Failed run, not saved
On 6664 out of 10000
On 6665 out of 10000
Failed run, not saved
On 6665 out of 10000
Failed run, not saved
On 6665 out of 10000
Failed run, not saved
On 6665 out of 10000
Failed run, not saved
On 6665 out of 10000
Failed run, not saved
On 6665 out of 10000
Failed run, not saved
On 6665 out of 10000
Failed run, not saved
On 6665 out of 10000
Failed run, not saved
On 6665 out of 10000
Failed run, not saved
On 6665 out of 10000
Failed run, not saved
On 6665 out of 10000
Failed run, not saved
		FAILED TOO MANY TIMES, TRYING ANOTHER ENVIRONMENT
On 6665 out of 10000
On 6666 out of 10000
On 6667 out of 10000
On 6668 out of 10000
On 6669 out of 10000
On 6670 out of 10000
On 6671 out of 10000
Failed run, not saved
On 6671 out of 10000
Failed run, not saved
On 6671 out of 10000
Failed run, not saved
On 6671 out of 10000
Failed run, not saved
On 6671 out of 10000
Failed run, not saved
On 6671 out of 10000
Failed run, not saved
On 6671 out of 10000
On 6672 out of 10000
Failed run, not saved
On 6672 out of 10000
Failed run, not saved
On 6672 out of 10000
On 6673 out of 10000
Failed run, not saved
On 6673 out of 10000
Failed run, not saved
On 6673 out of 10000
Failed run, not saved
On 6673 out of 10000
Failed run, not saved
On 6673 out of 10000
Failed run, not saved
On 6673 out of 10000
On 6674 out of 10000
Failed run, not saved
On 6674 out of 10000
On 6675 out of 10000
On 6676 out of 10000
Failed run, not saved
On 6676 out of 10000
Failed run, not saved
On 6676 out of 10000
On 6677 out of 10000
Failed run, not saved
On 6677 out of 10000
Failed run, not saved
On 6677 out of 10000
Failed run, not saved
On 6677 out of 10000
Failed run, not saved
On 6677 out of 10000
Failed run, not saved
On 6677 out of 10000
Failed run, not saved
On 6677 out of 10000
Failed run, not saved
On 6677 out of 10000
Failed run, not saved
On 6677 out of 10000
Failed run, not saved
On 6677 out of 10000
Failed run, not saved
On 6677 out of 10000
Failed run, not saved
		FAILED TOO MANY TIMES, TRYING ANOTHER ENVIRONMENT
On 6677 out of 10000
Failed run, not saved
		FAILED TOO MANY TIMES, TRYING ANOTHER ENVIRONMENT
On 6677 out of 10000
On 6678 out of 10000
On 6679 out of 10000
On 6680 out of 10000
On 6681 out of 10000
Failed run, not saved
On 6681 out of 10000
Failed run, not saved
On 6681 out of 10000
Failed run, not saved
On 6681 out of 10000
Failed run, not saved
On 6681 out of 10000
Failed run, not saved
On 6681 out of 10000
Failed run, not saved
On 6681 out of 10000
Failed run, not saved
On 6681 out of 10000
Failed run, not saved
On 6681 out of 10000
Failed run, not saved
On 6681 out of 10000
Failed run, not saved
On 6681 out of 10000
Failed run, not saved
		FAILED TOO MANY TIMES, TRYING ANOTHER ENVIRONMENT
On 6681 out of 10000
Failed run, not saved
		FAILED TOO MANY TIMES, TRYING ANOTHER ENVIRONMENT
On 6681 out of 10000
Failed run, not saved
		FAILED TOO MANY TIMES, TRYING ANOTHER ENVIRONMENT
On 6681 out of 10000
Failed run, not saved
		FAILED TOO MANY TIMES, TRYING ANOTHER ENVIRONMENT
On 6681 out of 10000
On 6682 out of 10000
Failed run, not saved
On 6682 out of 10000
Failed run, not saved
On 6682 out of 10000
Failed run, not saved
On 6682 out of 10000
Failed run, not saved
On 6682 out of 10000
On 6683 out of 10000
On 6684 out of 10000
On 6685 out of 10000
Failed run, not saved
On 6685 out of 10000
On 6686 out of 10000
On 6687 out of 10000
On 6688 out of 10000
On 6689 out of 10000
Failed run, not saved
On 6689 out of 10000
Failed run, not saved
On 6689 out of 10000
Failed run, not saved
On 6689 out of 10000
Failed run, not saved
On 6689 out of 10000
Failed run, not saved
On 6689 out of 10000
Failed run, not saved
On 6689 out of 10000
Failed run, not saved
On 6689 out of 10000
Failed run, not saved
On 6689 out of 10000
Failed run, not saved
On 6689 out of 10000
Failed run, not saved
On 6689 out of 10000
Failed run, not saved
		FAILED TOO MANY TIMES, TRYING ANOTHER ENVIRONMENT
On 6689 out of 10000
Failed run, not saved
		FAILED TOO MANY TIMES, TRYING ANOTHER ENVIRONMENT
On 6689 out of 10000
On 6690 out of 10000
On 6691 out of 10000
On 6692 out of 10000
On 6693 out of 10000
On 6694 out of 10000
On 6695 out of 10000
On 6696 out of 10000
On 6697 out of 10000
On 6698 out of 10000
On 6699 out of 10000
On 6700 out of 10000
On 6701 out of 10000
On 6702 out of 10000
On 6703 out of 10000
Failed run, not saved
On 6703 out of 10000
Failed run, not saved
On 6703 out of 10000
Failed run, not saved
On 6703 out of 10000
On 6704 out of 10000
On 6705 out of 10000
Failed run, not saved
On 6705 out of 10000
On 6706 out of 10000
On 6707 out of 10000
On 6708 out of 10000
On 6709 out of 10000
On 6710 out of 10000
Failed run, not saved
On 6710 out of 10000
Failed run, not saved
On 6710 out of 10000
Failed run, not saved
On 6710 out of 10000
Failed run, not saved
On 6710 out of 10000
Failed run, not saved
On 6710 out of 10000
Failed run, not saved
On 6710 out of 10000
Failed run, not saved
On 6710 out of 10000
Failed run, not saved
On 6710 out of 10000
Failed run, not saved
On 6710 out of 10000
Failed run, not saved
On 6710 out of 10000
Failed run, not saved
		FAILED TOO MANY TIMES, TRYING ANOTHER ENVIRONMENT
On 6710 out of 10000
On 6711 out of 10000
On 6712 out of 10000
On 6713 out of 10000
On 6714 out of 10000
Failed run, not saved
On 6714 out of 10000
On 6715 out of 10000
On 6716 out of 10000
On 6717 out of 10000
On 6718 out of 10000
Failed run, not saved
On 6718 out of 10000
Failed run, not saved
On 6718 out of 10000
On 6719 out of 10000
On 6720 out of 10000
On 6721 out of 10000
Failed run, not saved
On 6721 out of 10000
On 6722 out of 10000
On 6723 out of 10000
Failed run, not saved
On 6723 out of 10000
Failed run, not saved
On 6723 out of 10000
Failed run, not saved
On 6723 out of 10000
Failed run, not saved
On 6723 out of 10000
Failed run, not saved
On 6723 out of 10000
Failed run, not saved
On 6723 out of 10000
Failed run, not saved
On 6723 out of 10000
Failed run, not saved
On 6723 out of 10000
Failed run, not saved
On 6723 out of 10000
Failed run, not saved
On 6723 out of 10000
Failed run, not saved
		FAILED TOO MANY TIMES, TRYING ANOTHER ENVIRONMENT
On 6723 out of 10000
On 6724 out of 10000
Failed run, not saved
On 6724 out of 10000
Failed run, not saved
On 6724 out of 10000
Failed run, not saved
On 6724 out of 10000
On 6725 out of 10000
Failed run, not saved
On 6725 out of 10000
On 6726 out of 10000
Failed run, not saved
On 6726 out of 10000
Failed run, not saved
On 6726 out of 10000
Failed run, not saved
On 6726 out of 10000
Failed run, not saved
On 6726 out of 10000
Failed run, not saved
On 6726 out of 10000
Failed run, not saved
On 6726 out of 10000
Failed run, not saved
On 6726 out of 10000
Failed run, not saved
On 6726 out of 10000
Failed run, not saved
On 6726 out of 10000
Failed run, not saved
On 6726 out of 10000
Failed run, not saved
		FAILED TOO MANY TIMES, TRYING ANOTHER ENVIRONMENT
On 6726 out of 10000
Failed run, not saved
		FAILED TOO MANY TIMES, TRYING ANOTHER ENVIRONMENT
On 6726 out of 10000
On 6727 out of 10000
On 6728 out of 10000
Failed run, not saved
On 6728 out of 10000
On 6729 out of 10000
Failed run, not saved
On 6729 out of 10000
Failed run, not saved
On 6729 out of 10000
Failed run, not saved
On 6729 out of 10000
Failed run, not saved
On 6729 out of 10000
Failed run, not saved
On 6729 out of 10000
On 6730 out of 10000
Failed run, not saved
On 6730 out of 10000
Failed run, not saved
On 6730 out of 10000
Failed run, not saved
On 6730 out of 10000
Failed run, not saved
On 6730 out of 10000
Failed run, not saved
On 6730 out of 10000
Failed run, not saved
On 6730 out of 10000
Failed run, not saved
On 6730 out of 10000
Failed run, not saved
On 6730 out of 10000
Failed run, not saved
On 6730 out of 10000
Failed run, not saved
On 6730 out of 10000
Failed run, not saved
		FAILED TOO MANY TIMES, TRYING ANOTHER ENVIRONMENT
On 6730 out of 10000
On 6731 out of 10000
On 6732 out of 10000
On 6733 out of 10000
On 6734 out of 10000
On 6735 out of 10000
Failed run, not saved
On 6735 out of 10000
On 6736 out of 10000
On 6737 out of 10000
On 6738 out of 10000
On 6739 out of 10000
On 6740 out of 10000
On 6741 out of 10000
On 6742 out of 10000
On 6743 out of 10000
Failed run, not saved
On 6743 out of 10000
Failed run, not saved
On 6743 out of 10000
On 6744 out of 10000
Failed run, not saved
On 6744 out of 10000
On 6745 out of 10000
On 6746 out of 10000
On 6747 out of 10000
On 6748 out of 10000
On 6749 out of 10000
Failed run, not saved
On 6749 out of 10000
Failed run, not saved
On 6749 out of 10000
Failed run, not saved
On 6749 out of 10000
Failed run, not saved
On 6749 out of 10000
Failed run, not saved
On 6749 out of 10000
Failed run, not saved
On 6749 out of 10000
Failed run, not saved
On 6749 out of 10000
Failed run, not saved
On 6749 out of 10000
Failed run, not saved
On 6749 out of 10000
Failed run, not saved
On 6749 out of 10000
Failed run, not saved
		FAILED TOO MANY TIMES, TRYING ANOTHER ENVIRONMENT
On 6749 out of 10000
Failed run, not saved
		FAILED TOO MANY TIMES, TRYING ANOTHER ENVIRONMENT
On 6749 out of 10000
On 6750 out of 10000
On 6751 out of 10000
Failed run, not saved
On 6751 out of 10000
Failed run, not saved
On 6751 out of 10000
On 6752 out of 10000
Failed run, not saved
On 6752 out of 10000
On 6753 out of 10000
On 6754 out of 10000
On 6755 out of 10000
On 6756 out of 10000
On 6757 out of 10000
On 6758 out of 10000
On 6759 out of 10000
On 6760 out of 10000
Failed run, not saved
On 6760 out of 10000
Failed run, not saved
On 6760 out of 10000
Failed run, not saved
On 6760 out of 10000
Failed run, not saved
On 6760 out of 10000
Failed run, not saved
On 6760 out of 10000
Failed run, not saved
On 6760 out of 10000
Failed run, not saved
On 6760 out of 10000
Failed run, not saved
On 6760 out of 10000
Failed run, not saved
On 6760 out of 10000
Failed run, not saved
On 6760 out of 10000
On 6761 out of 10000
Failed run, not saved
On 6761 out of 10000
Failed run, not saved
On 6761 out of 10000
Failed run, not saved
On 6761 out of 10000
On 6762 out of 10000
On 6763 out of 10000
On 6764 out of 10000
On 6765 out of 10000
On 6766 out of 10000
On 6767 out of 10000
Failed run, not saved
On 6767 out of 10000
Failed run, not saved
On 6767 out of 10000
Failed run, not saved
On 6767 out of 10000
Failed run, not saved
On 6767 out of 10000
Failed run, not saved
On 6767 out of 10000
Failed run, not saved
On 6767 out of 10000
Failed run, not saved
On 6767 out of 10000
Failed run, not saved
On 6767 out of 10000
Failed run, not saved
On 6767 out of 10000
Failed run, not saved
On 6767 out of 10000
Failed run, not saved
		FAILED TOO MANY TIMES, TRYING ANOTHER ENVIRONMENT
On 6767 out of 10000
On 6768 out of 10000
Failed run, not saved
On 6768 out of 10000
Failed run, not saved
On 6768 out of 10000
Failed run, not saved
On 6768 out of 10000
Failed run, not saved
On 6768 out of 10000
Failed run, not saved
On 6768 out of 10000
Failed run, not saved
On 6768 out of 10000
Failed run, not saved
On 6768 out of 10000
Failed run, not saved
On 6768 out of 10000
Failed run, not saved
On 6768 out of 10000
Failed run, not saved
On 6768 out of 10000
On 6769 out of 10000
Failed run, not saved
On 6769 out of 10000
Failed run, not saved
On 6769 out of 10000
Failed run, not saved
On 6769 out of 10000
Failed run, not saved
On 6769 out of 10000
Failed run, not saved
On 6769 out of 10000
Failed run, not saved
On 6769 out of 10000
Failed run, not saved
On 6769 out of 10000
Failed run, not saved
On 6769 out of 10000
Failed run, not saved
On 6769 out of 10000
Failed run, not saved
On 6769 out of 10000
Failed run, not saved
		FAILED TOO MANY TIMES, TRYING ANOTHER ENVIRONMENT
On 6769 out of 10000
Failed run, not saved
		FAILED TOO MANY TIMES, TRYING ANOTHER ENVIRONMENT
On 6769 out of 10000
On 6770 out of 10000
On 6771 out of 10000
On 6772 out of 10000
Failed run, not saved
On 6772 out of 10000
Failed run, not saved
On 6772 out of 10000
On 6773 out of 10000
On 6774 out of 10000
Failed run, not saved
On 6774 out of 10000
Failed run, not saved
On 6774 out of 10000
Failed run, not saved
On 6774 out of 10000
Failed run, not saved
On 6774 out of 10000
Failed run, not saved
On 6774 out of 10000
Failed run, not saved
On 6774 out of 10000
Failed run, not saved
On 6774 out of 10000
Failed run, not saved
On 6774 out of 10000
Failed run, not saved
On 6774 out of 10000
Failed run, not saved
On 6774 out of 10000
Failed run, not saved
		FAILED TOO MANY TIMES, TRYING ANOTHER ENVIRONMENT
On 6774 out of 10000
On 6775 out of 10000
On 6776 out of 10000
On 6777 out of 10000
On 6778 out of 10000
Failed run, not saved
On 6778 out of 10000
Failed run, not saved
On 6778 out of 10000
On 6779 out of 10000
On 6780 out of 10000
On 6781 out of 10000
On 6782 out of 10000
On 6783 out of 10000
Failed run, not saved
On 6783 out of 10000
Failed run, not saved
On 6783 out of 10000
Failed run, not saved
On 6783 out of 10000
Failed run, not saved
On 6783 out of 10000
On 6784 out of 10000
On 6785 out of 10000
Failed run, not saved
On 6785 out of 10000
Failed run, not saved
On 6785 out of 10000
Failed run, not saved
On 6785 out of 10000
Failed run, not saved
On 6785 out of 10000
Failed run, not saved
On 6785 out of 10000
Failed run, not saved
On 6785 out of 10000
On 6786 out of 10000
Failed run, not saved
On 6786 out of 10000
Failed run, not saved
On 6786 out of 10000
Failed run, not saved
On 6786 out of 10000
Failed run, not saved
On 6786 out of 10000
Failed run, not saved
On 6786 out of 10000
Failed run, not saved
On 6786 out of 10000
Failed run, not saved
On 6786 out of 10000
Failed run, not saved
On 6786 out of 10000
Failed run, not saved
On 6786 out of 10000
On 6787 out of 10000
On 6788 out of 10000
On 6789 out of 10000
On 6790 out of 10000
Failed run, not saved
On 6790 out of 10000
Failed run, not saved
On 6790 out of 10000
Failed run, not saved
On 6790 out of 10000
Failed run, not saved
On 6790 out of 10000
On 6791 out of 10000
On 6792 out of 10000
On 6793 out of 10000
On 6794 out of 10000
On 6795 out of 10000
On 6796 out of 10000
On 6797 out of 10000
On 6798 out of 10000
On 6799 out of 10000
On 6800 out of 10000
On 6801 out of 10000
On 6802 out of 10000
On 6803 out of 10000
On 6804 out of 10000
On 6805 out of 10000
On 6806 out of 10000
Failed run, not saved
On 6806 out of 10000
Failed run, not saved
On 6806 out of 10000
On 6807 out of 10000
On 6808 out of 10000
On 6809 out of 10000
On 6810 out of 10000
Failed run, not saved
On 6810 out of 10000
On 6811 out of 10000
Failed run, not saved
On 6811 out of 10000
On 6812 out of 10000
On 6813 out of 10000
On 6814 out of 10000
On 6815 out of 10000
Failed run, not saved
On 6815 out of 10000
On 6816 out of 10000
On 6817 out of 10000
On 6818 out of 10000
On 6819 out of 10000
Failed run, not saved
On 6819 out of 10000
On 6820 out of 10000
On 6821 out of 10000
On 6822 out of 10000
On 6823 out of 10000
On 6824 out of 10000
On 6825 out of 10000
On 6826 out of 10000
Failed run, not saved
On 6826 out of 10000
On 6827 out of 10000
Failed run, not saved
On 6827 out of 10000
Failed run, not saved
On 6827 out of 10000
Failed run, not saved
On 6827 out of 10000
Failed run, not saved
On 6827 out of 10000
On 6828 out of 10000
On 6829 out of 10000
On 6830 out of 10000
On 6831 out of 10000
On 6832 out of 10000
On 6833 out of 10000
Failed run, not saved
On 6833 out of 10000
Failed run, not saved
On 6833 out of 10000
On 6834 out of 10000
Failed run, not saved
On 6834 out of 10000
On 6835 out of 10000
Failed run, not saved
On 6835 out of 10000
On 6836 out of 10000
On 6837 out of 10000
Failed run, not saved
On 6837 out of 10000
On 6838 out of 10000
Failed run, not saved
On 6838 out of 10000
Failed run, not saved
On 6838 out of 10000
Failed run, not saved
On 6838 out of 10000
Failed run, not saved
On 6838 out of 10000
Failed run, not saved
On 6838 out of 10000
Failed run, not saved
On 6838 out of 10000
Failed run, not saved
On 6838 out of 10000
Failed run, not saved
On 6838 out of 10000
Failed run, not saved
On 6838 out of 10000
Failed run, not saved
On 6838 out of 10000
Failed run, not saved
		FAILED TOO MANY TIMES, TRYING ANOTHER ENVIRONMENT
On 6838 out of 10000
On 6839 out of 10000
On 6840 out of 10000
On 6841 out of 10000
Failed run, not saved
On 6841 out of 10000
Failed run, not saved
On 6841 out of 10000
Failed run, not saved
On 6841 out of 10000
On 6842 out of 10000
On 6843 out of 10000
On 6844 out of 10000
On 6845 out of 10000
On 6846 out of 10000
Failed run, not saved
On 6846 out of 10000
On 6847 out of 10000
On 6848 out of 10000
Failed run, not saved
On 6848 out of 10000
Failed run, not saved
On 6848 out of 10000
Failed run, not saved
On 6848 out of 10000
Failed run, not saved
On 6848 out of 10000
Failed run, not saved
On 6848 out of 10000
Failed run, not saved
On 6848 out of 10000
Failed run, not saved
On 6848 out of 10000
Failed run, not saved
On 6848 out of 10000
Failed run, not saved
On 6848 out of 10000
Failed run, not saved
On 6848 out of 10000
Failed run, not saved
		FAILED TOO MANY TIMES, TRYING ANOTHER ENVIRONMENT
On 6848 out of 10000
On 6849 out of 10000
On 6850 out of 10000
Failed run, not saved
On 6850 out of 10000
On 6851 out of 10000
Failed run, not saved
On 6851 out of 10000
Failed run, not saved
On 6851 out of 10000
On 6852 out of 10000
On 6853 out of 10000
On 6854 out of 10000
Failed run, not saved
On 6854 out of 10000
Failed run, not saved
On 6854 out of 10000
Failed run, not saved
On 6854 out of 10000
Failed run, not saved
On 6854 out of 10000
Failed run, not saved
On 6854 out of 10000
Failed run, not saved
On 6854 out of 10000
Failed run, not saved
On 6854 out of 10000
Failed run, not saved
On 6854 out of 10000
Failed run, not saved
On 6854 out of 10000
Failed run, not saved
On 6854 out of 10000
Failed run, not saved
		FAILED TOO MANY TIMES, TRYING ANOTHER ENVIRONMENT
On 6854 out of 10000
Failed run, not saved
		FAILED TOO MANY TIMES, TRYING ANOTHER ENVIRONMENT
On 6854 out of 10000
Failed run, not saved
		FAILED TOO MANY TIMES, TRYING ANOTHER ENVIRONMENT
On 6854 out of 10000
On 6855 out of 10000
Failed run, not saved
On 6855 out of 10000
Failed run, not saved
On 6855 out of 10000
Failed run, not saved
On 6855 out of 10000
Failed run, not saved
On 6855 out of 10000
Failed run, not saved
On 6855 out of 10000
Failed run, not saved
On 6855 out of 10000
Failed run, not saved
On 6855 out of 10000
Failed run, not saved
On 6855 out of 10000
Failed run, not saved
On 6855 out of 10000
Failed run, not saved
On 6855 out of 10000
On 6856 out of 10000
On 6857 out of 10000
On 6858 out of 10000
Failed run, not saved
On 6858 out of 10000
Failed run, not saved
On 6858 out of 10000
Failed run, not saved
On 6858 out of 10000
Failed run, not saved
On 6858 out of 10000
Failed run, not saved
On 6858 out of 10000
Failed run, not saved
On 6858 out of 10000
Failed run, not saved
On 6858 out of 10000
On 6859 out of 10000
On 6860 out of 10000
On 6861 out of 10000
On 6862 out of 10000
On 6863 out of 10000
On 6864 out of 10000
On 6865 out of 10000
Failed run, not saved
On 6865 out of 10000
Failed run, not saved
On 6865 out of 10000
Failed run, not saved
On 6865 out of 10000
Failed run, not saved
On 6865 out of 10000
Failed run, not saved
On 6865 out of 10000
Failed run, not saved
On 6865 out of 10000
Failed run, not saved
On 6865 out of 10000
Failed run, not saved
On 6865 out of 10000
Failed run, not saved
On 6865 out of 10000
Failed run, not saved
On 6865 out of 10000
Failed run, not saved
		FAILED TOO MANY TIMES, TRYING ANOTHER ENVIRONMENT
On 6865 out of 10000
On 6866 out of 10000
On 6867 out of 10000
Failed run, not saved
On 6867 out of 10000
Failed run, not saved
On 6867 out of 10000
On 6868 out of 10000
Failed run, not saved
On 6868 out of 10000
Failed run, not saved
On 6868 out of 10000
Failed run, not saved
On 6868 out of 10000
Failed run, not saved
On 6868 out of 10000
Failed run, not saved
On 6868 out of 10000
Failed run, not saved
On 6868 out of 10000
Failed run, not saved
On 6868 out of 10000
Failed run, not saved
On 6868 out of 10000
Failed run, not saved
On 6868 out of 10000
Failed run, not saved
On 6868 out of 10000
On 6869 out of 10000
Failed run, not saved
On 6869 out of 10000
Failed run, not saved
On 6869 out of 10000
Failed run, not saved
On 6869 out of 10000
Failed run, not saved
On 6869 out of 10000
Failed run, not saved
On 6869 out of 10000
Failed run, not saved
On 6869 out of 10000
Failed run, not saved
On 6869 out of 10000
Failed run, not saved
On 6869 out of 10000
Failed run, not saved
On 6869 out of 10000
Failed run, not saved
On 6869 out of 10000
Failed run, not saved
		FAILED TOO MANY TIMES, TRYING ANOTHER ENVIRONMENT
On 6869 out of 10000
On 6870 out of 10000
On 6871 out of 10000
On 6872 out of 10000
On 6873 out of 10000
On 6874 out of 10000
Failed run, not saved
On 6874 out of 10000
Failed run, not saved
On 6874 out of 10000
On 6875 out of 10000
On 6876 out of 10000
Failed run, not saved
On 6876 out of 10000
Failed run, not saved
On 6876 out of 10000
Failed run, not saved
On 6876 out of 10000
On 6877 out of 10000
Failed run, not saved
On 6877 out of 10000
Failed run, not saved
On 6877 out of 10000
On 6878 out of 10000
On 6879 out of 10000
On 6880 out of 10000
On 6881 out of 10000
On 6882 out of 10000
On 6883 out of 10000
On 6884 out of 10000
Failed run, not saved
On 6884 out of 10000
Failed run, not saved
On 6884 out of 10000
Failed run, not saved
On 6884 out of 10000
Failed run, not saved
On 6884 out of 10000
Failed run, not saved
On 6884 out of 10000
Failed run, not saved
On 6884 out of 10000
Failed run, not saved
On 6884 out of 10000
Failed run, not saved
On 6884 out of 10000
Failed run, not saved
On 6884 out of 10000
Failed run, not saved
On 6884 out of 10000
Failed run, not saved
		FAILED TOO MANY TIMES, TRYING ANOTHER ENVIRONMENT
On 6884 out of 10000
On 6885 out of 10000
On 6886 out of 10000
Failed run, not saved
On 6886 out of 10000
Failed run, not saved
On 6886 out of 10000
On 6887 out of 10000
On 6888 out of 10000
On 6889 out of 10000
Failed run, not saved
On 6889 out of 10000
Failed run, not saved
On 6889 out of 10000
Failed run, not saved
On 6889 out of 10000
Failed run, not saved
On 6889 out of 10000
Failed run, not saved
On 6889 out of 10000
Failed run, not saved
On 6889 out of 10000
Failed run, not saved
On 6889 out of 10000
Failed run, not saved
On 6889 out of 10000
Failed run, not saved
On 6889 out of 10000
Failed run, not saved
On 6889 out of 10000
Failed run, not saved
		FAILED TOO MANY TIMES, TRYING ANOTHER ENVIRONMENT
On 6889 out of 10000
Failed run, not saved
		FAILED TOO MANY TIMES, TRYING ANOTHER ENVIRONMENT
On 6889 out of 10000
On 6890 out of 10000
On 6891 out of 10000
Failed run, not saved
On 6891 out of 10000
On 6892 out of 10000
Failed run, not saved
On 6892 out of 10000
On 6893 out of 10000
On 6894 out of 10000
On 6895 out of 10000
On 6896 out of 10000
On 6897 out of 10000
Failed run, not saved
On 6897 out of 10000
Failed run, not saved
On 6897 out of 10000
On 6898 out of 10000
On 6899 out of 10000
On 6900 out of 10000
On 6901 out of 10000
Failed run, not saved
On 6901 out of 10000
On 6902 out of 10000
On 6903 out of 10000
On 6904 out of 10000
On 6905 out of 10000
On 6906 out of 10000
Failed run, not saved
On 6906 out of 10000
On 6907 out of 10000
On 6908 out of 10000
On 6909 out of 10000
Failed run, not saved
On 6909 out of 10000
On 6910 out of 10000
On 6911 out of 10000
On 6912 out of 10000
On 6913 out of 10000
On 6914 out of 10000
On 6915 out of 10000
On 6916 out of 10000
On 6917 out of 10000
On 6918 out of 10000
On 6919 out of 10000
On 6920 out of 10000
Failed run, not saved
On 6920 out of 10000
Failed run, not saved
On 6920 out of 10000
Failed run, not saved
On 6920 out of 10000
Failed run, not saved
On 6920 out of 10000
Failed run, not saved
On 6920 out of 10000
On 6921 out of 10000
On 6922 out of 10000
On 6923 out of 10000
On 6924 out of 10000
On 6925 out of 10000
On 6926 out of 10000
Failed run, not saved
On 6926 out of 10000
On 6927 out of 10000
On 6928 out of 10000
On 6929 out of 10000
Failed run, not saved
On 6929 out of 10000
Failed run, not saved
On 6929 out of 10000
On 6930 out of 10000
On 6931 out of 10000
On 6932 out of 10000
Failed run, not saved
On 6932 out of 10000
Failed run, not saved
On 6932 out of 10000
Failed run, not saved
On 6932 out of 10000
Failed run, not saved
On 6932 out of 10000
Failed run, not saved
On 6932 out of 10000
Failed run, not saved
On 6932 out of 10000
Failed run, not saved
On 6932 out of 10000
Failed run, not saved
On 6932 out of 10000
Failed run, not saved
On 6932 out of 10000
Failed run, not saved
On 6932 out of 10000
Failed run, not saved
		FAILED TOO MANY TIMES, TRYING ANOTHER ENVIRONMENT
On 6932 out of 10000
Failed run, not saved
		FAILED TOO MANY TIMES, TRYING ANOTHER ENVIRONMENT
On 6932 out of 10000
On 6933 out of 10000
On 6934 out of 10000
On 6935 out of 10000
On 6936 out of 10000
On 6937 out of 10000
On 6938 out of 10000
On 6939 out of 10000
On 6940 out of 10000
On 6941 out of 10000
On 6942 out of 10000
Failed run, not saved
On 6942 out of 10000
On 6943 out of 10000
On 6944 out of 10000
On 6945 out of 10000
On 6946 out of 10000
On 6947 out of 10000
On 6948 out of 10000
Failed run, not saved
On 6948 out of 10000
Failed run, not saved
On 6948 out of 10000
Failed run, not saved
On 6948 out of 10000
Failed run, not saved
On 6948 out of 10000
Failed run, not saved
On 6948 out of 10000
Failed run, not saved
On 6948 out of 10000
Failed run, not saved
On 6948 out of 10000
Failed run, not saved
On 6948 out of 10000
Failed run, not saved
On 6948 out of 10000
Failed run, not saved
On 6948 out of 10000
Failed run, not saved
		FAILED TOO MANY TIMES, TRYING ANOTHER ENVIRONMENT
On 6948 out of 10000
Failed run, not saved
		FAILED TOO MANY TIMES, TRYING ANOTHER ENVIRONMENT
On 6948 out of 10000
Failed run, not saved
		FAILED TOO MANY TIMES, TRYING ANOTHER ENVIRONMENT
On 6948 out of 10000
Failed run, not saved
		FAILED TOO MANY TIMES, TRYING ANOTHER ENVIRONMENT
On 6948 out of 10000
On 6949 out of 10000
On 6950 out of 10000
On 6951 out of 10000
On 6952 out of 10000
On 6953 out of 10000
On 6954 out of 10000
On 6955 out of 10000
On 6956 out of 10000
On 6957 out of 10000
On 6958 out of 10000
On 6959 out of 10000
On 6960 out of 10000
On 6961 out of 10000
On 6962 out of 10000
On 6963 out of 10000
On 6964 out of 10000
Failed run, not saved
On 6964 out of 10000
Failed run, not saved
On 6964 out of 10000
Failed run, not saved
On 6964 out of 10000
On 6965 out of 10000
On 6966 out of 10000
On 6967 out of 10000
On 6968 out of 10000
On 6969 out of 10000
Failed run, not saved
On 6969 out of 10000
On 6970 out of 10000
Failed run, not saved
On 6970 out of 10000
Failed run, not saved
On 6970 out of 10000
Failed run, not saved
On 6970 out of 10000
Failed run, not saved
On 6970 out of 10000
Failed run, not saved
On 6970 out of 10000
Failed run, not saved
On 6970 out of 10000
On 6971 out of 10000
On 6972 out of 10000
On 6973 out of 10000
On 6974 out of 10000
On 6975 out of 10000
Failed run, not saved
On 6975 out of 10000
On 6976 out of 10000
On 6977 out of 10000
On 6978 out of 10000
On 6979 out of 10000
On 6980 out of 10000
On 6981 out of 10000
On 6982 out of 10000
On 6983 out of 10000
On 6984 out of 10000
Failed run, not saved
On 6984 out of 10000
Failed run, not saved
On 6984 out of 10000
Failed run, not saved
On 6984 out of 10000
Failed run, not saved
On 6984 out of 10000
Failed run, not saved
On 6984 out of 10000
Failed run, not saved
On 6984 out of 10000
Failed run, not saved
On 6984 out of 10000
Failed run, not saved
On 6984 out of 10000
Failed run, not saved
On 6984 out of 10000
Failed run, not saved
On 6984 out of 10000
Failed run, not saved
		FAILED TOO MANY TIMES, TRYING ANOTHER ENVIRONMENT
On 6984 out of 10000
On 6985 out of 10000
On 6986 out of 10000
On 6987 out of 10000
Failed run, not saved
On 6987 out of 10000
Failed run, not saved
On 6987 out of 10000
Failed run, not saved
On 6987 out of 10000
Failed run, not saved
On 6987 out of 10000
Failed run, not saved
On 6987 out of 10000
Failed run, not saved
On 6987 out of 10000
Failed run, not saved
On 6987 out of 10000
Failed run, not saved
On 6987 out of 10000
Failed run, not saved
On 6987 out of 10000
Failed run, not saved
On 6987 out of 10000
Failed run, not saved
		FAILED TOO MANY TIMES, TRYING ANOTHER ENVIRONMENT
On 6987 out of 10000
On 6988 out of 10000
On 6989 out of 10000
On 6990 out of 10000
Failed run, not saved
On 6990 out of 10000
Failed run, not saved
On 6990 out of 10000
On 6991 out of 10000
On 6992 out of 10000
On 6993 out of 10000
Failed run, not saved
On 6993 out of 10000
On 6994 out of 10000
On 6995 out of 10000
On 6996 out of 10000
On 6997 out of 10000
On 6998 out of 10000
On 6999 out of 10000
Failed run, not saved
On 6999 out of 10000
Failed run, not saved
On 6999 out of 10000
Failed run, not saved
On 6999 out of 10000
Failed run, not saved
On 6999 out of 10000
Failed run, not saved
On 6999 out of 10000
Failed run, not saved
On 6999 out of 10000
On 7000 out of 10000
On 7001 out of 10000
On 7002 out of 10000
On 7003 out of 10000
Failed run, not saved
On 7003 out of 10000
On 7004 out of 10000
On 7005 out of 10000
On 7006 out of 10000
Failed run, not saved
On 7006 out of 10000
On 7007 out of 10000
On 7008 out of 10000
Failed run, not saved
On 7008 out of 10000
On 7009 out of 10000
On 7010 out of 10000
On 7011 out of 10000
Failed run, not saved
On 7011 out of 10000
Failed run, not saved
On 7011 out of 10000
Failed run, not saved
On 7011 out of 10000
On 7012 out of 10000
Failed run, not saved
On 7012 out of 10000
Failed run, not saved
On 7012 out of 10000
Failed run, not saved
On 7012 out of 10000
Failed run, not saved
On 7012 out of 10000
On 7013 out of 10000
On 7014 out of 10000
On 7015 out of 10000
On 7016 out of 10000
On 7017 out of 10000
Failed run, not saved
On 7017 out of 10000
On 7018 out of 10000
On 7019 out of 10000
On 7020 out of 10000
Failed run, not saved
On 7020 out of 10000
Failed run, not saved
On 7020 out of 10000
Failed run, not saved
On 7020 out of 10000
Failed run, not saved
On 7020 out of 10000
Failed run, not saved
On 7020 out of 10000
Failed run, not saved
On 7020 out of 10000
Failed run, not saved
On 7020 out of 10000
Failed run, not saved
On 7020 out of 10000
Failed run, not saved
On 7020 out of 10000
Failed run, not saved
On 7020 out of 10000
Failed run, not saved
		FAILED TOO MANY TIMES, TRYING ANOTHER ENVIRONMENT
On 7020 out of 10000
On 7021 out of 10000
On 7022 out of 10000
On 7023 out of 10000
On 7024 out of 10000
On 7025 out of 10000
On 7026 out of 10000
On 7027 out of 10000
On 7028 out of 10000
On 7029 out of 10000
Failed run, not saved
On 7029 out of 10000
On 7030 out of 10000
On 7031 out of 10000
Failed run, not saved
On 7031 out of 10000
On 7032 out of 10000
On 7033 out of 10000
On 7034 out of 10000
On 7035 out of 10000
Failed run, not saved
On 7035 out of 10000
On 7036 out of 10000
On 7037 out of 10000
Failed run, not saved
On 7037 out of 10000
On 7038 out of 10000
On 7039 out of 10000
On 7040 out of 10000
On 7041 out of 10000
On 7042 out of 10000
Failed run, not saved
On 7042 out of 10000
Failed run, not saved
On 7042 out of 10000
Failed run, not saved
On 7042 out of 10000
Failed run, not saved
On 7042 out of 10000
Failed run, not saved
On 7042 out of 10000
Failed run, not saved
On 7042 out of 10000
Failed run, not saved
On 7042 out of 10000
Failed run, not saved
On 7042 out of 10000
Failed run, not saved
On 7042 out of 10000
Failed run, not saved
On 7042 out of 10000
Failed run, not saved
		FAILED TOO MANY TIMES, TRYING ANOTHER ENVIRONMENT
On 7042 out of 10000
Failed run, not saved
		FAILED TOO MANY TIMES, TRYING ANOTHER ENVIRONMENT
On 7042 out of 10000
Failed run, not saved
		FAILED TOO MANY TIMES, TRYING ANOTHER ENVIRONMENT
On 7042 out of 10000
On 7043 out of 10000
On 7044 out of 10000
Failed run, not saved
On 7044 out of 10000
On 7045 out of 10000
Failed run, not saved
On 7045 out of 10000
Failed run, not saved
On 7045 out of 10000
Failed run, not saved
On 7045 out of 10000
Failed run, not saved
On 7045 out of 10000
Failed run, not saved
On 7045 out of 10000
Failed run, not saved
On 7045 out of 10000
Failed run, not saved
On 7045 out of 10000
Failed run, not saved
On 7045 out of 10000
Failed run, not saved
On 7045 out of 10000
Failed run, not saved
On 7045 out of 10000
Failed run, not saved
		FAILED TOO MANY TIMES, TRYING ANOTHER ENVIRONMENT
On 7045 out of 10000
Failed run, not saved
		FAILED TOO MANY TIMES, TRYING ANOTHER ENVIRONMENT
On 7045 out of 10000
On 7046 out of 10000
On 7047 out of 10000
On 7048 out of 10000
Failed run, not saved
On 7048 out of 10000
Failed run, not saved
On 7048 out of 10000
On 7049 out of 10000
Failed run, not saved
On 7049 out of 10000
Failed run, not saved
On 7049 out of 10000
Failed run, not saved
On 7049 out of 10000
Failed run, not saved
On 7049 out of 10000
Failed run, not saved
On 7049 out of 10000
Failed run, not saved
On 7049 out of 10000
Failed run, not saved
On 7049 out of 10000
Failed run, not saved
On 7049 out of 10000
Failed run, not saved
On 7049 out of 10000
Failed run, not saved
On 7049 out of 10000
Failed run, not saved
		FAILED TOO MANY TIMES, TRYING ANOTHER ENVIRONMENT
On 7049 out of 10000
Failed run, not saved
		FAILED TOO MANY TIMES, TRYING ANOTHER ENVIRONMENT
On 7049 out of 10000
On 7050 out of 10000
Failed run, not saved
On 7050 out of 10000
Failed run, not saved
On 7050 out of 10000
Failed run, not saved
On 7050 out of 10000
Failed run, not saved
On 7050 out of 10000
Failed run, not saved
On 7050 out of 10000
Failed run, not saved
On 7050 out of 10000
Failed run, not saved
On 7050 out of 10000
Failed run, not saved
On 7050 out of 10000
Failed run, not saved
On 7050 out of 10000
Failed run, not saved
On 7050 out of 10000
Failed run, not saved
		FAILED TOO MANY TIMES, TRYING ANOTHER ENVIRONMENT
On 7050 out of 10000
On 7051 out of 10000
Failed run, not saved
On 7051 out of 10000
On 7052 out of 10000
Failed run, not saved
On 7052 out of 10000
Failed run, not saved
On 7052 out of 10000
On 7053 out of 10000
On 7054 out of 10000
On 7055 out of 10000
Failed run, not saved
On 7055 out of 10000
Failed run, not saved
On 7055 out of 10000
Failed run, not saved
On 7055 out of 10000
Failed run, not saved
On 7055 out of 10000
On 7056 out of 10000
On 7057 out of 10000
On 7058 out of 10000
On 7059 out of 10000
On 7060 out of 10000
On 7061 out of 10000
On 7062 out of 10000
On 7063 out of 10000
On 7064 out of 10000
On 7065 out of 10000
On 7066 out of 10000
On 7067 out of 10000
On 7068 out of 10000
On 7069 out of 10000
On 7070 out of 10000
On 7071 out of 10000
On 7072 out of 10000
Failed run, not saved
On 7072 out of 10000
Failed run, not saved
On 7072 out of 10000
Failed run, not saved
On 7072 out of 10000
Failed run, not saved
On 7072 out of 10000
On 7073 out of 10000
Failed run, not saved
On 7073 out of 10000
On 7074 out of 10000
On 7075 out of 10000
On 7076 out of 10000
On 7077 out of 10000
On 7078 out of 10000
On 7079 out of 10000
On 7080 out of 10000
On 7081 out of 10000
On 7082 out of 10000
On 7083 out of 10000
Failed run, not saved
On 7083 out of 10000
On 7084 out of 10000
Failed run, not saved
On 7084 out of 10000
On 7085 out of 10000
On 7086 out of 10000
On 7087 out of 10000
On 7088 out of 10000
Failed run, not saved
On 7088 out of 10000
Failed run, not saved
On 7088 out of 10000
Failed run, not saved
On 7088 out of 10000
Failed run, not saved
On 7088 out of 10000
Failed run, not saved
On 7088 out of 10000
Failed run, not saved
On 7088 out of 10000
Failed run, not saved
On 7088 out of 10000
Failed run, not saved
On 7088 out of 10000
Failed run, not saved
On 7088 out of 10000
Failed run, not saved
On 7088 out of 10000
Failed run, not saved
		FAILED TOO MANY TIMES, TRYING ANOTHER ENVIRONMENT
On 7088 out of 10000
Failed run, not saved
		FAILED TOO MANY TIMES, TRYING ANOTHER ENVIRONMENT
On 7088 out of 10000
On 7089 out of 10000
On 7090 out of 10000
Failed run, not saved
On 7090 out of 10000
Failed run, not saved
On 7090 out of 10000
Failed run, not saved
On 7090 out of 10000
On 7091 out of 10000
Failed run, not saved
On 7091 out of 10000
Failed run, not saved
On 7091 out of 10000
On 7092 out of 10000
On 7093 out of 10000
On 7094 out of 10000
On 7095 out of 10000
Failed run, not saved
On 7095 out of 10000
Failed run, not saved
On 7095 out of 10000
Failed run, not saved
On 7095 out of 10000
Failed run, not saved
On 7095 out of 10000
Failed run, not saved
On 7095 out of 10000
Failed run, not saved
On 7095 out of 10000
Failed run, not saved
On 7095 out of 10000
Failed run, not saved
On 7095 out of 10000
Failed run, not saved
On 7095 out of 10000
Failed run, not saved
On 7095 out of 10000
Failed run, not saved
		FAILED TOO MANY TIMES, TRYING ANOTHER ENVIRONMENT
On 7095 out of 10000
On 7096 out of 10000
On 7097 out of 10000
Failed run, not saved
On 7097 out of 10000
Failed run, not saved
On 7097 out of 10000
Failed run, not saved
On 7097 out of 10000
Failed run, not saved
On 7097 out of 10000
On 7098 out of 10000
On 7099 out of 10000
On 7100 out of 10000
Failed run, not saved
On 7100 out of 10000
Failed run, not saved
On 7100 out of 10000
Failed run, not saved
On 7100 out of 10000
Failed run, not saved
On 7100 out of 10000
Failed run, not saved
On 7100 out of 10000
Failed run, not saved
On 7100 out of 10000
Failed run, not saved
On 7100 out of 10000
Failed run, not saved
On 7100 out of 10000
Failed run, not saved
On 7100 out of 10000
Failed run, not saved
On 7100 out of 10000
Failed run, not saved
		FAILED TOO MANY TIMES, TRYING ANOTHER ENVIRONMENT
On 7100 out of 10000
On 7101 out of 10000
On 7102 out of 10000
On 7103 out of 10000
On 7104 out of 10000
Failed run, not saved
On 7104 out of 10000
On 7105 out of 10000
On 7106 out of 10000
On 7107 out of 10000
On 7108 out of 10000
Failed run, not saved
On 7108 out of 10000
On 7109 out of 10000
On 7110 out of 10000
On 7111 out of 10000
On 7112 out of 10000
On 7113 out of 10000
On 7114 out of 10000
On 7115 out of 10000
On 7116 out of 10000
On 7117 out of 10000
On 7118 out of 10000
Failed run, not saved
On 7118 out of 10000
Failed run, not saved
On 7118 out of 10000
Failed run, not saved
On 7118 out of 10000
Failed run, not saved
On 7118 out of 10000
Failed run, not saved
On 7118 out of 10000
Failed run, not saved
On 7118 out of 10000
Failed run, not saved
On 7118 out of 10000
Failed run, not saved
On 7118 out of 10000
Failed run, not saved
On 7118 out of 10000
Failed run, not saved
On 7118 out of 10000
Failed run, not saved
		FAILED TOO MANY TIMES, TRYING ANOTHER ENVIRONMENT
On 7118 out of 10000
Failed run, not saved
		FAILED TOO MANY TIMES, TRYING ANOTHER ENVIRONMENT
On 7118 out of 10000
On 7119 out of 10000
On 7120 out of 10000
On 7121 out of 10000
On 7122 out of 10000
Failed run, not saved
On 7122 out of 10000
Failed run, not saved
On 7122 out of 10000
Failed run, not saved
On 7122 out of 10000
Failed run, not saved
On 7122 out of 10000
Failed run, not saved
On 7122 out of 10000
Failed run, not saved
On 7122 out of 10000
Failed run, not saved
On 7122 out of 10000
Failed run, not saved
On 7122 out of 10000
Failed run, not saved
On 7122 out of 10000
Failed run, not saved
On 7122 out of 10000
Failed run, not saved
		FAILED TOO MANY TIMES, TRYING ANOTHER ENVIRONMENT
On 7122 out of 10000
On 7123 out of 10000
On 7124 out of 10000
On 7125 out of 10000
On 7126 out of 10000
On 7127 out of 10000
On 7128 out of 10000
On 7129 out of 10000
On 7130 out of 10000
On 7131 out of 10000
On 7132 out of 10000
Failed run, not saved
On 7132 out of 10000
On 7133 out of 10000
On 7134 out of 10000
On 7135 out of 10000
On 7136 out of 10000
On 7137 out of 10000
On 7138 out of 10000
Failed run, not saved
On 7138 out of 10000
Failed run, not saved
On 7138 out of 10000
Failed run, not saved
On 7138 out of 10000
Failed run, not saved
On 7138 out of 10000
Failed run, not saved
On 7138 out of 10000
Failed run, not saved
On 7138 out of 10000
Failed run, not saved
On 7138 out of 10000
Failed run, not saved
On 7138 out of 10000
Failed run, not saved
On 7138 out of 10000
Failed run, not saved
On 7138 out of 10000
On 7139 out of 10000
On 7140 out of 10000
On 7141 out of 10000
Failed run, not saved
On 7141 out of 10000
Failed run, not saved
On 7141 out of 10000
Failed run, not saved
On 7141 out of 10000
Failed run, not saved
On 7141 out of 10000
Failed run, not saved
On 7141 out of 10000
Failed run, not saved
On 7141 out of 10000
Failed run, not saved
On 7141 out of 10000
Failed run, not saved
On 7141 out of 10000
Failed run, not saved
On 7141 out of 10000
Failed run, not saved
On 7141 out of 10000
Failed run, not saved
		FAILED TOO MANY TIMES, TRYING ANOTHER ENVIRONMENT
On 7141 out of 10000
On 7142 out of 10000
On 7143 out of 10000
On 7144 out of 10000
On 7145 out of 10000
On 7146 out of 10000
On 7147 out of 10000
On 7148 out of 10000
Failed run, not saved
On 7148 out of 10000
On 7149 out of 10000
On 7150 out of 10000
Failed run, not saved
On 7150 out of 10000
Failed run, not saved
On 7150 out of 10000
On 7151 out of 10000
On 7152 out of 10000
On 7153 out of 10000
On 7154 out of 10000
On 7155 out of 10000
On 7156 out of 10000
On 7157 out of 10000
On 7158 out of 10000
Failed run, not saved
On 7158 out of 10000
On 7159 out of 10000
On 7160 out of 10000
On 7161 out of 10000
Failed run, not saved
On 7161 out of 10000
Failed run, not saved
On 7161 out of 10000
Failed run, not saved
On 7161 out of 10000
Failed run, not saved
On 7161 out of 10000
Failed run, not saved
On 7161 out of 10000
Failed run, not saved
On 7161 out of 10000
Failed run, not saved
On 7161 out of 10000
Failed run, not saved
On 7161 out of 10000
Failed run, not saved
On 7161 out of 10000
Failed run, not saved
On 7161 out of 10000
Failed run, not saved
		FAILED TOO MANY TIMES, TRYING ANOTHER ENVIRONMENT
On 7161 out of 10000
On 7162 out of 10000
On 7163 out of 10000
On 7164 out of 10000
Failed run, not saved
On 7164 out of 10000
On 7165 out of 10000
On 7166 out of 10000
Failed run, not saved
On 7166 out of 10000
Failed run, not saved
On 7166 out of 10000
Failed run, not saved
On 7166 out of 10000
On 7167 out of 10000
On 7168 out of 10000
Failed run, not saved
On 7168 out of 10000
On 7169 out of 10000
On 7170 out of 10000
On 7171 out of 10000
Failed run, not saved
On 7171 out of 10000
Failed run, not saved
On 7171 out of 10000
Failed run, not saved
On 7171 out of 10000
Failed run, not saved
On 7171 out of 10000
On 7172 out of 10000
On 7173 out of 10000
Failed run, not saved
On 7173 out of 10000
Failed run, not saved
On 7173 out of 10000
Failed run, not saved
On 7173 out of 10000
Failed run, not saved
On 7173 out of 10000
Failed run, not saved
On 7173 out of 10000
Failed run, not saved
On 7173 out of 10000
Failed run, not saved
On 7173 out of 10000
Failed run, not saved
On 7173 out of 10000
Failed run, not saved
On 7173 out of 10000
Failed run, not saved
On 7173 out of 10000
Failed run, not saved
		FAILED TOO MANY TIMES, TRYING ANOTHER ENVIRONMENT
On 7173 out of 10000
Failed run, not saved
		FAILED TOO MANY TIMES, TRYING ANOTHER ENVIRONMENT
On 7173 out of 10000
On 7174 out of 10000
On 7175 out of 10000
On 7176 out of 10000
Failed run, not saved
On 7176 out of 10000
Failed run, not saved
On 7176 out of 10000
Failed run, not saved
On 7176 out of 10000
Failed run, not saved
On 7176 out of 10000
Failed run, not saved
On 7176 out of 10000
Failed run, not saved
On 7176 out of 10000
Failed run, not saved
On 7176 out of 10000
Failed run, not saved
On 7176 out of 10000
Failed run, not saved
On 7176 out of 10000
Failed run, not saved
On 7176 out of 10000
Failed run, not saved
		FAILED TOO MANY TIMES, TRYING ANOTHER ENVIRONMENT
On 7176 out of 10000
On 7177 out of 10000
Failed run, not saved
On 7177 out of 10000
Failed run, not saved
On 7177 out of 10000
Failed run, not saved
On 7177 out of 10000
Failed run, not saved
On 7177 out of 10000
Failed run, not saved
On 7177 out of 10000
Failed run, not saved
On 7177 out of 10000
Failed run, not saved
On 7177 out of 10000
Failed run, not saved
On 7177 out of 10000
Failed run, not saved
On 7177 out of 10000
Failed run, not saved
On 7177 out of 10000
Failed run, not saved
		FAILED TOO MANY TIMES, TRYING ANOTHER ENVIRONMENT
On 7177 out of 10000
On 7178 out of 10000
On 7179 out of 10000
On 7180 out of 10000
Failed run, not saved
On 7180 out of 10000
On 7181 out of 10000
On 7182 out of 10000
On 7183 out of 10000
On 7184 out of 10000
On 7185 out of 10000
On 7186 out of 10000
On 7187 out of 10000
On 7188 out of 10000
On 7189 out of 10000
On 7190 out of 10000
On 7191 out of 10000
On 7192 out of 10000
On 7193 out of 10000
On 7194 out of 10000
On 7195 out of 10000
Failed run, not saved
On 7195 out of 10000
Failed run, not saved
On 7195 out of 10000
Failed run, not saved
On 7195 out of 10000
On 7196 out of 10000
Failed run, not saved
On 7196 out of 10000
Failed run, not saved
On 7196 out of 10000
On 7197 out of 10000
On 7198 out of 10000
Failed run, not saved
On 7198 out of 10000
On 7199 out of 10000
Failed run, not saved
On 7199 out of 10000
On 7200 out of 10000
Failed run, not saved
On 7200 out of 10000
Failed run, not saved
On 7200 out of 10000
Failed run, not saved
On 7200 out of 10000
On 7201 out of 10000
On 7202 out of 10000
On 7203 out of 10000
On 7204 out of 10000
Failed run, not saved
On 7204 out of 10000
Failed run, not saved
On 7204 out of 10000
On 7205 out of 10000
Failed run, not saved
On 7205 out of 10000
Failed run, not saved
On 7205 out of 10000
Failed run, not saved
On 7205 out of 10000
Failed run, not saved
On 7205 out of 10000
Failed run, not saved
On 7205 out of 10000
Failed run, not saved
On 7205 out of 10000
Failed run, not saved
On 7205 out of 10000
On 7206 out of 10000
On 7207 out of 10000
On 7208 out of 10000
Failed run, not saved
On 7208 out of 10000
Failed run, not saved
On 7208 out of 10000
On 7209 out of 10000
On 7210 out of 10000
On 7211 out of 10000
On 7212 out of 10000
On 7213 out of 10000
On 7214 out of 10000
On 7215 out of 10000
Failed run, not saved
On 7215 out of 10000
Failed run, not saved
On 7215 out of 10000
Failed run, not saved
On 7215 out of 10000
Failed run, not saved
On 7215 out of 10000
Failed run, not saved
On 7215 out of 10000
Failed run, not saved
On 7215 out of 10000
Failed run, not saved
On 7215 out of 10000
Failed run, not saved
On 7215 out of 10000
Failed run, not saved
On 7215 out of 10000
Failed run, not saved
On 7215 out of 10000
Failed run, not saved
		FAILED TOO MANY TIMES, TRYING ANOTHER ENVIRONMENT
On 7215 out of 10000
On 7216 out of 10000
Failed run, not saved
On 7216 out of 10000
On 7217 out of 10000
On 7218 out of 10000
On 7219 out of 10000
Failed run, not saved
On 7219 out of 10000
On 7220 out of 10000
On 7221 out of 10000
Failed run, not saved
On 7221 out of 10000
Failed run, not saved
On 7221 out of 10000
Failed run, not saved
On 7221 out of 10000
On 7222 out of 10000
Failed run, not saved
On 7222 out of 10000
Failed run, not saved
On 7222 out of 10000
Failed run, not saved
On 7222 out of 10000
Failed run, not saved
On 7222 out of 10000
Failed run, not saved
On 7222 out of 10000
Failed run, not saved
On 7222 out of 10000
Failed run, not saved
On 7222 out of 10000
Failed run, not saved
On 7222 out of 10000
Failed run, not saved
On 7222 out of 10000
Failed run, not saved
On 7222 out of 10000
Failed run, not saved
		FAILED TOO MANY TIMES, TRYING ANOTHER ENVIRONMENT
On 7222 out of 10000
On 7223 out of 10000
On 7224 out of 10000
On 7225 out of 10000
Failed run, not saved
On 7225 out of 10000
On 7226 out of 10000
On 7227 out of 10000
Failed run, not saved
On 7227 out of 10000
Failed run, not saved
On 7227 out of 10000
Failed run, not saved
On 7227 out of 10000
Failed run, not saved
On 7227 out of 10000
On 7228 out of 10000
On 7229 out of 10000
On 7230 out of 10000
On 7231 out of 10000
On 7232 out of 10000
On 7233 out of 10000
On 7234 out of 10000
On 7235 out of 10000
Failed run, not saved
On 7235 out of 10000
On 7236 out of 10000
On 7237 out of 10000
On 7238 out of 10000
On 7239 out of 10000
Failed run, not saved
On 7239 out of 10000
Failed run, not saved
On 7239 out of 10000
Failed run, not saved
On 7239 out of 10000
Failed run, not saved
On 7239 out of 10000
On 7240 out of 10000
On 7241 out of 10000
Failed run, not saved
On 7241 out of 10000
Failed run, not saved
On 7241 out of 10000
On 7242 out of 10000
Failed run, not saved
On 7242 out of 10000
Failed run, not saved
On 7242 out of 10000
Failed run, not saved
On 7242 out of 10000
Failed run, not saved
On 7242 out of 10000
On 7243 out of 10000
On 7244 out of 10000
On 7245 out of 10000
On 7246 out of 10000
On 7247 out of 10000
On 7248 out of 10000
On 7249 out of 10000
On 7250 out of 10000
On 7251 out of 10000
On 7252 out of 10000
Failed run, not saved
On 7252 out of 10000
Failed run, not saved
On 7252 out of 10000
Failed run, not saved
On 7252 out of 10000
Failed run, not saved
On 7252 out of 10000
Failed run, not saved
On 7252 out of 10000
Failed run, not saved
On 7252 out of 10000
Failed run, not saved
On 7252 out of 10000
Failed run, not saved
On 7252 out of 10000
Failed run, not saved
On 7252 out of 10000
Failed run, not saved
On 7252 out of 10000
Failed run, not saved
		FAILED TOO MANY TIMES, TRYING ANOTHER ENVIRONMENT
On 7252 out of 10000
Failed run, not saved
		FAILED TOO MANY TIMES, TRYING ANOTHER ENVIRONMENT
On 7252 out of 10000
On 7253 out of 10000
On 7254 out of 10000
On 7255 out of 10000
On 7256 out of 10000
On 7257 out of 10000
Failed run, not saved
On 7257 out of 10000
Failed run, not saved
On 7257 out of 10000
Failed run, not saved
On 7257 out of 10000
Failed run, not saved
On 7257 out of 10000
Failed run, not saved
On 7257 out of 10000
Failed run, not saved
On 7257 out of 10000
Failed run, not saved
On 7257 out of 10000
Failed run, not saved
On 7257 out of 10000
Failed run, not saved
On 7257 out of 10000
Failed run, not saved
On 7257 out of 10000
Failed run, not saved
		FAILED TOO MANY TIMES, TRYING ANOTHER ENVIRONMENT
On 7257 out of 10000
On 7258 out of 10000
On 7259 out of 10000
On 7260 out of 10000
On 7261 out of 10000
Failed run, not saved
On 7261 out of 10000
On 7262 out of 10000
On 7263 out of 10000
Failed run, not saved
On 7263 out of 10000
On 7264 out of 10000
On 7265 out of 10000
Failed run, not saved
On 7265 out of 10000
Failed run, not saved
On 7265 out of 10000
Failed run, not saved
On 7265 out of 10000
Failed run, not saved
On 7265 out of 10000
Failed run, not saved
On 7265 out of 10000
Failed run, not saved
On 7265 out of 10000
Failed run, not saved
On 7265 out of 10000
Failed run, not saved
On 7265 out of 10000
Failed run, not saved
On 7265 out of 10000
Failed run, not saved
On 7265 out of 10000
Failed run, not saved
		FAILED TOO MANY TIMES, TRYING ANOTHER ENVIRONMENT
On 7265 out of 10000
Failed run, not saved
		FAILED TOO MANY TIMES, TRYING ANOTHER ENVIRONMENT
On 7265 out of 10000
On 7266 out of 10000
Failed run, not saved
On 7266 out of 10000
Failed run, not saved
On 7266 out of 10000
Failed run, not saved
On 7266 out of 10000
Failed run, not saved
On 7266 out of 10000
Failed run, not saved
On 7266 out of 10000
Failed run, not saved
On 7266 out of 10000
Failed run, not saved
On 7266 out of 10000
Failed run, not saved
On 7266 out of 10000
Failed run, not saved
On 7266 out of 10000
Failed run, not saved
On 7266 out of 10000
Failed run, not saved
		FAILED TOO MANY TIMES, TRYING ANOTHER ENVIRONMENT
On 7266 out of 10000
On 7267 out of 10000
Failed run, not saved
On 7267 out of 10000
Failed run, not saved
On 7267 out of 10000
Failed run, not saved
On 7267 out of 10000
On 7268 out of 10000
Failed run, not saved
On 7268 out of 10000
Failed run, not saved
On 7268 out of 10000
Failed run, not saved
On 7268 out of 10000
On 7269 out of 10000
Failed run, not saved
On 7269 out of 10000
On 7270 out of 10000
On 7271 out of 10000
Failed run, not saved
On 7271 out of 10000
Failed run, not saved
On 7271 out of 10000
Failed run, not saved
On 7271 out of 10000
Failed run, not saved
On 7271 out of 10000
Failed run, not saved
On 7271 out of 10000
Failed run, not saved
On 7271 out of 10000
Failed run, not saved
On 7271 out of 10000
Failed run, not saved
On 7271 out of 10000
Failed run, not saved
On 7271 out of 10000
Failed run, not saved
On 7271 out of 10000
Failed run, not saved
		FAILED TOO MANY TIMES, TRYING ANOTHER ENVIRONMENT
On 7271 out of 10000
Failed run, not saved
		FAILED TOO MANY TIMES, TRYING ANOTHER ENVIRONMENT
On 7271 out of 10000
Failed run, not saved
		FAILED TOO MANY TIMES, TRYING ANOTHER ENVIRONMENT
On 7271 out of 10000
On 7272 out of 10000
On 7273 out of 10000
Failed run, not saved
On 7273 out of 10000
Failed run, not saved
On 7273 out of 10000
Failed run, not saved
On 7273 out of 10000
Failed run, not saved
On 7273 out of 10000
Failed run, not saved
On 7273 out of 10000
Failed run, not saved
On 7273 out of 10000
Failed run, not saved
On 7273 out of 10000
Failed run, not saved
On 7273 out of 10000
Failed run, not saved
On 7273 out of 10000
On 7274 out of 10000
Failed run, not saved
On 7274 out of 10000
On 7275 out of 10000
On 7276 out of 10000
On 7277 out of 10000
On 7278 out of 10000
On 7279 out of 10000
On 7280 out of 10000
On 7281 out of 10000
On 7282 out of 10000
Failed run, not saved
On 7282 out of 10000
Failed run, not saved
On 7282 out of 10000
Failed run, not saved
On 7282 out of 10000
Failed run, not saved
On 7282 out of 10000
Failed run, not saved
On 7282 out of 10000
Failed run, not saved
On 7282 out of 10000
Failed run, not saved
On 7282 out of 10000
Failed run, not saved
On 7282 out of 10000
Failed run, not saved
On 7282 out of 10000
Failed run, not saved
On 7282 out of 10000
Failed run, not saved
		FAILED TOO MANY TIMES, TRYING ANOTHER ENVIRONMENT
On 7282 out of 10000
Failed run, not saved
		FAILED TOO MANY TIMES, TRYING ANOTHER ENVIRONMENT
On 7282 out of 10000
On 7283 out of 10000
On 7284 out of 10000
On 7285 out of 10000
Failed run, not saved
On 7285 out of 10000
On 7286 out of 10000
On 7287 out of 10000
On 7288 out of 10000
Failed run, not saved
On 7288 out of 10000
Failed run, not saved
On 7288 out of 10000
Failed run, not saved
On 7288 out of 10000
Failed run, not saved
On 7288 out of 10000
Failed run, not saved
On 7288 out of 10000
Failed run, not saved
On 7288 out of 10000
Failed run, not saved
On 7288 out of 10000
Failed run, not saved
On 7288 out of 10000
Failed run, not saved
On 7288 out of 10000
Failed run, not saved
On 7288 out of 10000
Failed run, not saved
		FAILED TOO MANY TIMES, TRYING ANOTHER ENVIRONMENT
On 7288 out of 10000
On 7289 out of 10000
Failed run, not saved
On 7289 out of 10000
Failed run, not saved
On 7289 out of 10000
On 7290 out of 10000
On 7291 out of 10000
On 7292 out of 10000
On 7293 out of 10000
On 7294 out of 10000
On 7295 out of 10000
On 7296 out of 10000
On 7297 out of 10000
On 7298 out of 10000
On 7299 out of 10000
On 7300 out of 10000
On 7301 out of 10000
On 7302 out of 10000
On 7303 out of 10000
On 7304 out of 10000
On 7305 out of 10000
On 7306 out of 10000
On 7307 out of 10000
On 7308 out of 10000
Failed run, not saved
On 7308 out of 10000
Failed run, not saved
On 7308 out of 10000
Failed run, not saved
On 7308 out of 10000
On 7309 out of 10000
On 7310 out of 10000
On 7311 out of 10000
On 7312 out of 10000
Failed run, not saved
On 7312 out of 10000
Failed run, not saved
On 7312 out of 10000
Failed run, not saved
On 7312 out of 10000
Failed run, not saved
On 7312 out of 10000
On 7313 out of 10000
On 7314 out of 10000
On 7315 out of 10000
On 7316 out of 10000
On 7317 out of 10000
On 7318 out of 10000
On 7319 out of 10000
On 7320 out of 10000
Failed run, not saved
On 7320 out of 10000
Failed run, not saved
On 7320 out of 10000
Failed run, not saved
On 7320 out of 10000
Failed run, not saved
On 7320 out of 10000
Failed run, not saved
On 7320 out of 10000
Failed run, not saved
On 7320 out of 10000
Failed run, not saved
On 7320 out of 10000
Failed run, not saved
On 7320 out of 10000
Failed run, not saved
On 7320 out of 10000
Failed run, not saved
On 7320 out of 10000
Failed run, not saved
		FAILED TOO MANY TIMES, TRYING ANOTHER ENVIRONMENT
On 7320 out of 10000
On 7321 out of 10000
On 7322 out of 10000
On 7323 out of 10000
On 7324 out of 10000
On 7325 out of 10000
On 7326 out of 10000
Failed run, not saved
On 7326 out of 10000
Failed run, not saved
On 7326 out of 10000
Failed run, not saved
On 7326 out of 10000
On 7327 out of 10000
On 7328 out of 10000
On 7329 out of 10000
On 7330 out of 10000
On 7331 out of 10000
On 7332 out of 10000
Failed run, not saved
On 7332 out of 10000
On 7333 out of 10000
On 7334 out of 10000
On 7335 out of 10000
On 7336 out of 10000
Failed run, not saved
On 7336 out of 10000
On 7337 out of 10000
On 7338 out of 10000
On 7339 out of 10000
Failed run, not saved
On 7339 out of 10000
On 7340 out of 10000
On 7341 out of 10000
On 7342 out of 10000
On 7343 out of 10000
On 7344 out of 10000
On 7345 out of 10000
Failed run, not saved
On 7345 out of 10000
Failed run, not saved
On 7345 out of 10000
Failed run, not saved
On 7345 out of 10000
Failed run, not saved
On 7345 out of 10000
Failed run, not saved
On 7345 out of 10000
Failed run, not saved
On 7345 out of 10000
Failed run, not saved
On 7345 out of 10000
Failed run, not saved
On 7345 out of 10000
Failed run, not saved
On 7345 out of 10000
Failed run, not saved
On 7345 out of 10000
Failed run, not saved
		FAILED TOO MANY TIMES, TRYING ANOTHER ENVIRONMENT
On 7345 out of 10000
On 7346 out of 10000
On 7347 out of 10000
On 7348 out of 10000
On 7349 out of 10000
On 7350 out of 10000
On 7351 out of 10000
On 7352 out of 10000
On 7353 out of 10000
On 7354 out of 10000
Failed run, not saved
On 7354 out of 10000
On 7355 out of 10000
On 7356 out of 10000
On 7357 out of 10000
Failed run, not saved
On 7357 out of 10000
On 7358 out of 10000
On 7359 out of 10000
On 7360 out of 10000
On 7361 out of 10000
On 7362 out of 10000
On 7363 out of 10000
Failed run, not saved
On 7363 out of 10000
On 7364 out of 10000
On 7365 out of 10000
On 7366 out of 10000
Failed run, not saved
On 7366 out of 10000
Failed run, not saved
On 7366 out of 10000
Failed run, not saved
On 7366 out of 10000
Failed run, not saved
On 7366 out of 10000
On 7367 out of 10000
On 7368 out of 10000
On 7369 out of 10000
On 7370 out of 10000
On 7371 out of 10000
On 7372 out of 10000
Failed run, not saved
On 7372 out of 10000
On 7373 out of 10000
Failed run, not saved
On 7373 out of 10000
On 7374 out of 10000
On 7375 out of 10000
On 7376 out of 10000
Failed run, not saved
On 7376 out of 10000
Failed run, not saved
On 7376 out of 10000
Failed run, not saved
On 7376 out of 10000
Failed run, not saved
On 7376 out of 10000
Failed run, not saved
On 7376 out of 10000
Failed run, not saved
On 7376 out of 10000
Failed run, not saved
On 7376 out of 10000
Failed run, not saved
On 7376 out of 10000
Failed run, not saved
On 7376 out of 10000
Failed run, not saved
On 7376 out of 10000
Failed run, not saved
		FAILED TOO MANY TIMES, TRYING ANOTHER ENVIRONMENT
On 7376 out of 10000
On 7377 out of 10000
Failed run, not saved
On 7377 out of 10000
Failed run, not saved
On 7377 out of 10000
Failed run, not saved
On 7377 out of 10000
Failed run, not saved
On 7377 out of 10000
Failed run, not saved
On 7377 out of 10000
Failed run, not saved
On 7377 out of 10000
Failed run, not saved
On 7377 out of 10000
Failed run, not saved
On 7377 out of 10000
Failed run, not saved
On 7377 out of 10000
Failed run, not saved
On 7377 out of 10000
Failed run, not saved
		FAILED TOO MANY TIMES, TRYING ANOTHER ENVIRONMENT
On 7377 out of 10000
On 7378 out of 10000
On 7379 out of 10000
On 7380 out of 10000
On 7381 out of 10000
On 7382 out of 10000
On 7383 out of 10000
On 7384 out of 10000
Failed run, not saved
On 7384 out of 10000
On 7385 out of 10000
On 7386 out of 10000
On 7387 out of 10000
On 7388 out of 10000
On 7389 out of 10000
On 7390 out of 10000
On 7391 out of 10000
On 7392 out of 10000
On 7393 out of 10000
On 7394 out of 10000
On 7395 out of 10000
Failed run, not saved
On 7395 out of 10000
Failed run, not saved
On 7395 out of 10000
Failed run, not saved
On 7395 out of 10000
Failed run, not saved
On 7395 out of 10000
Failed run, not saved
On 7395 out of 10000
On 7396 out of 10000
On 7397 out of 10000
On 7398 out of 10000
On 7399 out of 10000
Failed run, not saved
On 7399 out of 10000
On 7400 out of 10000
On 7401 out of 10000
Failed run, not saved
On 7401 out of 10000
On 7402 out of 10000
Failed run, not saved
On 7402 out of 10000
Failed run, not saved
On 7402 out of 10000
Failed run, not saved
On 7402 out of 10000
Failed run, not saved
On 7402 out of 10000
Failed run, not saved
On 7402 out of 10000
Failed run, not saved
On 7402 out of 10000
On 7403 out of 10000
On 7404 out of 10000
On 7405 out of 10000
On 7406 out of 10000
On 7407 out of 10000
On 7408 out of 10000
On 7409 out of 10000
On 7410 out of 10000
On 7411 out of 10000
Failed run, not saved
On 7411 out of 10000
Failed run, not saved
On 7411 out of 10000
On 7412 out of 10000
On 7413 out of 10000
Failed run, not saved
On 7413 out of 10000
On 7414 out of 10000
Failed run, not saved
On 7414 out of 10000
Failed run, not saved
On 7414 out of 10000
On 7415 out of 10000
On 7416 out of 10000
On 7417 out of 10000
Failed run, not saved
On 7417 out of 10000
Failed run, not saved
On 7417 out of 10000
Failed run, not saved
On 7417 out of 10000
Failed run, not saved
On 7417 out of 10000
Failed run, not saved
On 7417 out of 10000
Failed run, not saved
On 7417 out of 10000
Failed run, not saved
On 7417 out of 10000
Failed run, not saved
On 7417 out of 10000
Failed run, not saved
On 7417 out of 10000
On 7418 out of 10000
Failed run, not saved
On 7418 out of 10000
Failed run, not saved
On 7418 out of 10000
On 7419 out of 10000
On 7420 out of 10000
On 7421 out of 10000
On 7422 out of 10000
Failed run, not saved
On 7422 out of 10000
Failed run, not saved
On 7422 out of 10000
Failed run, not saved
On 7422 out of 10000
Failed run, not saved
On 7422 out of 10000
Failed run, not saved
On 7422 out of 10000
Failed run, not saved
On 7422 out of 10000
Failed run, not saved
On 7422 out of 10000
Failed run, not saved
On 7422 out of 10000
Failed run, not saved
On 7422 out of 10000
Failed run, not saved
On 7422 out of 10000
Failed run, not saved
		FAILED TOO MANY TIMES, TRYING ANOTHER ENVIRONMENT
On 7422 out of 10000
On 7423 out of 10000
Failed run, not saved
On 7423 out of 10000
Failed run, not saved
On 7423 out of 10000
On 7424 out of 10000
On 7425 out of 10000
Failed run, not saved
On 7425 out of 10000
Failed run, not saved
On 7425 out of 10000
Failed run, not saved
On 7425 out of 10000
On 7426 out of 10000
On 7427 out of 10000
On 7428 out of 10000
On 7429 out of 10000
On 7430 out of 10000
On 7431 out of 10000
On 7432 out of 10000
On 7433 out of 10000
On 7434 out of 10000
On 7435 out of 10000
On 7436 out of 10000
On 7437 out of 10000
On 7438 out of 10000
On 7439 out of 10000
On 7440 out of 10000
On 7441 out of 10000
On 7442 out of 10000
Failed run, not saved
On 7442 out of 10000
Failed run, not saved
On 7442 out of 10000
Failed run, not saved
On 7442 out of 10000
Failed run, not saved
On 7442 out of 10000
Failed run, not saved
On 7442 out of 10000
Failed run, not saved
On 7442 out of 10000
Failed run, not saved
On 7442 out of 10000
Failed run, not saved
On 7442 out of 10000
Failed run, not saved
On 7442 out of 10000
Failed run, not saved
On 7442 out of 10000
On 7443 out of 10000
On 7444 out of 10000
On 7445 out of 10000
On 7446 out of 10000
Failed run, not saved
On 7446 out of 10000
Failed run, not saved
On 7446 out of 10000
Failed run, not saved
On 7446 out of 10000
On 7447 out of 10000
On 7448 out of 10000
On 7449 out of 10000
On 7450 out of 10000
Failed run, not saved
On 7450 out of 10000
Failed run, not saved
On 7450 out of 10000
Failed run, not saved
On 7450 out of 10000
Failed run, not saved
On 7450 out of 10000
Failed run, not saved
On 7450 out of 10000
Failed run, not saved
On 7450 out of 10000
Failed run, not saved
On 7450 out of 10000
Failed run, not saved
On 7450 out of 10000
Failed run, not saved
On 7450 out of 10000
Failed run, not saved
On 7450 out of 10000
On 7451 out of 10000
On 7452 out of 10000
On 7453 out of 10000
On 7454 out of 10000
On 7455 out of 10000
On 7456 out of 10000
On 7457 out of 10000
Failed run, not saved
On 7457 out of 10000
Failed run, not saved
On 7457 out of 10000
Failed run, not saved
On 7457 out of 10000
Failed run, not saved
On 7457 out of 10000
Failed run, not saved
On 7457 out of 10000
Failed run, not saved
On 7457 out of 10000
Failed run, not saved
On 7457 out of 10000
Failed run, not saved
On 7457 out of 10000
Failed run, not saved
On 7457 out of 10000
Failed run, not saved
On 7457 out of 10000
On 7458 out of 10000
Failed run, not saved
On 7458 out of 10000
Failed run, not saved
On 7458 out of 10000
On 7459 out of 10000
On 7460 out of 10000
On 7461 out of 10000
Failed run, not saved
On 7461 out of 10000
Failed run, not saved
On 7461 out of 10000
On 7462 out of 10000
Failed run, not saved
On 7462 out of 10000
Failed run, not saved
On 7462 out of 10000
On 7463 out of 10000
On 7464 out of 10000
Failed run, not saved
On 7464 out of 10000
Failed run, not saved
On 7464 out of 10000
Failed run, not saved
On 7464 out of 10000
Failed run, not saved
On 7464 out of 10000
Failed run, not saved
On 7464 out of 10000
Failed run, not saved
On 7464 out of 10000
Failed run, not saved
On 7464 out of 10000
Failed run, not saved
On 7464 out of 10000
Failed run, not saved
On 7464 out of 10000
Failed run, not saved
On 7464 out of 10000
On 7465 out of 10000
On 7466 out of 10000
On 7467 out of 10000
On 7468 out of 10000
On 7469 out of 10000
On 7470 out of 10000
Failed run, not saved
On 7470 out of 10000
Failed run, not saved
On 7470 out of 10000
Failed run, not saved
On 7470 out of 10000
On 7471 out of 10000
On 7472 out of 10000
Failed run, not saved
On 7472 out of 10000
Failed run, not saved
On 7472 out of 10000
Failed run, not saved
On 7472 out of 10000
Failed run, not saved
On 7472 out of 10000
Failed run, not saved
On 7472 out of 10000
Failed run, not saved
On 7472 out of 10000
Failed run, not saved
On 7472 out of 10000
Failed run, not saved
On 7472 out of 10000
Failed run, not saved
On 7472 out of 10000
Failed run, not saved
On 7472 out of 10000
Failed run, not saved
		FAILED TOO MANY TIMES, TRYING ANOTHER ENVIRONMENT
On 7472 out of 10000
On 7473 out of 10000
On 7474 out of 10000
On 7475 out of 10000
On 7476 out of 10000
On 7477 out of 10000
Failed run, not saved
On 7477 out of 10000
Failed run, not saved
On 7477 out of 10000
Failed run, not saved
On 7477 out of 10000
Failed run, not saved
On 7477 out of 10000
Failed run, not saved
On 7477 out of 10000
Failed run, not saved
On 7477 out of 10000
Failed run, not saved
On 7477 out of 10000
Failed run, not saved
On 7477 out of 10000
Failed run, not saved
On 7477 out of 10000
Failed run, not saved
On 7477 out of 10000
Failed run, not saved
		FAILED TOO MANY TIMES, TRYING ANOTHER ENVIRONMENT
On 7477 out of 10000
Failed run, not saved
		FAILED TOO MANY TIMES, TRYING ANOTHER ENVIRONMENT
On 7477 out of 10000
On 7478 out of 10000
On 7479 out of 10000
On 7480 out of 10000
Failed run, not saved
On 7480 out of 10000
Failed run, not saved
On 7480 out of 10000
Failed run, not saved
On 7480 out of 10000
On 7481 out of 10000
On 7482 out of 10000
On 7483 out of 10000
Failed run, not saved
On 7483 out of 10000
Failed run, not saved
On 7483 out of 10000
Failed run, not saved
On 7483 out of 10000
On 7484 out of 10000
On 7485 out of 10000
Failed run, not saved
On 7485 out of 10000
Failed run, not saved
On 7485 out of 10000
Failed run, not saved
On 7485 out of 10000
Failed run, not saved
On 7485 out of 10000
On 7486 out of 10000
On 7487 out of 10000
Failed run, not saved
On 7487 out of 10000
Failed run, not saved
On 7487 out of 10000
Failed run, not saved
On 7487 out of 10000
On 7488 out of 10000
On 7489 out of 10000
Failed run, not saved
On 7489 out of 10000
Failed run, not saved
On 7489 out of 10000
Failed run, not saved
On 7489 out of 10000
On 7490 out of 10000
On 7491 out of 10000
Failed run, not saved
On 7491 out of 10000
On 7492 out of 10000
On 7493 out of 10000
On 7494 out of 10000
On 7495 out of 10000
On 7496 out of 10000
Failed run, not saved
On 7496 out of 10000
On 7497 out of 10000
On 7498 out of 10000
On 7499 out of 10000
On 7500 out of 10000
Failed run, not saved
On 7500 out of 10000
On 7501 out of 10000
On 7502 out of 10000
On 7503 out of 10000
On 7504 out of 10000
On 7505 out of 10000
On 7506 out of 10000
On 7507 out of 10000
Failed run, not saved
On 7507 out of 10000
On 7508 out of 10000
On 7509 out of 10000
On 7510 out of 10000
On 7511 out of 10000
Failed run, not saved
On 7511 out of 10000
Failed run, not saved
On 7511 out of 10000
Failed run, not saved
On 7511 out of 10000
Failed run, not saved
On 7511 out of 10000
Failed run, not saved
On 7511 out of 10000
Failed run, not saved
On 7511 out of 10000
Failed run, not saved
On 7511 out of 10000
Failed run, not saved
On 7511 out of 10000
Failed run, not saved
On 7511 out of 10000
On 7512 out of 10000
On 7513 out of 10000
On 7514 out of 10000
On 7515 out of 10000
On 7516 out of 10000
On 7517 out of 10000
Failed run, not saved
On 7517 out of 10000
On 7518 out of 10000
Failed run, not saved
On 7518 out of 10000
On 7519 out of 10000
Failed run, not saved
On 7519 out of 10000
On 7520 out of 10000
On 7521 out of 10000
On 7522 out of 10000
Failed run, not saved
On 7522 out of 10000
Failed run, not saved
On 7522 out of 10000
Failed run, not saved
On 7522 out of 10000
On 7523 out of 10000
On 7524 out of 10000
Failed run, not saved
On 7524 out of 10000
On 7525 out of 10000
On 7526 out of 10000
On 7527 out of 10000
Failed run, not saved
On 7527 out of 10000
Failed run, not saved
On 7527 out of 10000
Failed run, not saved
On 7527 out of 10000
Failed run, not saved
On 7527 out of 10000
Failed run, not saved
On 7527 out of 10000
Failed run, not saved
On 7527 out of 10000
Failed run, not saved
On 7527 out of 10000
On 7528 out of 10000
On 7529 out of 10000
Failed run, not saved
On 7529 out of 10000
Failed run, not saved
On 7529 out of 10000
On 7530 out of 10000
On 7531 out of 10000
On 7532 out of 10000
On 7533 out of 10000
Failed run, not saved
On 7533 out of 10000
Failed run, not saved
On 7533 out of 10000
On 7534 out of 10000
On 7535 out of 10000
On 7536 out of 10000
Failed run, not saved
On 7536 out of 10000
Failed run, not saved
On 7536 out of 10000
On 7537 out of 10000
Failed run, not saved
On 7537 out of 10000
Failed run, not saved
On 7537 out of 10000
Failed run, not saved
On 7537 out of 10000
Failed run, not saved
On 7537 out of 10000
Failed run, not saved
On 7537 out of 10000
Failed run, not saved
On 7537 out of 10000
Failed run, not saved
On 7537 out of 10000
Failed run, not saved
On 7537 out of 10000
Failed run, not saved
On 7537 out of 10000
Failed run, not saved
On 7537 out of 10000
Failed run, not saved
		FAILED TOO MANY TIMES, TRYING ANOTHER ENVIRONMENT
On 7537 out of 10000
On 7538 out of 10000
On 7539 out of 10000
On 7540 out of 10000
On 7541 out of 10000
On 7542 out of 10000
Failed run, not saved
On 7542 out of 10000
On 7543 out of 10000
On 7544 out of 10000
On 7545 out of 10000
On 7546 out of 10000
On 7547 out of 10000
On 7548 out of 10000
On 7549 out of 10000
On 7550 out of 10000
Failed run, not saved
On 7550 out of 10000
Failed run, not saved
On 7550 out of 10000
On 7551 out of 10000
On 7552 out of 10000
On 7553 out of 10000
On 7554 out of 10000
On 7555 out of 10000
On 7556 out of 10000
Failed run, not saved
On 7556 out of 10000
Failed run, not saved
On 7556 out of 10000
Failed run, not saved
On 7556 out of 10000
Failed run, not saved
On 7556 out of 10000
Failed run, not saved
On 7556 out of 10000
Failed run, not saved
On 7556 out of 10000
Failed run, not saved
On 7556 out of 10000
On 7557 out of 10000
On 7558 out of 10000
On 7559 out of 10000
Failed run, not saved
On 7559 out of 10000
Failed run, not saved
On 7559 out of 10000
On 7560 out of 10000
On 7561 out of 10000
On 7562 out of 10000
On 7563 out of 10000
On 7564 out of 10000
On 7565 out of 10000
Failed run, not saved
On 7565 out of 10000
Failed run, not saved
On 7565 out of 10000
On 7566 out of 10000
On 7567 out of 10000
On 7568 out of 10000
On 7569 out of 10000
On 7570 out of 10000
On 7571 out of 10000
On 7572 out of 10000
On 7573 out of 10000
Failed run, not saved
On 7573 out of 10000
Failed run, not saved
On 7573 out of 10000
On 7574 out of 10000
On 7575 out of 10000
Failed run, not saved
On 7575 out of 10000
Failed run, not saved
On 7575 out of 10000
Failed run, not saved
On 7575 out of 10000
Failed run, not saved
On 7575 out of 10000
On 7576 out of 10000
On 7577 out of 10000
Failed run, not saved
On 7577 out of 10000
Failed run, not saved
On 7577 out of 10000
On 7578 out of 10000
On 7579 out of 10000
Failed run, not saved
On 7579 out of 10000
Failed run, not saved
On 7579 out of 10000
Failed run, not saved
On 7579 out of 10000
On 7580 out of 10000
On 7581 out of 10000
Failed run, not saved
On 7581 out of 10000
On 7582 out of 10000
On 7583 out of 10000
On 7584 out of 10000
On 7585 out of 10000
On 7586 out of 10000
Failed run, not saved
On 7586 out of 10000
Failed run, not saved
On 7586 out of 10000
Failed run, not saved
On 7586 out of 10000
Failed run, not saved
On 7586 out of 10000
Failed run, not saved
On 7586 out of 10000
On 7587 out of 10000
On 7588 out of 10000
On 7589 out of 10000
Failed run, not saved
On 7589 out of 10000
On 7590 out of 10000
On 7591 out of 10000
On 7592 out of 10000
On 7593 out of 10000
On 7594 out of 10000
On 7595 out of 10000
On 7596 out of 10000
Failed run, not saved
On 7596 out of 10000
Failed run, not saved
On 7596 out of 10000
On 7597 out of 10000
On 7598 out of 10000
On 7599 out of 10000
On 7600 out of 10000
Failed run, not saved
On 7600 out of 10000
On 7601 out of 10000
On 7602 out of 10000
On 7603 out of 10000
On 7604 out of 10000
Failed run, not saved
On 7604 out of 10000
Failed run, not saved
On 7604 out of 10000
Failed run, not saved
On 7604 out of 10000
Failed run, not saved
On 7604 out of 10000
Failed run, not saved
On 7604 out of 10000
Failed run, not saved
On 7604 out of 10000
Failed run, not saved
On 7604 out of 10000
Failed run, not saved
On 7604 out of 10000
Failed run, not saved
On 7604 out of 10000
Failed run, not saved
On 7604 out of 10000
Failed run, not saved
		FAILED TOO MANY TIMES, TRYING ANOTHER ENVIRONMENT
On 7604 out of 10000
On 7605 out of 10000
On 7606 out of 10000
On 7607 out of 10000
On 7608 out of 10000
On 7609 out of 10000
On 7610 out of 10000
On 7611 out of 10000
On 7612 out of 10000
Failed run, not saved
On 7612 out of 10000
Failed run, not saved
On 7612 out of 10000
On 7613 out of 10000
On 7614 out of 10000
On 7615 out of 10000
Failed run, not saved
On 7615 out of 10000
Failed run, not saved
On 7615 out of 10000
On 7616 out of 10000
On 7617 out of 10000
On 7618 out of 10000
On 7619 out of 10000
Failed run, not saved
On 7619 out of 10000
On 7620 out of 10000
On 7621 out of 10000
On 7622 out of 10000
On 7623 out of 10000
On 7624 out of 10000
On 7625 out of 10000
On 7626 out of 10000
Failed run, not saved
On 7626 out of 10000
Failed run, not saved
On 7626 out of 10000
On 7627 out of 10000
On 7628 out of 10000
On 7629 out of 10000
Failed run, not saved
On 7629 out of 10000
Failed run, not saved
On 7629 out of 10000
Failed run, not saved
On 7629 out of 10000
Failed run, not saved
On 7629 out of 10000
Failed run, not saved
On 7629 out of 10000
On 7630 out of 10000
On 7631 out of 10000
On 7632 out of 10000
On 7633 out of 10000
On 7634 out of 10000
On 7635 out of 10000
On 7636 out of 10000
On 7637 out of 10000
On 7638 out of 10000
On 7639 out of 10000
On 7640 out of 10000
On 7641 out of 10000
On 7642 out of 10000
On 7643 out of 10000
On 7644 out of 10000
On 7645 out of 10000
On 7646 out of 10000
Failed run, not saved
On 7646 out of 10000
On 7647 out of 10000
On 7648 out of 10000
Failed run, not saved
On 7648 out of 10000
Failed run, not saved
On 7648 out of 10000
Failed run, not saved
On 7648 out of 10000
Failed run, not saved
On 7648 out of 10000
Failed run, not saved
On 7648 out of 10000
Failed run, not saved
On 7648 out of 10000
Failed run, not saved
On 7648 out of 10000
Failed run, not saved
On 7648 out of 10000
Failed run, not saved
On 7648 out of 10000
Failed run, not saved
On 7648 out of 10000
Failed run, not saved
		FAILED TOO MANY TIMES, TRYING ANOTHER ENVIRONMENT
On 7648 out of 10000
Failed run, not saved
		FAILED TOO MANY TIMES, TRYING ANOTHER ENVIRONMENT
On 7648 out of 10000
Failed run, not saved
		FAILED TOO MANY TIMES, TRYING ANOTHER ENVIRONMENT
On 7648 out of 10000
On 7649 out of 10000
Failed run, not saved
On 7649 out of 10000
Failed run, not saved
On 7649 out of 10000
Failed run, not saved
On 7649 out of 10000
On 7650 out of 10000
Failed run, not saved
On 7650 out of 10000
Failed run, not saved
On 7650 out of 10000
Failed run, not saved
On 7650 out of 10000
Failed run, not saved
On 7650 out of 10000
Failed run, not saved
On 7650 out of 10000
Failed run, not saved
On 7650 out of 10000
Failed run, not saved
On 7650 out of 10000
Failed run, not saved
On 7650 out of 10000
Failed run, not saved
On 7650 out of 10000
Failed run, not saved
On 7650 out of 10000
On 7651 out of 10000
On 7652 out of 10000
On 7653 out of 10000
Failed run, not saved
On 7653 out of 10000
Failed run, not saved
On 7653 out of 10000
Failed run, not saved
On 7653 out of 10000
Failed run, not saved
On 7653 out of 10000
Failed run, not saved
On 7653 out of 10000
Failed run, not saved
On 7653 out of 10000
Failed run, not saved
On 7653 out of 10000
Failed run, not saved
On 7653 out of 10000
Failed run, not saved
On 7653 out of 10000
Failed run, not saved
On 7653 out of 10000
Failed run, not saved
		FAILED TOO MANY TIMES, TRYING ANOTHER ENVIRONMENT
On 7653 out of 10000
On 7654 out of 10000
Failed run, not saved
On 7654 out of 10000
Failed run, not saved
On 7654 out of 10000
On 7655 out of 10000
On 7656 out of 10000
On 7657 out of 10000
On 7658 out of 10000
On 7659 out of 10000
On 7660 out of 10000
Failed run, not saved
On 7660 out of 10000
On 7661 out of 10000
Failed run, not saved
On 7661 out of 10000
Failed run, not saved
On 7661 out of 10000
Failed run, not saved
On 7661 out of 10000
On 7662 out of 10000
Failed run, not saved
On 7662 out of 10000
Failed run, not saved
On 7662 out of 10000
Failed run, not saved
On 7662 out of 10000
Failed run, not saved
On 7662 out of 10000
On 7663 out of 10000
On 7664 out of 10000
Failed run, not saved
On 7664 out of 10000
Failed run, not saved
On 7664 out of 10000
Failed run, not saved
On 7664 out of 10000
On 7665 out of 10000
On 7666 out of 10000
On 7667 out of 10000
Failed run, not saved
On 7667 out of 10000
Failed run, not saved
On 7667 out of 10000
Failed run, not saved
On 7667 out of 10000
Failed run, not saved
On 7667 out of 10000
Failed run, not saved
On 7667 out of 10000
Failed run, not saved
On 7667 out of 10000
On 7668 out of 10000
On 7669 out of 10000
On 7670 out of 10000
On 7671 out of 10000
On 7672 out of 10000
On 7673 out of 10000
On 7674 out of 10000
On 7675 out of 10000
On 7676 out of 10000
On 7677 out of 10000
On 7678 out of 10000
On 7679 out of 10000
Failed run, not saved
On 7679 out of 10000
Failed run, not saved
On 7679 out of 10000
Failed run, not saved
On 7679 out of 10000
Failed run, not saved
On 7679 out of 10000
Failed run, not saved
On 7679 out of 10000
Failed run, not saved
On 7679 out of 10000
Failed run, not saved
On 7679 out of 10000
Failed run, not saved
On 7679 out of 10000
Failed run, not saved
On 7679 out of 10000
Failed run, not saved
On 7679 out of 10000
Failed run, not saved
		FAILED TOO MANY TIMES, TRYING ANOTHER ENVIRONMENT
On 7679 out of 10000
On 7680 out of 10000
On 7681 out of 10000
Failed run, not saved
On 7681 out of 10000
Failed run, not saved
On 7681 out of 10000
Failed run, not saved
On 7681 out of 10000
Failed run, not saved
On 7681 out of 10000
On 7682 out of 10000
On 7683 out of 10000
On 7684 out of 10000
On 7685 out of 10000
On 7686 out of 10000
On 7687 out of 10000
Failed run, not saved
On 7687 out of 10000
Failed run, not saved
On 7687 out of 10000
Failed run, not saved
On 7687 out of 10000
Failed run, not saved
On 7687 out of 10000
Failed run, not saved
On 7687 out of 10000
Failed run, not saved
On 7687 out of 10000
Failed run, not saved
On 7687 out of 10000
Failed run, not saved
On 7687 out of 10000
On 7688 out of 10000
On 7689 out of 10000
On 7690 out of 10000
On 7691 out of 10000
On 7692 out of 10000
On 7693 out of 10000
Failed run, not saved
On 7693 out of 10000
Failed run, not saved
On 7693 out of 10000
Failed run, not saved
On 7693 out of 10000
On 7694 out of 10000
On 7695 out of 10000
On 7696 out of 10000
On 7697 out of 10000
On 7698 out of 10000
Failed run, not saved
On 7698 out of 10000
On 7699 out of 10000
On 7700 out of 10000
On 7701 out of 10000
Failed run, not saved
On 7701 out of 10000
Failed run, not saved
On 7701 out of 10000
On 7702 out of 10000
On 7703 out of 10000
On 7704 out of 10000
On 7705 out of 10000
On 7706 out of 10000
Failed run, not saved
On 7706 out of 10000
Failed run, not saved
On 7706 out of 10000
Failed run, not saved
On 7706 out of 10000
Failed run, not saved
On 7706 out of 10000
On 7707 out of 10000
Failed run, not saved
On 7707 out of 10000
On 7708 out of 10000
On 7709 out of 10000
Failed run, not saved
On 7709 out of 10000
On 7710 out of 10000
On 7711 out of 10000
On 7712 out of 10000
On 7713 out of 10000
Failed run, not saved
On 7713 out of 10000
Failed run, not saved
On 7713 out of 10000
Failed run, not saved
On 7713 out of 10000
On 7714 out of 10000
Failed run, not saved
On 7714 out of 10000
Failed run, not saved
On 7714 out of 10000
Failed run, not saved
On 7714 out of 10000
Failed run, not saved
On 7714 out of 10000
Failed run, not saved
On 7714 out of 10000
On 7715 out of 10000
Failed run, not saved
On 7715 out of 10000
Failed run, not saved
On 7715 out of 10000
Failed run, not saved
On 7715 out of 10000
Failed run, not saved
On 7715 out of 10000
Failed run, not saved
On 7715 out of 10000
Failed run, not saved
On 7715 out of 10000
Failed run, not saved
On 7715 out of 10000
Failed run, not saved
On 7715 out of 10000
Failed run, not saved
On 7715 out of 10000
Failed run, not saved
On 7715 out of 10000
Failed run, not saved
		FAILED TOO MANY TIMES, TRYING ANOTHER ENVIRONMENT
On 7715 out of 10000
On 7716 out of 10000
On 7717 out of 10000
On 7718 out of 10000
On 7719 out of 10000
Failed run, not saved
On 7719 out of 10000
On 7720 out of 10000
On 7721 out of 10000
Failed run, not saved
On 7721 out of 10000
On 7722 out of 10000
Failed run, not saved
On 7722 out of 10000
Failed run, not saved
On 7722 out of 10000
Failed run, not saved
On 7722 out of 10000
Failed run, not saved
On 7722 out of 10000
Failed run, not saved
On 7722 out of 10000
Failed run, not saved
On 7722 out of 10000
Failed run, not saved
On 7722 out of 10000
Failed run, not saved
On 7722 out of 10000
Failed run, not saved
On 7722 out of 10000
Failed run, not saved
On 7722 out of 10000
Failed run, not saved
		FAILED TOO MANY TIMES, TRYING ANOTHER ENVIRONMENT
On 7722 out of 10000
On 7723 out of 10000
On 7724 out of 10000
On 7725 out of 10000
On 7726 out of 10000
On 7727 out of 10000
Failed run, not saved
On 7727 out of 10000
Failed run, not saved
On 7727 out of 10000
Failed run, not saved
On 7727 out of 10000
Failed run, not saved
On 7727 out of 10000
Failed run, not saved
On 7727 out of 10000
On 7728 out of 10000
Failed run, not saved
On 7728 out of 10000
On 7729 out of 10000
Failed run, not saved
On 7729 out of 10000
Failed run, not saved
On 7729 out of 10000
Failed run, not saved
On 7729 out of 10000
Failed run, not saved
On 7729 out of 10000
Failed run, not saved
On 7729 out of 10000
Failed run, not saved
On 7729 out of 10000
Failed run, not saved
On 7729 out of 10000
Failed run, not saved
On 7729 out of 10000
Failed run, not saved
On 7729 out of 10000
Failed run, not saved
On 7729 out of 10000
Failed run, not saved
		FAILED TOO MANY TIMES, TRYING ANOTHER ENVIRONMENT
On 7729 out of 10000
On 7730 out of 10000
On 7731 out of 10000
On 7732 out of 10000
Failed run, not saved
On 7732 out of 10000
Failed run, not saved
On 7732 out of 10000
Failed run, not saved
On 7732 out of 10000
Failed run, not saved
On 7732 out of 10000
Failed run, not saved
On 7732 out of 10000
Failed run, not saved
On 7732 out of 10000
Failed run, not saved
On 7732 out of 10000
Failed run, not saved
On 7732 out of 10000
Failed run, not saved
On 7732 out of 10000
Failed run, not saved
On 7732 out of 10000
Failed run, not saved
		FAILED TOO MANY TIMES, TRYING ANOTHER ENVIRONMENT
On 7732 out of 10000
Failed run, not saved
		FAILED TOO MANY TIMES, TRYING ANOTHER ENVIRONMENT
On 7732 out of 10000
On 7733 out of 10000
On 7734 out of 10000
On 7735 out of 10000
On 7736 out of 10000
On 7737 out of 10000
Failed run, not saved
On 7737 out of 10000
On 7738 out of 10000
Failed run, not saved
On 7738 out of 10000
On 7739 out of 10000
On 7740 out of 10000
Failed run, not saved
On 7740 out of 10000
Failed run, not saved
On 7740 out of 10000
Failed run, not saved
On 7740 out of 10000
Failed run, not saved
On 7740 out of 10000
Failed run, not saved
On 7740 out of 10000
Failed run, not saved
On 7740 out of 10000
Failed run, not saved
On 7740 out of 10000
Failed run, not saved
On 7740 out of 10000
Failed run, not saved
On 7740 out of 10000
Failed run, not saved
On 7740 out of 10000
Failed run, not saved
		FAILED TOO MANY TIMES, TRYING ANOTHER ENVIRONMENT
On 7740 out of 10000
On 7741 out of 10000
Failed run, not saved
On 7741 out of 10000
On 7742 out of 10000
On 7743 out of 10000
On 7744 out of 10000
On 7745 out of 10000
On 7746 out of 10000
Failed run, not saved
On 7746 out of 10000
Failed run, not saved
On 7746 out of 10000
Failed run, not saved
On 7746 out of 10000
Failed run, not saved
On 7746 out of 10000
Failed run, not saved
On 7746 out of 10000
Failed run, not saved
On 7746 out of 10000
Failed run, not saved
On 7746 out of 10000
On 7747 out of 10000
On 7748 out of 10000
Failed run, not saved
On 7748 out of 10000
Failed run, not saved
On 7748 out of 10000
On 7749 out of 10000
On 7750 out of 10000
On 7751 out of 10000
On 7752 out of 10000
Failed run, not saved
On 7752 out of 10000
Failed run, not saved
On 7752 out of 10000
Failed run, not saved
On 7752 out of 10000
Failed run, not saved
On 7752 out of 10000
Failed run, not saved
On 7752 out of 10000
Failed run, not saved
On 7752 out of 10000
On 7753 out of 10000
On 7754 out of 10000
Failed run, not saved
On 7754 out of 10000
On 7755 out of 10000
Failed run, not saved
On 7755 out of 10000
On 7756 out of 10000
Failed run, not saved
On 7756 out of 10000
Failed run, not saved
On 7756 out of 10000
On 7757 out of 10000
Failed run, not saved
On 7757 out of 10000
Failed run, not saved
On 7757 out of 10000
Failed run, not saved
On 7757 out of 10000
Failed run, not saved
On 7757 out of 10000
Failed run, not saved
On 7757 out of 10000
Failed run, not saved
On 7757 out of 10000
Failed run, not saved
On 7757 out of 10000
Failed run, not saved
On 7757 out of 10000
Failed run, not saved
On 7757 out of 10000
Failed run, not saved
On 7757 out of 10000
On 7758 out of 10000
On 7759 out of 10000
Failed run, not saved
On 7759 out of 10000
Failed run, not saved
On 7759 out of 10000
Failed run, not saved
On 7759 out of 10000
Failed run, not saved
On 7759 out of 10000
On 7760 out of 10000
On 7761 out of 10000
On 7762 out of 10000
Failed run, not saved
On 7762 out of 10000
Failed run, not saved
On 7762 out of 10000
Failed run, not saved
On 7762 out of 10000
Failed run, not saved
On 7762 out of 10000
Failed run, not saved
On 7762 out of 10000
Failed run, not saved
On 7762 out of 10000
Failed run, not saved
On 7762 out of 10000
Failed run, not saved
On 7762 out of 10000
Failed run, not saved
On 7762 out of 10000
Failed run, not saved
On 7762 out of 10000
Failed run, not saved
		FAILED TOO MANY TIMES, TRYING ANOTHER ENVIRONMENT
On 7762 out of 10000
On 7763 out of 10000
On 7764 out of 10000
On 7765 out of 10000
On 7766 out of 10000
On 7767 out of 10000
Failed run, not saved
On 7767 out of 10000
Failed run, not saved
On 7767 out of 10000
Failed run, not saved
On 7767 out of 10000
Failed run, not saved
On 7767 out of 10000
Failed run, not saved
On 7767 out of 10000
On 7768 out of 10000
On 7769 out of 10000
On 7770 out of 10000
On 7771 out of 10000
On 7772 out of 10000
On 7773 out of 10000
On 7774 out of 10000
On 7775 out of 10000
On 7776 out of 10000
Failed run, not saved
On 7776 out of 10000
Failed run, not saved
On 7776 out of 10000
Failed run, not saved
On 7776 out of 10000
Failed run, not saved
On 7776 out of 10000
Failed run, not saved
On 7776 out of 10000
Failed run, not saved
On 7776 out of 10000
Failed run, not saved
On 7776 out of 10000
Failed run, not saved
On 7776 out of 10000
Failed run, not saved
On 7776 out of 10000
Failed run, not saved
On 7776 out of 10000
Failed run, not saved
		FAILED TOO MANY TIMES, TRYING ANOTHER ENVIRONMENT
On 7776 out of 10000
On 7777 out of 10000
On 7778 out of 10000
On 7779 out of 10000
On 7780 out of 10000
On 7781 out of 10000
On 7782 out of 10000
On 7783 out of 10000
On 7784 out of 10000
On 7785 out of 10000
On 7786 out of 10000
Failed run, not saved
On 7786 out of 10000
Failed run, not saved
On 7786 out of 10000
Failed run, not saved
On 7786 out of 10000
Failed run, not saved
On 7786 out of 10000
On 7787 out of 10000
On 7788 out of 10000
On 7789 out of 10000
Failed run, not saved
On 7789 out of 10000
On 7790 out of 10000
On 7791 out of 10000
On 7792 out of 10000
On 7793 out of 10000
On 7794 out of 10000
On 7795 out of 10000
On 7796 out of 10000
On 7797 out of 10000
Failed run, not saved
On 7797 out of 10000
Failed run, not saved
On 7797 out of 10000
On 7798 out of 10000
On 7799 out of 10000
On 7800 out of 10000
On 7801 out of 10000
On 7802 out of 10000
Failed run, not saved
On 7802 out of 10000
Failed run, not saved
On 7802 out of 10000
Failed run, not saved
On 7802 out of 10000
Failed run, not saved
On 7802 out of 10000
On 7803 out of 10000
Failed run, not saved
On 7803 out of 10000
Failed run, not saved
On 7803 out of 10000
Failed run, not saved
On 7803 out of 10000
Failed run, not saved
On 7803 out of 10000
Failed run, not saved
On 7803 out of 10000
Failed run, not saved
On 7803 out of 10000
Failed run, not saved
On 7803 out of 10000
Failed run, not saved
On 7803 out of 10000
Failed run, not saved
On 7803 out of 10000
Failed run, not saved
On 7803 out of 10000
Failed run, not saved
		FAILED TOO MANY TIMES, TRYING ANOTHER ENVIRONMENT
On 7803 out of 10000
Failed run, not saved
		FAILED TOO MANY TIMES, TRYING ANOTHER ENVIRONMENT
On 7803 out of 10000
Failed run, not saved
		FAILED TOO MANY TIMES, TRYING ANOTHER ENVIRONMENT
On 7803 out of 10000
On 7804 out of 10000
Failed run, not saved
On 7804 out of 10000
On 7805 out of 10000
Failed run, not saved
On 7805 out of 10000
Failed run, not saved
On 7805 out of 10000
On 7806 out of 10000
On 7807 out of 10000
Failed run, not saved
On 7807 out of 10000
On 7808 out of 10000
Failed run, not saved
On 7808 out of 10000
Failed run, not saved
On 7808 out of 10000
Failed run, not saved
On 7808 out of 10000
Failed run, not saved
On 7808 out of 10000
On 7809 out of 10000
Failed run, not saved
On 7809 out of 10000
On 7810 out of 10000
On 7811 out of 10000
On 7812 out of 10000
On 7813 out of 10000
On 7814 out of 10000
On 7815 out of 10000
On 7816 out of 10000
On 7817 out of 10000
On 7818 out of 10000
On 7819 out of 10000
On 7820 out of 10000
On 7821 out of 10000
On 7822 out of 10000
On 7823 out of 10000
Failed run, not saved
On 7823 out of 10000
Failed run, not saved
On 7823 out of 10000
Failed run, not saved
On 7823 out of 10000
Failed run, not saved
On 7823 out of 10000
Failed run, not saved
On 7823 out of 10000
Failed run, not saved
On 7823 out of 10000
Failed run, not saved
On 7823 out of 10000
Failed run, not saved
On 7823 out of 10000
Failed run, not saved
On 7823 out of 10000
Failed run, not saved
On 7823 out of 10000
Failed run, not saved
		FAILED TOO MANY TIMES, TRYING ANOTHER ENVIRONMENT
On 7823 out of 10000
On 7824 out of 10000
Failed run, not saved
On 7824 out of 10000
On 7825 out of 10000
On 7826 out of 10000
On 7827 out of 10000
On 7828 out of 10000
On 7829 out of 10000
On 7830 out of 10000
Failed run, not saved
On 7830 out of 10000
Failed run, not saved
On 7830 out of 10000
Failed run, not saved
On 7830 out of 10000
Failed run, not saved
On 7830 out of 10000
Failed run, not saved
On 7830 out of 10000
Failed run, not saved
On 7830 out of 10000
Failed run, not saved
On 7830 out of 10000
Failed run, not saved
On 7830 out of 10000
On 7831 out of 10000
On 7832 out of 10000
On 7833 out of 10000
On 7834 out of 10000
On 7835 out of 10000
On 7836 out of 10000
On 7837 out of 10000
Failed run, not saved
On 7837 out of 10000
Failed run, not saved
On 7837 out of 10000
Failed run, not saved
On 7837 out of 10000
Failed run, not saved
On 7837 out of 10000
Failed run, not saved
On 7837 out of 10000
Failed run, not saved
On 7837 out of 10000
Failed run, not saved
On 7837 out of 10000
On 7838 out of 10000
On 7839 out of 10000
On 7840 out of 10000
On 7841 out of 10000
On 7842 out of 10000
On 7843 out of 10000
Failed run, not saved
On 7843 out of 10000
Failed run, not saved
On 7843 out of 10000
On 7844 out of 10000
On 7845 out of 10000
On 7846 out of 10000
On 7847 out of 10000
On 7848 out of 10000
On 7849 out of 10000
Failed run, not saved
On 7849 out of 10000
Failed run, not saved
On 7849 out of 10000
On 7850 out of 10000
On 7851 out of 10000
On 7852 out of 10000
On 7853 out of 10000
Failed run, not saved
On 7853 out of 10000
On 7854 out of 10000
Failed run, not saved
On 7854 out of 10000
On 7855 out of 10000
On 7856 out of 10000
On 7857 out of 10000
On 7858 out of 10000
On 7859 out of 10000
Failed run, not saved
On 7859 out of 10000
On 7860 out of 10000
On 7861 out of 10000
Failed run, not saved
On 7861 out of 10000
Failed run, not saved
On 7861 out of 10000
Failed run, not saved
On 7861 out of 10000
Failed run, not saved
On 7861 out of 10000
On 7862 out of 10000
On 7863 out of 10000
On 7864 out of 10000
Failed run, not saved
On 7864 out of 10000
Failed run, not saved
On 7864 out of 10000
Failed run, not saved
On 7864 out of 10000
Failed run, not saved
On 7864 out of 10000
Failed run, not saved
On 7864 out of 10000
Failed run, not saved
On 7864 out of 10000
Failed run, not saved
On 7864 out of 10000
Failed run, not saved
On 7864 out of 10000
Failed run, not saved
On 7864 out of 10000
Failed run, not saved
On 7864 out of 10000
Failed run, not saved
		FAILED TOO MANY TIMES, TRYING ANOTHER ENVIRONMENT
On 7864 out of 10000
Failed run, not saved
		FAILED TOO MANY TIMES, TRYING ANOTHER ENVIRONMENT
On 7864 out of 10000
On 7865 out of 10000
On 7866 out of 10000
On 7867 out of 10000
On 7868 out of 10000
On 7869 out of 10000
On 7870 out of 10000
On 7871 out of 10000
On 7872 out of 10000
On 7873 out of 10000
Failed run, not saved
On 7873 out of 10000
On 7874 out of 10000
Failed run, not saved
On 7874 out of 10000
On 7875 out of 10000
On 7876 out of 10000
On 7877 out of 10000
On 7878 out of 10000
Failed run, not saved
On 7878 out of 10000
Failed run, not saved
On 7878 out of 10000
On 7879 out of 10000
On 7880 out of 10000
On 7881 out of 10000
On 7882 out of 10000
On 7883 out of 10000
On 7884 out of 10000
On 7885 out of 10000
On 7886 out of 10000
On 7887 out of 10000
Failed run, not saved
On 7887 out of 10000
Failed run, not saved
On 7887 out of 10000
Failed run, not saved
On 7887 out of 10000
Failed run, not saved
On 7887 out of 10000
Failed run, not saved
On 7887 out of 10000
Failed run, not saved
On 7887 out of 10000
On 7888 out of 10000
On 7889 out of 10000
On 7890 out of 10000
On 7891 out of 10000
On 7892 out of 10000
Failed run, not saved
On 7892 out of 10000
Failed run, not saved
On 7892 out of 10000
Failed run, not saved
On 7892 out of 10000
On 7893 out of 10000
Failed run, not saved
On 7893 out of 10000
Failed run, not saved
On 7893 out of 10000
Failed run, not saved
On 7893 out of 10000
Failed run, not saved
On 7893 out of 10000
Failed run, not saved
On 7893 out of 10000
Failed run, not saved
On 7893 out of 10000
Failed run, not saved
On 7893 out of 10000
Failed run, not saved
On 7893 out of 10000
Failed run, not saved
On 7893 out of 10000
On 7894 out of 10000
On 7895 out of 10000
On 7896 out of 10000
Failed run, not saved
On 7896 out of 10000
Failed run, not saved
On 7896 out of 10000
Failed run, not saved
On 7896 out of 10000
Failed run, not saved
On 7896 out of 10000
Failed run, not saved
On 7896 out of 10000
Failed run, not saved
On 7896 out of 10000
Failed run, not saved
On 7896 out of 10000
Failed run, not saved
On 7896 out of 10000
Failed run, not saved
On 7896 out of 10000
Failed run, not saved
On 7896 out of 10000
Failed run, not saved
		FAILED TOO MANY TIMES, TRYING ANOTHER ENVIRONMENT
On 7896 out of 10000
On 7897 out of 10000
Failed run, not saved
On 7897 out of 10000
On 7898 out of 10000
On 7899 out of 10000
On 7900 out of 10000
On 7901 out of 10000
Failed run, not saved
On 7901 out of 10000
Failed run, not saved
On 7901 out of 10000
On 7902 out of 10000
Failed run, not saved
On 7902 out of 10000
Failed run, not saved
On 7902 out of 10000
On 7903 out of 10000
On 7904 out of 10000
On 7905 out of 10000
Failed run, not saved
On 7905 out of 10000
Failed run, not saved
On 7905 out of 10000
Failed run, not saved
On 7905 out of 10000
Failed run, not saved
On 7905 out of 10000
Failed run, not saved
On 7905 out of 10000
Failed run, not saved
On 7905 out of 10000
Failed run, not saved
On 7905 out of 10000
Failed run, not saved
On 7905 out of 10000
Failed run, not saved
On 7905 out of 10000
Failed run, not saved
On 7905 out of 10000
Failed run, not saved
		FAILED TOO MANY TIMES, TRYING ANOTHER ENVIRONMENT
On 7905 out of 10000
Failed run, not saved
		FAILED TOO MANY TIMES, TRYING ANOTHER ENVIRONMENT
On 7905 out of 10000
On 7906 out of 10000
Failed run, not saved
On 7906 out of 10000
Failed run, not saved
On 7906 out of 10000
Failed run, not saved
On 7906 out of 10000
Failed run, not saved
On 7906 out of 10000
Failed run, not saved
On 7906 out of 10000
Failed run, not saved
On 7906 out of 10000
On 7907 out of 10000
Failed run, not saved
On 7907 out of 10000
Failed run, not saved
On 7907 out of 10000
Failed run, not saved
On 7907 out of 10000
Failed run, not saved
On 7907 out of 10000
Failed run, not saved
On 7907 out of 10000
On 7908 out of 10000
On 7909 out of 10000
On 7910 out of 10000
On 7911 out of 10000
On 7912 out of 10000
Failed run, not saved
On 7912 out of 10000
Failed run, not saved
On 7912 out of 10000
Failed run, not saved
On 7912 out of 10000
Failed run, not saved
On 7912 out of 10000
Failed run, not saved
On 7912 out of 10000
Failed run, not saved
On 7912 out of 10000
Failed run, not saved
On 7912 out of 10000
Failed run, not saved
On 7912 out of 10000
Failed run, not saved
On 7912 out of 10000
Failed run, not saved
On 7912 out of 10000
Failed run, not saved
		FAILED TOO MANY TIMES, TRYING ANOTHER ENVIRONMENT
On 7912 out of 10000
On 7913 out of 10000
On 7914 out of 10000
On 7915 out of 10000
On 7916 out of 10000
On 7917 out of 10000
Failed run, not saved
On 7917 out of 10000
Failed run, not saved
On 7917 out of 10000
Failed run, not saved
On 7917 out of 10000
Failed run, not saved
On 7917 out of 10000
Failed run, not saved
On 7917 out of 10000
Failed run, not saved
On 7917 out of 10000
Failed run, not saved
On 7917 out of 10000
Failed run, not saved
On 7917 out of 10000
Failed run, not saved
On 7917 out of 10000
Failed run, not saved
On 7917 out of 10000
Failed run, not saved
		FAILED TOO MANY TIMES, TRYING ANOTHER ENVIRONMENT
On 7917 out of 10000
On 7918 out of 10000
Failed run, not saved
On 7918 out of 10000
Failed run, not saved
On 7918 out of 10000
Failed run, not saved
On 7918 out of 10000
Failed run, not saved
On 7918 out of 10000
Failed run, not saved
On 7918 out of 10000
Failed run, not saved
On 7918 out of 10000
Failed run, not saved
On 7918 out of 10000
Failed run, not saved
On 7918 out of 10000
Failed run, not saved
On 7918 out of 10000
Failed run, not saved
On 7918 out of 10000
Failed run, not saved
		FAILED TOO MANY TIMES, TRYING ANOTHER ENVIRONMENT
On 7918 out of 10000
Failed run, not saved
		FAILED TOO MANY TIMES, TRYING ANOTHER ENVIRONMENT
On 7918 out of 10000
Failed run, not saved
		FAILED TOO MANY TIMES, TRYING ANOTHER ENVIRONMENT
On 7918 out of 10000
Failed run, not saved
		FAILED TOO MANY TIMES, TRYING ANOTHER ENVIRONMENT
On 7918 out of 10000
On 7919 out of 10000
Failed run, not saved
On 7919 out of 10000
Failed run, not saved
On 7919 out of 10000
Failed run, not saved
On 7919 out of 10000
Failed run, not saved
On 7919 out of 10000
Failed run, not saved
On 7919 out of 10000
Failed run, not saved
On 7919 out of 10000
Failed run, not saved
On 7919 out of 10000
Failed run, not saved
On 7919 out of 10000
Failed run, not saved
On 7919 out of 10000
Failed run, not saved
On 7919 out of 10000
Failed run, not saved
		FAILED TOO MANY TIMES, TRYING ANOTHER ENVIRONMENT
On 7919 out of 10000
On 7920 out of 10000
On 7921 out of 10000
On 7922 out of 10000
On 7923 out of 10000
Failed run, not saved
On 7923 out of 10000
Failed run, not saved
On 7923 out of 10000
Failed run, not saved
On 7923 out of 10000
Failed run, not saved
On 7923 out of 10000
Failed run, not saved
On 7923 out of 10000
Failed run, not saved
On 7923 out of 10000
Failed run, not saved
On 7923 out of 10000
Failed run, not saved
On 7923 out of 10000
Failed run, not saved
On 7923 out of 10000
Failed run, not saved
On 7923 out of 10000
On 7924 out of 10000
Failed run, not saved
On 7924 out of 10000
Failed run, not saved
On 7924 out of 10000
On 7925 out of 10000
Failed run, not saved
On 7925 out of 10000
Failed run, not saved
On 7925 out of 10000
Failed run, not saved
On 7925 out of 10000
Failed run, not saved
On 7925 out of 10000
On 7926 out of 10000
Failed run, not saved
On 7926 out of 10000
Failed run, not saved
On 7926 out of 10000
Failed run, not saved
On 7926 out of 10000
Failed run, not saved
On 7926 out of 10000
Failed run, not saved
On 7926 out of 10000
Failed run, not saved
On 7926 out of 10000
Failed run, not saved
On 7926 out of 10000
Failed run, not saved
On 7926 out of 10000
Failed run, not saved
On 7926 out of 10000
Failed run, not saved
On 7926 out of 10000
Failed run, not saved
		FAILED TOO MANY TIMES, TRYING ANOTHER ENVIRONMENT
On 7926 out of 10000
On 7927 out of 10000
On 7928 out of 10000
Failed run, not saved
On 7928 out of 10000
On 7929 out of 10000
On 7930 out of 10000
On 7931 out of 10000
On 7932 out of 10000
On 7933 out of 10000
On 7934 out of 10000
On 7935 out of 10000
On 7936 out of 10000
On 7937 out of 10000
On 7938 out of 10000
Failed run, not saved
On 7938 out of 10000
On 7939 out of 10000
On 7940 out of 10000
Failed run, not saved
On 7940 out of 10000
Failed run, not saved
On 7940 out of 10000
Failed run, not saved
On 7940 out of 10000
Failed run, not saved
On 7940 out of 10000
On 7941 out of 10000
Failed run, not saved
On 7941 out of 10000
Failed run, not saved
On 7941 out of 10000
Failed run, not saved
On 7941 out of 10000
Failed run, not saved
On 7941 out of 10000
Failed run, not saved
On 7941 out of 10000
Failed run, not saved
On 7941 out of 10000
Failed run, not saved
On 7941 out of 10000
Failed run, not saved
On 7941 out of 10000
Failed run, not saved
On 7941 out of 10000
Failed run, not saved
On 7941 out of 10000
Failed run, not saved
		FAILED TOO MANY TIMES, TRYING ANOTHER ENVIRONMENT
On 7941 out of 10000
On 7942 out of 10000
On 7943 out of 10000
Failed run, not saved
On 7943 out of 10000
Failed run, not saved
On 7943 out of 10000
Failed run, not saved
On 7943 out of 10000
Failed run, not saved
On 7943 out of 10000
Failed run, not saved
On 7943 out of 10000
Failed run, not saved
On 7943 out of 10000
Failed run, not saved
On 7943 out of 10000
On 7944 out of 10000
On 7945 out of 10000
On 7946 out of 10000
On 7947 out of 10000
On 7948 out of 10000
On 7949 out of 10000
Failed run, not saved
On 7949 out of 10000
Failed run, not saved
On 7949 out of 10000
Failed run, not saved
On 7949 out of 10000
Failed run, not saved
On 7949 out of 10000
Failed run, not saved
On 7949 out of 10000
Failed run, not saved
On 7949 out of 10000
Failed run, not saved
On 7949 out of 10000
Failed run, not saved
On 7949 out of 10000
Failed run, not saved
On 7949 out of 10000
Failed run, not saved
On 7949 out of 10000
Failed run, not saved
		FAILED TOO MANY TIMES, TRYING ANOTHER ENVIRONMENT
On 7949 out of 10000
On 7950 out of 10000
Failed run, not saved
On 7950 out of 10000
Failed run, not saved
On 7950 out of 10000
Failed run, not saved
On 7950 out of 10000
On 7951 out of 10000
On 7952 out of 10000
Failed run, not saved
On 7952 out of 10000
Failed run, not saved
On 7952 out of 10000
Failed run, not saved
On 7952 out of 10000
On 7953 out of 10000
On 7954 out of 10000
On 7955 out of 10000
On 7956 out of 10000
On 7957 out of 10000
Failed run, not saved
On 7957 out of 10000
On 7958 out of 10000
On 7959 out of 10000
On 7960 out of 10000
On 7961 out of 10000
On 7962 out of 10000
On 7963 out of 10000
On 7964 out of 10000
On 7965 out of 10000
On 7966 out of 10000
On 7967 out of 10000
On 7968 out of 10000
On 7969 out of 10000
On 7970 out of 10000
Failed run, not saved
On 7970 out of 10000
Failed run, not saved
On 7970 out of 10000
On 7971 out of 10000
Failed run, not saved
On 7971 out of 10000
Failed run, not saved
On 7971 out of 10000
Failed run, not saved
On 7971 out of 10000
Failed run, not saved
On 7971 out of 10000
Failed run, not saved
On 7971 out of 10000
Failed run, not saved
On 7971 out of 10000
On 7972 out of 10000
On 7973 out of 10000
Failed run, not saved
On 7973 out of 10000
Failed run, not saved
On 7973 out of 10000
On 7974 out of 10000
On 7975 out of 10000
On 7976 out of 10000
On 7977 out of 10000
On 7978 out of 10000
On 7979 out of 10000
On 7980 out of 10000
On 7981 out of 10000
On 7982 out of 10000
On 7983 out of 10000
On 7984 out of 10000
Failed run, not saved
On 7984 out of 10000
Failed run, not saved
On 7984 out of 10000
Failed run, not saved
On 7984 out of 10000
Failed run, not saved
On 7984 out of 10000
Failed run, not saved
On 7984 out of 10000
Failed run, not saved
On 7984 out of 10000
On 7985 out of 10000
On 7986 out of 10000
On 7987 out of 10000
Failed run, not saved
On 7987 out of 10000
Failed run, not saved
On 7987 out of 10000
Failed run, not saved
On 7987 out of 10000
On 7988 out of 10000
On 7989 out of 10000
Failed run, not saved
On 7989 out of 10000
Failed run, not saved
On 7989 out of 10000
Failed run, not saved
On 7989 out of 10000
On 7990 out of 10000
Failed run, not saved
On 7990 out of 10000
On 7991 out of 10000
On 7992 out of 10000
On 7993 out of 10000
Failed run, not saved
On 7993 out of 10000
Failed run, not saved
On 7993 out of 10000
Failed run, not saved
On 7993 out of 10000
Failed run, not saved
On 7993 out of 10000
Failed run, not saved
On 7993 out of 10000
Failed run, not saved
On 7993 out of 10000
Failed run, not saved
On 7993 out of 10000
Failed run, not saved
On 7993 out of 10000
Failed run, not saved
On 7993 out of 10000
Failed run, not saved
On 7993 out of 10000
Failed run, not saved
		FAILED TOO MANY TIMES, TRYING ANOTHER ENVIRONMENT
On 7993 out of 10000
On 7994 out of 10000
On 7995 out of 10000
On 7996 out of 10000
On 7997 out of 10000
On 7998 out of 10000
Failed run, not saved
On 7998 out of 10000
Failed run, not saved
On 7998 out of 10000
Failed run, not saved
On 7998 out of 10000
Failed run, not saved
On 7998 out of 10000
Failed run, not saved
On 7998 out of 10000
Failed run, not saved
On 7998 out of 10000
Failed run, not saved
On 7998 out of 10000
Failed run, not saved
On 7998 out of 10000
Failed run, not saved
On 7998 out of 10000
Failed run, not saved
On 7998 out of 10000
Failed run, not saved
		FAILED TOO MANY TIMES, TRYING ANOTHER ENVIRONMENT
On 7998 out of 10000
On 7999 out of 10000
Failed run, not saved
On 7999 out of 10000
On 8000 out of 10000
On 8001 out of 10000
On 8002 out of 10000
On 8003 out of 10000
On 8004 out of 10000
On 8005 out of 10000
On 8006 out of 10000
On 8007 out of 10000
On 8008 out of 10000
On 8009 out of 10000
Failed run, not saved
On 8009 out of 10000
Failed run, not saved
On 8009 out of 10000
On 8010 out of 10000
On 8011 out of 10000
On 8012 out of 10000
On 8013 out of 10000
Failed run, not saved
On 8013 out of 10000
On 8014 out of 10000
On 8015 out of 10000
On 8016 out of 10000
Failed run, not saved
On 8016 out of 10000
Failed run, not saved
On 8016 out of 10000
Failed run, not saved
On 8016 out of 10000
On 8017 out of 10000
On 8018 out of 10000
On 8019 out of 10000
On 8020 out of 10000
On 8021 out of 10000
Failed run, not saved
On 8021 out of 10000
On 8022 out of 10000
Failed run, not saved
On 8022 out of 10000
Failed run, not saved
On 8022 out of 10000
Failed run, not saved
On 8022 out of 10000
Failed run, not saved
On 8022 out of 10000
Failed run, not saved
On 8022 out of 10000
Failed run, not saved
On 8022 out of 10000
Failed run, not saved
On 8022 out of 10000
Failed run, not saved
On 8022 out of 10000
Failed run, not saved
On 8022 out of 10000
Failed run, not saved
On 8022 out of 10000
On 8023 out of 10000
On 8024 out of 10000
On 8025 out of 10000
On 8026 out of 10000
On 8027 out of 10000
On 8028 out of 10000
Failed run, not saved
On 8028 out of 10000
On 8029 out of 10000
Failed run, not saved
On 8029 out of 10000
Failed run, not saved
On 8029 out of 10000
Failed run, not saved
On 8029 out of 10000
Failed run, not saved
On 8029 out of 10000
Failed run, not saved
On 8029 out of 10000
Failed run, not saved
On 8029 out of 10000
Failed run, not saved
On 8029 out of 10000
Failed run, not saved
On 8029 out of 10000
Failed run, not saved
On 8029 out of 10000
Failed run, not saved
On 8029 out of 10000
Failed run, not saved
		FAILED TOO MANY TIMES, TRYING ANOTHER ENVIRONMENT
On 8029 out of 10000
On 8030 out of 10000
On 8031 out of 10000
On 8032 out of 10000
On 8033 out of 10000
On 8034 out of 10000
On 8035 out of 10000
On 8036 out of 10000
On 8037 out of 10000
Failed run, not saved
On 8037 out of 10000
Failed run, not saved
On 8037 out of 10000
On 8038 out of 10000
Failed run, not saved
On 8038 out of 10000
Failed run, not saved
On 8038 out of 10000
Failed run, not saved
On 8038 out of 10000
Failed run, not saved
On 8038 out of 10000
Failed run, not saved
On 8038 out of 10000
Failed run, not saved
On 8038 out of 10000
Failed run, not saved
On 8038 out of 10000
Failed run, not saved
On 8038 out of 10000
Failed run, not saved
On 8038 out of 10000
Failed run, not saved
On 8038 out of 10000
Failed run, not saved
		FAILED TOO MANY TIMES, TRYING ANOTHER ENVIRONMENT
On 8038 out of 10000
Failed run, not saved
		FAILED TOO MANY TIMES, TRYING ANOTHER ENVIRONMENT
On 8038 out of 10000
Failed run, not saved
		FAILED TOO MANY TIMES, TRYING ANOTHER ENVIRONMENT
On 8038 out of 10000
On 8039 out of 10000
On 8040 out of 10000
On 8041 out of 10000
On 8042 out of 10000
On 8043 out of 10000
On 8044 out of 10000
On 8045 out of 10000
On 8046 out of 10000
On 8047 out of 10000
On 8048 out of 10000
On 8049 out of 10000
Failed run, not saved
On 8049 out of 10000
Failed run, not saved
On 8049 out of 10000
Failed run, not saved
On 8049 out of 10000
On 8050 out of 10000
On 8051 out of 10000
On 8052 out of 10000
Failed run, not saved
On 8052 out of 10000
On 8053 out of 10000
On 8054 out of 10000
Failed run, not saved
On 8054 out of 10000
On 8055 out of 10000
On 8056 out of 10000
On 8057 out of 10000
On 8058 out of 10000
On 8059 out of 10000
On 8060 out of 10000
On 8061 out of 10000
On 8062 out of 10000
On 8063 out of 10000
On 8064 out of 10000
Failed run, not saved
On 8064 out of 10000
Failed run, not saved
On 8064 out of 10000
Failed run, not saved
On 8064 out of 10000
Failed run, not saved
On 8064 out of 10000
On 8065 out of 10000
On 8066 out of 10000
Failed run, not saved
On 8066 out of 10000
On 8067 out of 10000
On 8068 out of 10000
On 8069 out of 10000
On 8070 out of 10000
On 8071 out of 10000
On 8072 out of 10000
On 8073 out of 10000
On 8074 out of 10000
Failed run, not saved
On 8074 out of 10000
On 8075 out of 10000
On 8076 out of 10000
On 8077 out of 10000
Failed run, not saved
On 8077 out of 10000
Failed run, not saved
On 8077 out of 10000
Failed run, not saved
On 8077 out of 10000
Failed run, not saved
On 8077 out of 10000
Failed run, not saved
On 8077 out of 10000
Failed run, not saved
On 8077 out of 10000
Failed run, not saved
On 8077 out of 10000
Failed run, not saved
On 8077 out of 10000
Failed run, not saved
On 8077 out of 10000
Failed run, not saved
On 8077 out of 10000
Failed run, not saved
		FAILED TOO MANY TIMES, TRYING ANOTHER ENVIRONMENT
On 8077 out of 10000
On 8078 out of 10000
On 8079 out of 10000
On 8080 out of 10000
On 8081 out of 10000
Failed run, not saved
On 8081 out of 10000
Failed run, not saved
On 8081 out of 10000
Failed run, not saved
On 8081 out of 10000
Failed run, not saved
On 8081 out of 10000
Failed run, not saved
On 8081 out of 10000
Failed run, not saved
On 8081 out of 10000
Failed run, not saved
On 8081 out of 10000
Failed run, not saved
On 8081 out of 10000
On 8082 out of 10000
On 8083 out of 10000
Failed run, not saved
On 8083 out of 10000
Failed run, not saved
On 8083 out of 10000
On 8084 out of 10000
On 8085 out of 10000
On 8086 out of 10000
On 8087 out of 10000
Failed run, not saved
On 8087 out of 10000
Failed run, not saved
On 8087 out of 10000
Failed run, not saved
On 8087 out of 10000
On 8088 out of 10000
Failed run, not saved
On 8088 out of 10000
Failed run, not saved
On 8088 out of 10000
Failed run, not saved
On 8088 out of 10000
Failed run, not saved
On 8088 out of 10000
Failed run, not saved
On 8088 out of 10000
Failed run, not saved
On 8088 out of 10000
Failed run, not saved
On 8088 out of 10000
Failed run, not saved
On 8088 out of 10000
Failed run, not saved
On 8088 out of 10000
Failed run, not saved
On 8088 out of 10000
Failed run, not saved
		FAILED TOO MANY TIMES, TRYING ANOTHER ENVIRONMENT
On 8088 out of 10000
On 8089 out of 10000
On 8090 out of 10000
Failed run, not saved
On 8090 out of 10000
Failed run, not saved
On 8090 out of 10000
Failed run, not saved
On 8090 out of 10000
Failed run, not saved
On 8090 out of 10000
Failed run, not saved
On 8090 out of 10000
Failed run, not saved
On 8090 out of 10000
Failed run, not saved
On 8090 out of 10000
Failed run, not saved
On 8090 out of 10000
Failed run, not saved
On 8090 out of 10000
Failed run, not saved
On 8090 out of 10000
Failed run, not saved
		FAILED TOO MANY TIMES, TRYING ANOTHER ENVIRONMENT
On 8090 out of 10000
On 8091 out of 10000
On 8092 out of 10000
On 8093 out of 10000
On 8094 out of 10000
On 8095 out of 10000
On 8096 out of 10000
On 8097 out of 10000
On 8098 out of 10000
On 8099 out of 10000
Failed run, not saved
On 8099 out of 10000
On 8100 out of 10000
On 8101 out of 10000
Failed run, not saved
On 8101 out of 10000
Failed run, not saved
On 8101 out of 10000
Failed run, not saved
On 8101 out of 10000
On 8102 out of 10000
Failed run, not saved
On 8102 out of 10000
Failed run, not saved
On 8102 out of 10000
Failed run, not saved
On 8102 out of 10000
Failed run, not saved
On 8102 out of 10000
On 8103 out of 10000
On 8104 out of 10000
On 8105 out of 10000
On 8106 out of 10000
On 8107 out of 10000
On 8108 out of 10000
On 8109 out of 10000
On 8110 out of 10000
On 8111 out of 10000
On 8112 out of 10000
On 8113 out of 10000
On 8114 out of 10000
On 8115 out of 10000
On 8116 out of 10000
On 8117 out of 10000
On 8118 out of 10000
On 8119 out of 10000
On 8120 out of 10000
On 8121 out of 10000
On 8122 out of 10000
On 8123 out of 10000
Failed run, not saved
On 8123 out of 10000
On 8124 out of 10000
On 8125 out of 10000
On 8126 out of 10000
Failed run, not saved
On 8126 out of 10000
On 8127 out of 10000
On 8128 out of 10000
On 8129 out of 10000
On 8130 out of 10000
On 8131 out of 10000
On 8132 out of 10000
Failed run, not saved
On 8132 out of 10000
Failed run, not saved
On 8132 out of 10000
Failed run, not saved
On 8132 out of 10000
Failed run, not saved
On 8132 out of 10000
Failed run, not saved
On 8132 out of 10000
Failed run, not saved
On 8132 out of 10000
Failed run, not saved
On 8132 out of 10000
Failed run, not saved
On 8132 out of 10000
Failed run, not saved
On 8132 out of 10000
Failed run, not saved
On 8132 out of 10000
Failed run, not saved
		FAILED TOO MANY TIMES, TRYING ANOTHER ENVIRONMENT
On 8132 out of 10000
Failed run, not saved
		FAILED TOO MANY TIMES, TRYING ANOTHER ENVIRONMENT
On 8132 out of 10000
On 8133 out of 10000
Failed run, not saved
On 8133 out of 10000
Failed run, not saved
On 8133 out of 10000
Failed run, not saved
On 8133 out of 10000
Failed run, not saved
On 8133 out of 10000
On 8134 out of 10000
Failed run, not saved
On 8134 out of 10000
Failed run, not saved
On 8134 out of 10000
Failed run, not saved
On 8134 out of 10000
Failed run, not saved
On 8134 out of 10000
Failed run, not saved
On 8134 out of 10000
On 8135 out of 10000
On 8136 out of 10000
On 8137 out of 10000
On 8138 out of 10000
On 8139 out of 10000
Failed run, not saved
On 8139 out of 10000
On 8140 out of 10000
On 8141 out of 10000
On 8142 out of 10000
On 8143 out of 10000
On 8144 out of 10000
On 8145 out of 10000
On 8146 out of 10000
On 8147 out of 10000
On 8148 out of 10000
On 8149 out of 10000
On 8150 out of 10000
On 8151 out of 10000
On 8152 out of 10000
On 8153 out of 10000
Failed run, not saved
On 8153 out of 10000
Failed run, not saved
On 8153 out of 10000
Failed run, not saved
On 8153 out of 10000
Failed run, not saved
On 8153 out of 10000
Failed run, not saved
On 8153 out of 10000
On 8154 out of 10000
Failed run, not saved
On 8154 out of 10000
Failed run, not saved
On 8154 out of 10000
Failed run, not saved
On 8154 out of 10000
Failed run, not saved
On 8154 out of 10000
Failed run, not saved
On 8154 out of 10000
On 8155 out of 10000
On 8156 out of 10000
On 8157 out of 10000
On 8158 out of 10000
On 8159 out of 10000
Failed run, not saved
On 8159 out of 10000
Failed run, not saved
On 8159 out of 10000
Failed run, not saved
On 8159 out of 10000
Failed run, not saved
On 8159 out of 10000
On 8160 out of 10000
Failed run, not saved
On 8160 out of 10000
Failed run, not saved
On 8160 out of 10000
Failed run, not saved
On 8160 out of 10000
Failed run, not saved
On 8160 out of 10000
Failed run, not saved
On 8160 out of 10000
Failed run, not saved
On 8160 out of 10000
Failed run, not saved
On 8160 out of 10000
Failed run, not saved
On 8160 out of 10000
Failed run, not saved
On 8160 out of 10000
Failed run, not saved
On 8160 out of 10000
On 8161 out of 10000
On 8162 out of 10000
On 8163 out of 10000
Failed run, not saved
On 8163 out of 10000
Failed run, not saved
On 8163 out of 10000
Failed run, not saved
On 8163 out of 10000
Failed run, not saved
On 8163 out of 10000
Failed run, not saved
On 8163 out of 10000
Failed run, not saved
On 8163 out of 10000
Failed run, not saved
On 8163 out of 10000
Failed run, not saved
On 8163 out of 10000
Failed run, not saved
On 8163 out of 10000
Failed run, not saved
On 8163 out of 10000
Failed run, not saved
		FAILED TOO MANY TIMES, TRYING ANOTHER ENVIRONMENT
On 8163 out of 10000
On 8164 out of 10000
On 8165 out of 10000
On 8166 out of 10000
On 8167 out of 10000
On 8168 out of 10000
Failed run, not saved
On 8168 out of 10000
On 8169 out of 10000
On 8170 out of 10000
On 8171 out of 10000
On 8172 out of 10000
On 8173 out of 10000
On 8174 out of 10000
On 8175 out of 10000
On 8176 out of 10000
Failed run, not saved
On 8176 out of 10000
Failed run, not saved
On 8176 out of 10000
On 8177 out of 10000
On 8178 out of 10000
Failed run, not saved
On 8178 out of 10000
Failed run, not saved
On 8178 out of 10000
Failed run, not saved
On 8178 out of 10000
Failed run, not saved
On 8178 out of 10000
Failed run, not saved
On 8178 out of 10000
Failed run, not saved
On 8178 out of 10000
Failed run, not saved
On 8178 out of 10000
Failed run, not saved
On 8178 out of 10000
Failed run, not saved
On 8178 out of 10000
Failed run, not saved
On 8178 out of 10000
Failed run, not saved
		FAILED TOO MANY TIMES, TRYING ANOTHER ENVIRONMENT
On 8178 out of 10000
On 8179 out of 10000
On 8180 out of 10000
On 8181 out of 10000
Failed run, not saved
On 8181 out of 10000
Failed run, not saved
On 8181 out of 10000
Failed run, not saved
On 8181 out of 10000
Failed run, not saved
On 8181 out of 10000
Failed run, not saved
On 8181 out of 10000
Failed run, not saved
On 8181 out of 10000
Failed run, not saved
On 8181 out of 10000
Failed run, not saved
On 8181 out of 10000
Failed run, not saved
On 8181 out of 10000
Failed run, not saved
On 8181 out of 10000
Failed run, not saved
		FAILED TOO MANY TIMES, TRYING ANOTHER ENVIRONMENT
On 8181 out of 10000
On 8182 out of 10000
On 8183 out of 10000
On 8184 out of 10000
On 8185 out of 10000
On 8186 out of 10000
On 8187 out of 10000
On 8188 out of 10000
On 8189 out of 10000
On 8190 out of 10000
On 8191 out of 10000
Failed run, not saved
On 8191 out of 10000
Failed run, not saved
On 8191 out of 10000
Failed run, not saved
On 8191 out of 10000
Failed run, not saved
On 8191 out of 10000
Failed run, not saved
On 8191 out of 10000
Failed run, not saved
On 8191 out of 10000
On 8192 out of 10000
Failed run, not saved
On 8192 out of 10000
Failed run, not saved
On 8192 out of 10000
Failed run, not saved
On 8192 out of 10000
Failed run, not saved
On 8192 out of 10000
Failed run, not saved
On 8192 out of 10000
Failed run, not saved
On 8192 out of 10000
Failed run, not saved
On 8192 out of 10000
Failed run, not saved
On 8192 out of 10000
Failed run, not saved
On 8192 out of 10000
Failed run, not saved
On 8192 out of 10000
Failed run, not saved
		FAILED TOO MANY TIMES, TRYING ANOTHER ENVIRONMENT
On 8192 out of 10000
On 8193 out of 10000
On 8194 out of 10000
On 8195 out of 10000
On 8196 out of 10000
On 8197 out of 10000
On 8198 out of 10000
On 8199 out of 10000
Failed run, not saved
On 8199 out of 10000
Failed run, not saved
On 8199 out of 10000
On 8200 out of 10000
On 8201 out of 10000
Failed run, not saved
On 8201 out of 10000
Failed run, not saved
On 8201 out of 10000
On 8202 out of 10000
On 8203 out of 10000
Failed run, not saved
On 8203 out of 10000
Failed run, not saved
On 8203 out of 10000
Failed run, not saved
On 8203 out of 10000
Failed run, not saved
On 8203 out of 10000
Failed run, not saved
On 8203 out of 10000
Failed run, not saved
On 8203 out of 10000
Failed run, not saved
On 8203 out of 10000
Failed run, not saved
On 8203 out of 10000
Failed run, not saved
On 8203 out of 10000
Failed run, not saved
On 8203 out of 10000
Failed run, not saved
		FAILED TOO MANY TIMES, TRYING ANOTHER ENVIRONMENT
On 8203 out of 10000
Failed run, not saved
		FAILED TOO MANY TIMES, TRYING ANOTHER ENVIRONMENT
On 8203 out of 10000
On 8204 out of 10000
On 8205 out of 10000
On 8206 out of 10000
On 8207 out of 10000
Failed run, not saved
On 8207 out of 10000
Failed run, not saved
On 8207 out of 10000
On 8208 out of 10000
Failed run, not saved
On 8208 out of 10000
Failed run, not saved
On 8208 out of 10000
Failed run, not saved
On 8208 out of 10000
Failed run, not saved
On 8208 out of 10000
Failed run, not saved
On 8208 out of 10000
Failed run, not saved
On 8208 out of 10000
Failed run, not saved
On 8208 out of 10000
Failed run, not saved
On 8208 out of 10000
On 8209 out of 10000
On 8210 out of 10000
On 8211 out of 10000
Failed run, not saved
On 8211 out of 10000
On 8212 out of 10000
Failed run, not saved
On 8212 out of 10000
Failed run, not saved
On 8212 out of 10000
Failed run, not saved
On 8212 out of 10000
Failed run, not saved
On 8212 out of 10000
Failed run, not saved
On 8212 out of 10000
Failed run, not saved
On 8212 out of 10000
Failed run, not saved
On 8212 out of 10000
Failed run, not saved
On 8212 out of 10000
Failed run, not saved
On 8212 out of 10000
Failed run, not saved
On 8212 out of 10000
Failed run, not saved
		FAILED TOO MANY TIMES, TRYING ANOTHER ENVIRONMENT
On 8212 out of 10000
Failed run, not saved
		FAILED TOO MANY TIMES, TRYING ANOTHER ENVIRONMENT
On 8212 out of 10000
On 8213 out of 10000
On 8214 out of 10000
On 8215 out of 10000
On 8216 out of 10000
On 8217 out of 10000
On 8218 out of 10000
On 8219 out of 10000
Failed run, not saved
On 8219 out of 10000
Failed run, not saved
On 8219 out of 10000
Failed run, not saved
On 8219 out of 10000
Failed run, not saved
On 8219 out of 10000
Failed run, not saved
On 8219 out of 10000
Failed run, not saved
On 8219 out of 10000
Failed run, not saved
On 8219 out of 10000
Failed run, not saved
On 8219 out of 10000
Failed run, not saved
On 8219 out of 10000
Failed run, not saved
On 8219 out of 10000
Failed run, not saved
		FAILED TOO MANY TIMES, TRYING ANOTHER ENVIRONMENT
On 8219 out of 10000
On 8220 out of 10000
Failed run, not saved
On 8220 out of 10000
On 8221 out of 10000
On 8222 out of 10000
Failed run, not saved
On 8222 out of 10000
On 8223 out of 10000
On 8224 out of 10000
On 8225 out of 10000
On 8226 out of 10000
On 8227 out of 10000
On 8228 out of 10000
On 8229 out of 10000
On 8230 out of 10000
On 8231 out of 10000
On 8232 out of 10000
On 8233 out of 10000
On 8234 out of 10000
Failed run, not saved
On 8234 out of 10000
Failed run, not saved
On 8234 out of 10000
Failed run, not saved
On 8234 out of 10000
Failed run, not saved
On 8234 out of 10000
Failed run, not saved
On 8234 out of 10000
Failed run, not saved
On 8234 out of 10000
Failed run, not saved
On 8234 out of 10000
Failed run, not saved
On 8234 out of 10000
On 8235 out of 10000
On 8236 out of 10000
Failed run, not saved
On 8236 out of 10000
Failed run, not saved
On 8236 out of 10000
On 8237 out of 10000
On 8238 out of 10000
On 8239 out of 10000
Failed run, not saved
On 8239 out of 10000
On 8240 out of 10000
Failed run, not saved
On 8240 out of 10000
Failed run, not saved
On 8240 out of 10000
Failed run, not saved
On 8240 out of 10000
On 8241 out of 10000
Failed run, not saved
On 8241 out of 10000
Failed run, not saved
On 8241 out of 10000
On 8242 out of 10000
Failed run, not saved
On 8242 out of 10000
Failed run, not saved
On 8242 out of 10000
Failed run, not saved
On 8242 out of 10000
Failed run, not saved
On 8242 out of 10000
Failed run, not saved
On 8242 out of 10000
Failed run, not saved
On 8242 out of 10000
Failed run, not saved
On 8242 out of 10000
Failed run, not saved
On 8242 out of 10000
Failed run, not saved
On 8242 out of 10000
Failed run, not saved
On 8242 out of 10000
Failed run, not saved
		FAILED TOO MANY TIMES, TRYING ANOTHER ENVIRONMENT
On 8242 out of 10000
On 8243 out of 10000
On 8244 out of 10000
On 8245 out of 10000
On 8246 out of 10000
On 8247 out of 10000
Failed run, not saved
On 8247 out of 10000
Failed run, not saved
On 8247 out of 10000
Failed run, not saved
On 8247 out of 10000
Failed run, not saved
On 8247 out of 10000
Failed run, not saved
On 8247 out of 10000
On 8248 out of 10000
Failed run, not saved
On 8248 out of 10000
Failed run, not saved
On 8248 out of 10000
On 8249 out of 10000
Failed run, not saved
On 8249 out of 10000
Failed run, not saved
On 8249 out of 10000
On 8250 out of 10000
On 8251 out of 10000
On 8252 out of 10000
On 8253 out of 10000
On 8254 out of 10000
On 8255 out of 10000
Failed run, not saved
On 8255 out of 10000
Failed run, not saved
On 8255 out of 10000
Failed run, not saved
On 8255 out of 10000
Failed run, not saved
On 8255 out of 10000
Failed run, not saved
On 8255 out of 10000
Failed run, not saved
On 8255 out of 10000
Failed run, not saved
On 8255 out of 10000
Failed run, not saved
On 8255 out of 10000
On 8256 out of 10000
On 8257 out of 10000
On 8258 out of 10000
Failed run, not saved
On 8258 out of 10000
Failed run, not saved
On 8258 out of 10000
Failed run, not saved
On 8258 out of 10000
Failed run, not saved
On 8258 out of 10000
Failed run, not saved
On 8258 out of 10000
Failed run, not saved
On 8258 out of 10000
Failed run, not saved
On 8258 out of 10000
Failed run, not saved
On 8258 out of 10000
Failed run, not saved
On 8258 out of 10000
On 8259 out of 10000
On 8260 out of 10000
On 8261 out of 10000
On 8262 out of 10000
Failed run, not saved
On 8262 out of 10000
Failed run, not saved
On 8262 out of 10000
Failed run, not saved
On 8262 out of 10000
Failed run, not saved
On 8262 out of 10000
Failed run, not saved
On 8262 out of 10000
Failed run, not saved
On 8262 out of 10000
Failed run, not saved
On 8262 out of 10000
Failed run, not saved
On 8262 out of 10000
Failed run, not saved
On 8262 out of 10000
Failed run, not saved
On 8262 out of 10000
Failed run, not saved
		FAILED TOO MANY TIMES, TRYING ANOTHER ENVIRONMENT
On 8262 out of 10000
On 8263 out of 10000
On 8264 out of 10000
On 8265 out of 10000
Failed run, not saved
On 8265 out of 10000
On 8266 out of 10000
On 8267 out of 10000
Failed run, not saved
On 8267 out of 10000
Failed run, not saved
On 8267 out of 10000
On 8268 out of 10000
On 8269 out of 10000
On 8270 out of 10000
Failed run, not saved
On 8270 out of 10000
Failed run, not saved
On 8270 out of 10000
Failed run, not saved
On 8270 out of 10000
Failed run, not saved
On 8270 out of 10000
Failed run, not saved
On 8270 out of 10000
Failed run, not saved
On 8270 out of 10000
Failed run, not saved
On 8270 out of 10000
On 8271 out of 10000
On 8272 out of 10000
On 8273 out of 10000
On 8274 out of 10000
On 8275 out of 10000
On 8276 out of 10000
Failed run, not saved
On 8276 out of 10000
On 8277 out of 10000
Failed run, not saved
On 8277 out of 10000
Failed run, not saved
On 8277 out of 10000
Failed run, not saved
On 8277 out of 10000
Failed run, not saved
On 8277 out of 10000
Failed run, not saved
On 8277 out of 10000
On 8278 out of 10000
On 8279 out of 10000
Failed run, not saved
On 8279 out of 10000
Failed run, not saved
On 8279 out of 10000
Failed run, not saved
On 8279 out of 10000
Failed run, not saved
On 8279 out of 10000
Failed run, not saved
On 8279 out of 10000
Failed run, not saved
On 8279 out of 10000
Failed run, not saved
On 8279 out of 10000
Failed run, not saved
On 8279 out of 10000
Failed run, not saved
On 8279 out of 10000
Failed run, not saved
On 8279 out of 10000
Failed run, not saved
		FAILED TOO MANY TIMES, TRYING ANOTHER ENVIRONMENT
On 8279 out of 10000
On 8280 out of 10000
On 8281 out of 10000
On 8282 out of 10000
On 8283 out of 10000
On 8284 out of 10000
On 8285 out of 10000
Failed run, not saved
On 8285 out of 10000
Failed run, not saved
On 8285 out of 10000
Failed run, not saved
On 8285 out of 10000
Failed run, not saved
On 8285 out of 10000
Failed run, not saved
On 8285 out of 10000
Failed run, not saved
On 8285 out of 10000
Failed run, not saved
On 8285 out of 10000
Failed run, not saved
On 8285 out of 10000
Failed run, not saved
On 8285 out of 10000
Failed run, not saved
On 8285 out of 10000
Failed run, not saved
		FAILED TOO MANY TIMES, TRYING ANOTHER ENVIRONMENT
On 8285 out of 10000
On 8286 out of 10000
On 8287 out of 10000
On 8288 out of 10000
On 8289 out of 10000
Failed run, not saved
On 8289 out of 10000
On 8290 out of 10000
On 8291 out of 10000
Failed run, not saved
On 8291 out of 10000
On 8292 out of 10000
On 8293 out of 10000
On 8294 out of 10000
On 8295 out of 10000
On 8296 out of 10000
On 8297 out of 10000
On 8298 out of 10000
Failed run, not saved
On 8298 out of 10000
On 8299 out of 10000
On 8300 out of 10000
On 8301 out of 10000
On 8302 out of 10000
Failed run, not saved
On 8302 out of 10000
Failed run, not saved
On 8302 out of 10000
Failed run, not saved
On 8302 out of 10000
Failed run, not saved
On 8302 out of 10000
Failed run, not saved
On 8302 out of 10000
Failed run, not saved
On 8302 out of 10000
On 8303 out of 10000
Failed run, not saved
On 8303 out of 10000
On 8304 out of 10000
Failed run, not saved
On 8304 out of 10000
Failed run, not saved
On 8304 out of 10000
On 8305 out of 10000
On 8306 out of 10000
On 8307 out of 10000
On 8308 out of 10000
On 8309 out of 10000
On 8310 out of 10000
On 8311 out of 10000
On 8312 out of 10000
On 8313 out of 10000
Failed run, not saved
On 8313 out of 10000
Failed run, not saved
On 8313 out of 10000
Failed run, not saved
On 8313 out of 10000
Failed run, not saved
On 8313 out of 10000
Failed run, not saved
On 8313 out of 10000
Failed run, not saved
On 8313 out of 10000
Failed run, not saved
On 8313 out of 10000
Failed run, not saved
On 8313 out of 10000
Failed run, not saved
On 8313 out of 10000
On 8314 out of 10000
On 8315 out of 10000
Failed run, not saved
On 8315 out of 10000
Failed run, not saved
On 8315 out of 10000
Failed run, not saved
On 8315 out of 10000
On 8316 out of 10000
On 8317 out of 10000
On 8318 out of 10000
On 8319 out of 10000
On 8320 out of 10000
On 8321 out of 10000
On 8322 out of 10000
On 8323 out of 10000
On 8324 out of 10000
Failed run, not saved
On 8324 out of 10000
On 8325 out of 10000
Failed run, not saved
On 8325 out of 10000
Failed run, not saved
On 8325 out of 10000
Failed run, not saved
On 8325 out of 10000
Failed run, not saved
On 8325 out of 10000
Failed run, not saved
On 8325 out of 10000
Failed run, not saved
On 8325 out of 10000
Failed run, not saved
On 8325 out of 10000
Failed run, not saved
On 8325 out of 10000
Failed run, not saved
On 8325 out of 10000
Failed run, not saved
On 8325 out of 10000
Failed run, not saved
		FAILED TOO MANY TIMES, TRYING ANOTHER ENVIRONMENT
On 8325 out of 10000
On 8326 out of 10000
Failed run, not saved
On 8326 out of 10000
On 8327 out of 10000
Failed run, not saved
On 8327 out of 10000
On 8328 out of 10000
On 8329 out of 10000
Failed run, not saved
On 8329 out of 10000
Failed run, not saved
On 8329 out of 10000
Failed run, not saved
On 8329 out of 10000
Failed run, not saved
On 8329 out of 10000
On 8330 out of 10000
On 8331 out of 10000
On 8332 out of 10000
Failed run, not saved
On 8332 out of 10000
Failed run, not saved
On 8332 out of 10000
Failed run, not saved
On 8332 out of 10000
Failed run, not saved
On 8332 out of 10000
Failed run, not saved
On 8332 out of 10000
Failed run, not saved
On 8332 out of 10000
Failed run, not saved
On 8332 out of 10000
Failed run, not saved
On 8332 out of 10000
Failed run, not saved
On 8332 out of 10000
Failed run, not saved
On 8332 out of 10000
Failed run, not saved
		FAILED TOO MANY TIMES, TRYING ANOTHER ENVIRONMENT
On 8332 out of 10000
On 8333 out of 10000
Failed run, not saved
On 8333 out of 10000
On 8334 out of 10000
Failed run, not saved
On 8334 out of 10000
On 8335 out of 10000
On 8336 out of 10000
On 8337 out of 10000
On 8338 out of 10000
On 8339 out of 10000
On 8340 out of 10000
On 8341 out of 10000
On 8342 out of 10000
On 8343 out of 10000
On 8344 out of 10000
Failed run, not saved
On 8344 out of 10000
On 8345 out of 10000
On 8346 out of 10000
Failed run, not saved
On 8346 out of 10000
On 8347 out of 10000
Failed run, not saved
On 8347 out of 10000
Failed run, not saved
On 8347 out of 10000
Failed run, not saved
On 8347 out of 10000
Failed run, not saved
On 8347 out of 10000
Failed run, not saved
On 8347 out of 10000
Failed run, not saved
On 8347 out of 10000
Failed run, not saved
On 8347 out of 10000
Failed run, not saved
On 8347 out of 10000
Failed run, not saved
On 8347 out of 10000
Failed run, not saved
On 8347 out of 10000
Failed run, not saved
		FAILED TOO MANY TIMES, TRYING ANOTHER ENVIRONMENT
On 8347 out of 10000
Failed run, not saved
		FAILED TOO MANY TIMES, TRYING ANOTHER ENVIRONMENT
On 8347 out of 10000
On 8348 out of 10000
Failed run, not saved
On 8348 out of 10000
On 8349 out of 10000
On 8350 out of 10000
On 8351 out of 10000
On 8352 out of 10000
Failed run, not saved
On 8352 out of 10000
On 8353 out of 10000
Failed run, not saved
On 8353 out of 10000
Failed run, not saved
On 8353 out of 10000
Failed run, not saved
On 8353 out of 10000
Failed run, not saved
On 8353 out of 10000
Failed run, not saved
On 8353 out of 10000
Failed run, not saved
On 8353 out of 10000
Failed run, not saved
On 8353 out of 10000
On 8354 out of 10000
On 8355 out of 10000
Failed run, not saved
On 8355 out of 10000
Failed run, not saved
On 8355 out of 10000
Failed run, not saved
On 8355 out of 10000
Failed run, not saved
On 8355 out of 10000
Failed run, not saved
On 8355 out of 10000
Failed run, not saved
On 8355 out of 10000
Failed run, not saved
On 8355 out of 10000
Failed run, not saved
On 8355 out of 10000
On 8356 out of 10000
On 8357 out of 10000
Failed run, not saved
On 8357 out of 10000
Failed run, not saved
On 8357 out of 10000
Failed run, not saved
On 8357 out of 10000
On 8358 out of 10000
On 8359 out of 10000
On 8360 out of 10000
On 8361 out of 10000
Failed run, not saved
On 8361 out of 10000
On 8362 out of 10000
Failed run, not saved
On 8362 out of 10000
Failed run, not saved
On 8362 out of 10000
On 8363 out of 10000
On 8364 out of 10000
On 8365 out of 10000
On 8366 out of 10000
On 8367 out of 10000
On 8368 out of 10000
On 8369 out of 10000
On 8370 out of 10000
Failed run, not saved
On 8370 out of 10000
On 8371 out of 10000
Failed run, not saved
On 8371 out of 10000
On 8372 out of 10000
On 8373 out of 10000
On 8374 out of 10000
On 8375 out of 10000
On 8376 out of 10000
Failed run, not saved
On 8376 out of 10000
Failed run, not saved
On 8376 out of 10000
Failed run, not saved
On 8376 out of 10000
Failed run, not saved
On 8376 out of 10000
Failed run, not saved
On 8376 out of 10000
Failed run, not saved
On 8376 out of 10000
Failed run, not saved
On 8376 out of 10000
Failed run, not saved
On 8376 out of 10000
Failed run, not saved
On 8376 out of 10000
Failed run, not saved
On 8376 out of 10000
Failed run, not saved
		FAILED TOO MANY TIMES, TRYING ANOTHER ENVIRONMENT
On 8376 out of 10000
On 8377 out of 10000
Failed run, not saved
On 8377 out of 10000
On 8378 out of 10000
On 8379 out of 10000
On 8380 out of 10000
On 8381 out of 10000
On 8382 out of 10000
Failed run, not saved
On 8382 out of 10000
Failed run, not saved
On 8382 out of 10000
Failed run, not saved
On 8382 out of 10000
Failed run, not saved
On 8382 out of 10000
Failed run, not saved
On 8382 out of 10000
Failed run, not saved
On 8382 out of 10000
Failed run, not saved
On 8382 out of 10000
Failed run, not saved
On 8382 out of 10000
Failed run, not saved
On 8382 out of 10000
Failed run, not saved
On 8382 out of 10000
On 8383 out of 10000
Failed run, not saved
On 8383 out of 10000
Failed run, not saved
On 8383 out of 10000
On 8384 out of 10000
On 8385 out of 10000
Failed run, not saved
On 8385 out of 10000
Failed run, not saved
On 8385 out of 10000
Failed run, not saved
On 8385 out of 10000
Failed run, not saved
On 8385 out of 10000
On 8386 out of 10000
Failed run, not saved
On 8386 out of 10000
On 8387 out of 10000
On 8388 out of 10000
Failed run, not saved
On 8388 out of 10000
Failed run, not saved
On 8388 out of 10000
Failed run, not saved
On 8388 out of 10000
Failed run, not saved
On 8388 out of 10000
Failed run, not saved
On 8388 out of 10000
Failed run, not saved
On 8388 out of 10000
Failed run, not saved
On 8388 out of 10000
Failed run, not saved
On 8388 out of 10000
Failed run, not saved
On 8388 out of 10000
Failed run, not saved
On 8388 out of 10000
Failed run, not saved
		FAILED TOO MANY TIMES, TRYING ANOTHER ENVIRONMENT
On 8388 out of 10000
On 8389 out of 10000
Failed run, not saved
On 8389 out of 10000
On 8390 out of 10000
Failed run, not saved
On 8390 out of 10000
Failed run, not saved
On 8390 out of 10000
On 8391 out of 10000
On 8392 out of 10000
On 8393 out of 10000
On 8394 out of 10000
On 8395 out of 10000
Failed run, not saved
On 8395 out of 10000
Failed run, not saved
On 8395 out of 10000
On 8396 out of 10000
On 8397 out of 10000
On 8398 out of 10000
On 8399 out of 10000
Failed run, not saved
On 8399 out of 10000
On 8400 out of 10000
On 8401 out of 10000
On 8402 out of 10000
Failed run, not saved
On 8402 out of 10000
On 8403 out of 10000
Failed run, not saved
On 8403 out of 10000
Failed run, not saved
On 8403 out of 10000
Failed run, not saved
On 8403 out of 10000
Failed run, not saved
On 8403 out of 10000
Failed run, not saved
On 8403 out of 10000
Failed run, not saved
On 8403 out of 10000
Failed run, not saved
On 8403 out of 10000
Failed run, not saved
On 8403 out of 10000
Failed run, not saved
On 8403 out of 10000
Failed run, not saved
On 8403 out of 10000
Failed run, not saved
		FAILED TOO MANY TIMES, TRYING ANOTHER ENVIRONMENT
On 8403 out of 10000
On 8404 out of 10000
On 8405 out of 10000
Failed run, not saved
On 8405 out of 10000
Failed run, not saved
On 8405 out of 10000
Failed run, not saved
On 8405 out of 10000
Failed run, not saved
On 8405 out of 10000
Failed run, not saved
On 8405 out of 10000
Failed run, not saved
On 8405 out of 10000
Failed run, not saved
On 8405 out of 10000
Failed run, not saved
On 8405 out of 10000
Failed run, not saved
On 8405 out of 10000
Failed run, not saved
On 8405 out of 10000
Failed run, not saved
		FAILED TOO MANY TIMES, TRYING ANOTHER ENVIRONMENT
On 8405 out of 10000
Failed run, not saved
		FAILED TOO MANY TIMES, TRYING ANOTHER ENVIRONMENT
On 8405 out of 10000
On 8406 out of 10000
On 8407 out of 10000
Failed run, not saved
On 8407 out of 10000
Failed run, not saved
On 8407 out of 10000
Failed run, not saved
On 8407 out of 10000
Failed run, not saved
On 8407 out of 10000
Failed run, not saved
On 8407 out of 10000
Failed run, not saved
On 8407 out of 10000
Failed run, not saved
On 8407 out of 10000
Failed run, not saved
On 8407 out of 10000
Failed run, not saved
On 8407 out of 10000
Failed run, not saved
On 8407 out of 10000
Failed run, not saved
		FAILED TOO MANY TIMES, TRYING ANOTHER ENVIRONMENT
On 8407 out of 10000
Failed run, not saved
		FAILED TOO MANY TIMES, TRYING ANOTHER ENVIRONMENT
On 8407 out of 10000
On 8408 out of 10000
Failed run, not saved
On 8408 out of 10000
Failed run, not saved
On 8408 out of 10000
Failed run, not saved
On 8408 out of 10000
On 8409 out of 10000
Failed run, not saved
On 8409 out of 10000
On 8410 out of 10000
On 8411 out of 10000
On 8412 out of 10000
On 8413 out of 10000
On 8414 out of 10000
On 8415 out of 10000
On 8416 out of 10000
On 8417 out of 10000
Failed run, not saved
On 8417 out of 10000
On 8418 out of 10000
Failed run, not saved
On 8418 out of 10000
Failed run, not saved
On 8418 out of 10000
Failed run, not saved
On 8418 out of 10000
Failed run, not saved
On 8418 out of 10000
Failed run, not saved
On 8418 out of 10000
Failed run, not saved
On 8418 out of 10000
Failed run, not saved
On 8418 out of 10000
Failed run, not saved
On 8418 out of 10000
Failed run, not saved
On 8418 out of 10000
Failed run, not saved
On 8418 out of 10000
Failed run, not saved
		FAILED TOO MANY TIMES, TRYING ANOTHER ENVIRONMENT
On 8418 out of 10000
On 8419 out of 10000
On 8420 out of 10000
Failed run, not saved
On 8420 out of 10000
Failed run, not saved
On 8420 out of 10000
Failed run, not saved
On 8420 out of 10000
Failed run, not saved
On 8420 out of 10000
Failed run, not saved
On 8420 out of 10000
Failed run, not saved
On 8420 out of 10000
Failed run, not saved
On 8420 out of 10000
Failed run, not saved
On 8420 out of 10000
Failed run, not saved
On 8420 out of 10000
Failed run, not saved
On 8420 out of 10000
Failed run, not saved
		FAILED TOO MANY TIMES, TRYING ANOTHER ENVIRONMENT
On 8420 out of 10000
On 8421 out of 10000
On 8422 out of 10000
On 8423 out of 10000
On 8424 out of 10000
Failed run, not saved
On 8424 out of 10000
Failed run, not saved
On 8424 out of 10000
Failed run, not saved
On 8424 out of 10000
Failed run, not saved
On 8424 out of 10000
Failed run, not saved
On 8424 out of 10000
Failed run, not saved
On 8424 out of 10000
Failed run, not saved
On 8424 out of 10000
Failed run, not saved
On 8424 out of 10000
Failed run, not saved
On 8424 out of 10000
Failed run, not saved
On 8424 out of 10000
Failed run, not saved
		FAILED TOO MANY TIMES, TRYING ANOTHER ENVIRONMENT
On 8424 out of 10000
Failed run, not saved
		FAILED TOO MANY TIMES, TRYING ANOTHER ENVIRONMENT
On 8424 out of 10000
Failed run, not saved
		FAILED TOO MANY TIMES, TRYING ANOTHER ENVIRONMENT
On 8424 out of 10000
On 8425 out of 10000
On 8426 out of 10000
On 8427 out of 10000
On 8428 out of 10000
Failed run, not saved
On 8428 out of 10000
On 8429 out of 10000
On 8430 out of 10000
On 8431 out of 10000
Failed run, not saved
On 8431 out of 10000
Failed run, not saved
On 8431 out of 10000
On 8432 out of 10000
On 8433 out of 10000
On 8434 out of 10000
On 8435 out of 10000
Failed run, not saved
On 8435 out of 10000
On 8436 out of 10000
On 8437 out of 10000
On 8438 out of 10000
On 8439 out of 10000
On 8440 out of 10000
Failed run, not saved
On 8440 out of 10000
Failed run, not saved
On 8440 out of 10000
Failed run, not saved
On 8440 out of 10000
Failed run, not saved
On 8440 out of 10000
On 8441 out of 10000
On 8442 out of 10000
On 8443 out of 10000
Failed run, not saved
On 8443 out of 10000
Failed run, not saved
On 8443 out of 10000
On 8444 out of 10000
On 8445 out of 10000
Failed run, not saved
On 8445 out of 10000
Failed run, not saved
On 8445 out of 10000
On 8446 out of 10000
Failed run, not saved
On 8446 out of 10000
On 8447 out of 10000
Failed run, not saved
On 8447 out of 10000
On 8448 out of 10000
On 8449 out of 10000
On 8450 out of 10000
On 8451 out of 10000
On 8452 out of 10000
On 8453 out of 10000
Failed run, not saved
On 8453 out of 10000
On 8454 out of 10000
Failed run, not saved
On 8454 out of 10000
Failed run, not saved
On 8454 out of 10000
Failed run, not saved
On 8454 out of 10000
On 8455 out of 10000
On 8456 out of 10000
On 8457 out of 10000
On 8458 out of 10000
On 8459 out of 10000
On 8460 out of 10000
Failed run, not saved
On 8460 out of 10000
Failed run, not saved
On 8460 out of 10000
Failed run, not saved
On 8460 out of 10000
Failed run, not saved
On 8460 out of 10000
Failed run, not saved
On 8460 out of 10000
Failed run, not saved
On 8460 out of 10000
Failed run, not saved
On 8460 out of 10000
Failed run, not saved
On 8460 out of 10000
On 8461 out of 10000
On 8462 out of 10000
Failed run, not saved
On 8462 out of 10000
Failed run, not saved
On 8462 out of 10000
Failed run, not saved
On 8462 out of 10000
Failed run, not saved
On 8462 out of 10000
Failed run, not saved
On 8462 out of 10000
On 8463 out of 10000
On 8464 out of 10000
Failed run, not saved
On 8464 out of 10000
On 8465 out of 10000
On 8466 out of 10000
On 8467 out of 10000
Failed run, not saved
On 8467 out of 10000
On 8468 out of 10000
On 8469 out of 10000
On 8470 out of 10000
On 8471 out of 10000
Failed run, not saved
On 8471 out of 10000
Failed run, not saved
On 8471 out of 10000
Failed run, not saved
On 8471 out of 10000
Failed run, not saved
On 8471 out of 10000
Failed run, not saved
On 8471 out of 10000
Failed run, not saved
On 8471 out of 10000
Failed run, not saved
On 8471 out of 10000
Failed run, not saved
On 8471 out of 10000
Failed run, not saved
On 8471 out of 10000
Failed run, not saved
On 8471 out of 10000
Failed run, not saved
		FAILED TOO MANY TIMES, TRYING ANOTHER ENVIRONMENT
On 8471 out of 10000
Failed run, not saved
		FAILED TOO MANY TIMES, TRYING ANOTHER ENVIRONMENT
On 8471 out of 10000
On 8472 out of 10000
Failed run, not saved
On 8472 out of 10000
Failed run, not saved
On 8472 out of 10000
Failed run, not saved
On 8472 out of 10000
Failed run, not saved
On 8472 out of 10000
Failed run, not saved
On 8472 out of 10000
Failed run, not saved
On 8472 out of 10000
Failed run, not saved
On 8472 out of 10000
Failed run, not saved
On 8472 out of 10000
Failed run, not saved
On 8472 out of 10000
Failed run, not saved
On 8472 out of 10000
Failed run, not saved
		FAILED TOO MANY TIMES, TRYING ANOTHER ENVIRONMENT
On 8472 out of 10000
Failed run, not saved
		FAILED TOO MANY TIMES, TRYING ANOTHER ENVIRONMENT
On 8472 out of 10000
Failed run, not saved
		FAILED TOO MANY TIMES, TRYING ANOTHER ENVIRONMENT
On 8472 out of 10000
On 8473 out of 10000
On 8474 out of 10000
Failed run, not saved
On 8474 out of 10000
On 8475 out of 10000
On 8476 out of 10000
On 8477 out of 10000
On 8478 out of 10000
On 8479 out of 10000
Failed run, not saved
On 8479 out of 10000
Failed run, not saved
On 8479 out of 10000
Failed run, not saved
On 8479 out of 10000
Failed run, not saved
On 8479 out of 10000
Failed run, not saved
On 8479 out of 10000
Failed run, not saved
On 8479 out of 10000
Failed run, not saved
On 8479 out of 10000
Failed run, not saved
On 8479 out of 10000
Failed run, not saved
On 8479 out of 10000
Failed run, not saved
On 8479 out of 10000
On 8480 out of 10000
On 8481 out of 10000
On 8482 out of 10000
On 8483 out of 10000
Failed run, not saved
On 8483 out of 10000
On 8484 out of 10000
On 8485 out of 10000
On 8486 out of 10000
On 8487 out of 10000
On 8488 out of 10000
On 8489 out of 10000
On 8490 out of 10000
On 8491 out of 10000
On 8492 out of 10000
On 8493 out of 10000
On 8494 out of 10000
On 8495 out of 10000
On 8496 out of 10000
On 8497 out of 10000
Failed run, not saved
On 8497 out of 10000
Failed run, not saved
On 8497 out of 10000
Failed run, not saved
On 8497 out of 10000
Failed run, not saved
On 8497 out of 10000
Failed run, not saved
On 8497 out of 10000
Failed run, not saved
On 8497 out of 10000
Failed run, not saved
On 8497 out of 10000
Failed run, not saved
On 8497 out of 10000
Failed run, not saved
On 8497 out of 10000
Failed run, not saved
On 8497 out of 10000
Failed run, not saved
		FAILED TOO MANY TIMES, TRYING ANOTHER ENVIRONMENT
On 8497 out of 10000
On 8498 out of 10000
On 8499 out of 10000
On 8500 out of 10000
On 8501 out of 10000
On 8502 out of 10000
On 8503 out of 10000
On 8504 out of 10000
On 8505 out of 10000
On 8506 out of 10000
On 8507 out of 10000
On 8508 out of 10000
On 8509 out of 10000
On 8510 out of 10000
On 8511 out of 10000
On 8512 out of 10000
On 8513 out of 10000
Failed run, not saved
On 8513 out of 10000
Failed run, not saved
On 8513 out of 10000
Failed run, not saved
On 8513 out of 10000
On 8514 out of 10000
On 8515 out of 10000
Failed run, not saved
On 8515 out of 10000
Failed run, not saved
On 8515 out of 10000
Failed run, not saved
On 8515 out of 10000
Failed run, not saved
On 8515 out of 10000
Failed run, not saved
On 8515 out of 10000
Failed run, not saved
On 8515 out of 10000
Failed run, not saved
On 8515 out of 10000
Failed run, not saved
On 8515 out of 10000
Failed run, not saved
On 8515 out of 10000
Failed run, not saved
On 8515 out of 10000
Failed run, not saved
		FAILED TOO MANY TIMES, TRYING ANOTHER ENVIRONMENT
On 8515 out of 10000
On 8516 out of 10000
On 8517 out of 10000
Failed run, not saved
On 8517 out of 10000
Failed run, not saved
On 8517 out of 10000
On 8518 out of 10000
On 8519 out of 10000
On 8520 out of 10000
On 8521 out of 10000
Failed run, not saved
On 8521 out of 10000
Failed run, not saved
On 8521 out of 10000
Failed run, not saved
On 8521 out of 10000
Failed run, not saved
On 8521 out of 10000
Failed run, not saved
On 8521 out of 10000
Failed run, not saved
On 8521 out of 10000
Failed run, not saved
On 8521 out of 10000
Failed run, not saved
On 8521 out of 10000
Failed run, not saved
On 8521 out of 10000
Failed run, not saved
On 8521 out of 10000
Failed run, not saved
		FAILED TOO MANY TIMES, TRYING ANOTHER ENVIRONMENT
On 8521 out of 10000
Failed run, not saved
		FAILED TOO MANY TIMES, TRYING ANOTHER ENVIRONMENT
On 8521 out of 10000
On 8522 out of 10000
On 8523 out of 10000
Failed run, not saved
On 8523 out of 10000
On 8524 out of 10000
Failed run, not saved
On 8524 out of 10000
On 8525 out of 10000
On 8526 out of 10000
On 8527 out of 10000
Failed run, not saved
On 8527 out of 10000
Failed run, not saved
On 8527 out of 10000
On 8528 out of 10000
On 8529 out of 10000
Failed run, not saved
On 8529 out of 10000
On 8530 out of 10000
Failed run, not saved
On 8530 out of 10000
On 8531 out of 10000
On 8532 out of 10000
On 8533 out of 10000
On 8534 out of 10000
On 8535 out of 10000
Failed run, not saved
On 8535 out of 10000
On 8536 out of 10000
On 8537 out of 10000
On 8538 out of 10000
Failed run, not saved
On 8538 out of 10000
On 8539 out of 10000
On 8540 out of 10000
On 8541 out of 10000
Failed run, not saved
On 8541 out of 10000
On 8542 out of 10000
On 8543 out of 10000
Failed run, not saved
On 8543 out of 10000
Failed run, not saved
On 8543 out of 10000
On 8544 out of 10000
On 8545 out of 10000
On 8546 out of 10000
On 8547 out of 10000
On 8548 out of 10000
On 8549 out of 10000
On 8550 out of 10000
On 8551 out of 10000
On 8552 out of 10000
On 8553 out of 10000
Failed run, not saved
On 8553 out of 10000
On 8554 out of 10000
On 8555 out of 10000
On 8556 out of 10000
On 8557 out of 10000
On 8558 out of 10000
On 8559 out of 10000
On 8560 out of 10000
On 8561 out of 10000
On 8562 out of 10000
On 8563 out of 10000
On 8564 out of 10000
Failed run, not saved
On 8564 out of 10000
Failed run, not saved
On 8564 out of 10000
Failed run, not saved
On 8564 out of 10000
Failed run, not saved
On 8564 out of 10000
Failed run, not saved
On 8564 out of 10000
Failed run, not saved
On 8564 out of 10000
Failed run, not saved
On 8564 out of 10000
Failed run, not saved
On 8564 out of 10000
Failed run, not saved
On 8564 out of 10000
Failed run, not saved
On 8564 out of 10000
Failed run, not saved
		FAILED TOO MANY TIMES, TRYING ANOTHER ENVIRONMENT
On 8564 out of 10000
On 8565 out of 10000
On 8566 out of 10000
Failed run, not saved
On 8566 out of 10000
On 8567 out of 10000
On 8568 out of 10000
Failed run, not saved
On 8568 out of 10000
Failed run, not saved
On 8568 out of 10000
Failed run, not saved
On 8568 out of 10000
Failed run, not saved
On 8568 out of 10000
Failed run, not saved
On 8568 out of 10000
Failed run, not saved
On 8568 out of 10000
Failed run, not saved
On 8568 out of 10000
Failed run, not saved
On 8568 out of 10000
Failed run, not saved
On 8568 out of 10000
Failed run, not saved
On 8568 out of 10000
Failed run, not saved
		FAILED TOO MANY TIMES, TRYING ANOTHER ENVIRONMENT
On 8568 out of 10000
On 8569 out of 10000
On 8570 out of 10000
On 8571 out of 10000
Failed run, not saved
On 8571 out of 10000
Failed run, not saved
On 8571 out of 10000
Failed run, not saved
On 8571 out of 10000
Failed run, not saved
On 8571 out of 10000
Failed run, not saved
On 8571 out of 10000
Failed run, not saved
On 8571 out of 10000
Failed run, not saved
On 8571 out of 10000
On 8572 out of 10000
Failed run, not saved
On 8572 out of 10000
On 8573 out of 10000
On 8574 out of 10000
On 8575 out of 10000
On 8576 out of 10000
On 8577 out of 10000
On 8578 out of 10000
On 8579 out of 10000
On 8580 out of 10000
On 8581 out of 10000
Failed run, not saved
On 8581 out of 10000
Failed run, not saved
On 8581 out of 10000
On 8582 out of 10000
On 8583 out of 10000
Failed run, not saved
On 8583 out of 10000
Failed run, not saved
On 8583 out of 10000
Failed run, not saved
On 8583 out of 10000
Failed run, not saved
On 8583 out of 10000
On 8584 out of 10000
On 8585 out of 10000
Failed run, not saved
On 8585 out of 10000
On 8586 out of 10000
On 8587 out of 10000
On 8588 out of 10000
On 8589 out of 10000
Failed run, not saved
On 8589 out of 10000
Failed run, not saved
On 8589 out of 10000
Failed run, not saved
On 8589 out of 10000
Failed run, not saved
On 8589 out of 10000
Failed run, not saved
On 8589 out of 10000
Failed run, not saved
On 8589 out of 10000
Failed run, not saved
On 8589 out of 10000
Failed run, not saved
On 8589 out of 10000
Failed run, not saved
On 8589 out of 10000
Failed run, not saved
On 8589 out of 10000
Failed run, not saved
		FAILED TOO MANY TIMES, TRYING ANOTHER ENVIRONMENT
On 8589 out of 10000
On 8590 out of 10000
On 8591 out of 10000
On 8592 out of 10000
Failed run, not saved
On 8592 out of 10000
Failed run, not saved
On 8592 out of 10000
On 8593 out of 10000
Failed run, not saved
On 8593 out of 10000
Failed run, not saved
On 8593 out of 10000
Failed run, not saved
On 8593 out of 10000
Failed run, not saved
On 8593 out of 10000
Failed run, not saved
On 8593 out of 10000
Failed run, not saved
On 8593 out of 10000
Failed run, not saved
On 8593 out of 10000
Failed run, not saved
On 8593 out of 10000
Failed run, not saved
On 8593 out of 10000
Failed run, not saved
On 8593 out of 10000
Failed run, not saved
		FAILED TOO MANY TIMES, TRYING ANOTHER ENVIRONMENT
On 8593 out of 10000
On 8594 out of 10000
Failed run, not saved
On 8594 out of 10000
Failed run, not saved
On 8594 out of 10000
Failed run, not saved
On 8594 out of 10000
Failed run, not saved
On 8594 out of 10000
Failed run, not saved
On 8594 out of 10000
On 8595 out of 10000
On 8596 out of 10000
On 8597 out of 10000
On 8598 out of 10000
On 8599 out of 10000
On 8600 out of 10000
On 8601 out of 10000
Failed run, not saved
On 8601 out of 10000
Failed run, not saved
On 8601 out of 10000
Failed run, not saved
On 8601 out of 10000
Failed run, not saved
On 8601 out of 10000
Failed run, not saved
On 8601 out of 10000
Failed run, not saved
On 8601 out of 10000
Failed run, not saved
On 8601 out of 10000
Failed run, not saved
On 8601 out of 10000
Failed run, not saved
On 8601 out of 10000
Failed run, not saved
On 8601 out of 10000
Failed run, not saved
		FAILED TOO MANY TIMES, TRYING ANOTHER ENVIRONMENT
On 8601 out of 10000
On 8602 out of 10000
On 8603 out of 10000
On 8604 out of 10000
On 8605 out of 10000
On 8606 out of 10000
Failed run, not saved
On 8606 out of 10000
Failed run, not saved
On 8606 out of 10000
On 8607 out of 10000
On 8608 out of 10000
On 8609 out of 10000
On 8610 out of 10000
Failed run, not saved
On 8610 out of 10000
Failed run, not saved
On 8610 out of 10000
Failed run, not saved
On 8610 out of 10000
Failed run, not saved
On 8610 out of 10000
Failed run, not saved
On 8610 out of 10000
Failed run, not saved
On 8610 out of 10000
Failed run, not saved
On 8610 out of 10000
Failed run, not saved
On 8610 out of 10000
On 8611 out of 10000
On 8612 out of 10000
Failed run, not saved
On 8612 out of 10000
Failed run, not saved
On 8612 out of 10000
Failed run, not saved
On 8612 out of 10000
Failed run, not saved
On 8612 out of 10000
On 8613 out of 10000
On 8614 out of 10000
On 8615 out of 10000
On 8616 out of 10000
On 8617 out of 10000
On 8618 out of 10000
Failed run, not saved
On 8618 out of 10000
On 8619 out of 10000
On 8620 out of 10000
Failed run, not saved
On 8620 out of 10000
Failed run, not saved
On 8620 out of 10000
Failed run, not saved
On 8620 out of 10000
On 8621 out of 10000
On 8622 out of 10000
Failed run, not saved
On 8622 out of 10000
Failed run, not saved
On 8622 out of 10000
On 8623 out of 10000
Failed run, not saved
On 8623 out of 10000
Failed run, not saved
On 8623 out of 10000
Failed run, not saved
On 8623 out of 10000
Failed run, not saved
On 8623 out of 10000
Failed run, not saved
On 8623 out of 10000
Failed run, not saved
On 8623 out of 10000
Failed run, not saved
On 8623 out of 10000
On 8624 out of 10000
On 8625 out of 10000
On 8626 out of 10000
Failed run, not saved
On 8626 out of 10000
On 8627 out of 10000
On 8628 out of 10000
On 8629 out of 10000
On 8630 out of 10000
On 8631 out of 10000
On 8632 out of 10000
Failed run, not saved
On 8632 out of 10000
On 8633 out of 10000
On 8634 out of 10000
On 8635 out of 10000
Failed run, not saved
On 8635 out of 10000
Failed run, not saved
On 8635 out of 10000
Failed run, not saved
On 8635 out of 10000
Failed run, not saved
On 8635 out of 10000
Failed run, not saved
On 8635 out of 10000
Failed run, not saved
On 8635 out of 10000
Failed run, not saved
On 8635 out of 10000
Failed run, not saved
On 8635 out of 10000
Failed run, not saved
On 8635 out of 10000
Failed run, not saved
On 8635 out of 10000
Failed run, not saved
		FAILED TOO MANY TIMES, TRYING ANOTHER ENVIRONMENT
On 8635 out of 10000
On 8636 out of 10000
On 8637 out of 10000
On 8638 out of 10000
On 8639 out of 10000
Failed run, not saved
On 8639 out of 10000
On 8640 out of 10000
On 8641 out of 10000
On 8642 out of 10000
On 8643 out of 10000
On 8644 out of 10000
On 8645 out of 10000
Failed run, not saved
On 8645 out of 10000
Failed run, not saved
On 8645 out of 10000
On 8646 out of 10000
On 8647 out of 10000
On 8648 out of 10000
Failed run, not saved
On 8648 out of 10000
Failed run, not saved
On 8648 out of 10000
On 8649 out of 10000
On 8650 out of 10000
On 8651 out of 10000
Failed run, not saved
On 8651 out of 10000
Failed run, not saved
On 8651 out of 10000
Failed run, not saved
On 8651 out of 10000
Failed run, not saved
On 8651 out of 10000
Failed run, not saved
On 8651 out of 10000
Failed run, not saved
On 8651 out of 10000
Failed run, not saved
On 8651 out of 10000
On 8652 out of 10000
Failed run, not saved
On 8652 out of 10000
Failed run, not saved
On 8652 out of 10000
Failed run, not saved
On 8652 out of 10000
Failed run, not saved
On 8652 out of 10000
Failed run, not saved
On 8652 out of 10000
Failed run, not saved
On 8652 out of 10000
Failed run, not saved
On 8652 out of 10000
On 8653 out of 10000
Failed run, not saved
On 8653 out of 10000
Failed run, not saved
On 8653 out of 10000
Failed run, not saved
On 8653 out of 10000
Failed run, not saved
On 8653 out of 10000
Failed run, not saved
On 8653 out of 10000
On 8654 out of 10000
On 8655 out of 10000
On 8656 out of 10000
Failed run, not saved
On 8656 out of 10000
Failed run, not saved
On 8656 out of 10000
Failed run, not saved
On 8656 out of 10000
Failed run, not saved
On 8656 out of 10000
Failed run, not saved
On 8656 out of 10000
Failed run, not saved
On 8656 out of 10000
Failed run, not saved
On 8656 out of 10000
Failed run, not saved
On 8656 out of 10000
Failed run, not saved
On 8656 out of 10000
Failed run, not saved
On 8656 out of 10000
Failed run, not saved
		FAILED TOO MANY TIMES, TRYING ANOTHER ENVIRONMENT
On 8656 out of 10000
On 8657 out of 10000
On 8658 out of 10000
On 8659 out of 10000
Failed run, not saved
On 8659 out of 10000
Failed run, not saved
On 8659 out of 10000
Failed run, not saved
On 8659 out of 10000
Failed run, not saved
On 8659 out of 10000
Failed run, not saved
On 8659 out of 10000
Failed run, not saved
On 8659 out of 10000
On 8660 out of 10000
On 8661 out of 10000
On 8662 out of 10000
On 8663 out of 10000
Failed run, not saved
On 8663 out of 10000
Failed run, not saved
On 8663 out of 10000
On 8664 out of 10000
On 8665 out of 10000
On 8666 out of 10000
On 8667 out of 10000
On 8668 out of 10000
On 8669 out of 10000
Failed run, not saved
On 8669 out of 10000
Failed run, not saved
On 8669 out of 10000
Failed run, not saved
On 8669 out of 10000
Failed run, not saved
On 8669 out of 10000
Failed run, not saved
On 8669 out of 10000
On 8670 out of 10000
On 8671 out of 10000
On 8672 out of 10000
On 8673 out of 10000
Failed run, not saved
On 8673 out of 10000
Failed run, not saved
On 8673 out of 10000
Failed run, not saved
On 8673 out of 10000
Failed run, not saved
On 8673 out of 10000
On 8674 out of 10000
Failed run, not saved
On 8674 out of 10000
Failed run, not saved
On 8674 out of 10000
Failed run, not saved
On 8674 out of 10000
Failed run, not saved
On 8674 out of 10000
Failed run, not saved
On 8674 out of 10000
Failed run, not saved
On 8674 out of 10000
Failed run, not saved
On 8674 out of 10000
Failed run, not saved
On 8674 out of 10000
Failed run, not saved
On 8674 out of 10000
Failed run, not saved
On 8674 out of 10000
Failed run, not saved
		FAILED TOO MANY TIMES, TRYING ANOTHER ENVIRONMENT
On 8674 out of 10000
On 8675 out of 10000
Failed run, not saved
On 8675 out of 10000
On 8676 out of 10000
On 8677 out of 10000
Failed run, not saved
On 8677 out of 10000
Failed run, not saved
On 8677 out of 10000
Failed run, not saved
On 8677 out of 10000
Failed run, not saved
On 8677 out of 10000
Failed run, not saved
On 8677 out of 10000
Failed run, not saved
On 8677 out of 10000
Failed run, not saved
On 8677 out of 10000
On 8678 out of 10000
On 8679 out of 10000
On 8680 out of 10000
On 8681 out of 10000
On 8682 out of 10000
On 8683 out of 10000
On 8684 out of 10000
On 8685 out of 10000
On 8686 out of 10000
On 8687 out of 10000
Failed run, not saved
On 8687 out of 10000
Failed run, not saved
On 8687 out of 10000
On 8688 out of 10000
On 8689 out of 10000
On 8690 out of 10000
On 8691 out of 10000
On 8692 out of 10000
Failed run, not saved
On 8692 out of 10000
On 8693 out of 10000
Failed run, not saved
On 8693 out of 10000
On 8694 out of 10000
Failed run, not saved
On 8694 out of 10000
On 8695 out of 10000
On 8696 out of 10000
On 8697 out of 10000
On 8698 out of 10000
Failed run, not saved
On 8698 out of 10000
Failed run, not saved
On 8698 out of 10000
Failed run, not saved
On 8698 out of 10000
Failed run, not saved
On 8698 out of 10000
Failed run, not saved
On 8698 out of 10000
Failed run, not saved
On 8698 out of 10000
Failed run, not saved
On 8698 out of 10000
Failed run, not saved
On 8698 out of 10000
Failed run, not saved
On 8698 out of 10000
Failed run, not saved
On 8698 out of 10000
Failed run, not saved
		FAILED TOO MANY TIMES, TRYING ANOTHER ENVIRONMENT
On 8698 out of 10000
On 8699 out of 10000
On 8700 out of 10000
On 8701 out of 10000
Failed run, not saved
On 8701 out of 10000
On 8702 out of 10000
On 8703 out of 10000
Failed run, not saved
On 8703 out of 10000
Failed run, not saved
On 8703 out of 10000
Failed run, not saved
On 8703 out of 10000
Failed run, not saved
On 8703 out of 10000
Failed run, not saved
On 8703 out of 10000
Failed run, not saved
On 8703 out of 10000
Failed run, not saved
On 8703 out of 10000
Failed run, not saved
On 8703 out of 10000
Failed run, not saved
On 8703 out of 10000
Failed run, not saved
On 8703 out of 10000
Failed run, not saved
		FAILED TOO MANY TIMES, TRYING ANOTHER ENVIRONMENT
On 8703 out of 10000
On 8704 out of 10000
On 8705 out of 10000
On 8706 out of 10000
On 8707 out of 10000
On 8708 out of 10000
Failed run, not saved
On 8708 out of 10000
Failed run, not saved
On 8708 out of 10000
On 8709 out of 10000
On 8710 out of 10000
Failed run, not saved
On 8710 out of 10000
Failed run, not saved
On 8710 out of 10000
On 8711 out of 10000
On 8712 out of 10000
On 8713 out of 10000
On 8714 out of 10000
On 8715 out of 10000
On 8716 out of 10000
On 8717 out of 10000
On 8718 out of 10000
On 8719 out of 10000
On 8720 out of 10000
On 8721 out of 10000
Failed run, not saved
On 8721 out of 10000
Failed run, not saved
On 8721 out of 10000
Failed run, not saved
On 8721 out of 10000
Failed run, not saved
On 8721 out of 10000
Failed run, not saved
On 8721 out of 10000
On 8722 out of 10000
On 8723 out of 10000
On 8724 out of 10000
On 8725 out of 10000
Failed run, not saved
On 8725 out of 10000
Failed run, not saved
On 8725 out of 10000
On 8726 out of 10000
On 8727 out of 10000
On 8728 out of 10000
On 8729 out of 10000
Failed run, not saved
On 8729 out of 10000
Failed run, not saved
On 8729 out of 10000
Failed run, not saved
On 8729 out of 10000
Failed run, not saved
On 8729 out of 10000
Failed run, not saved
On 8729 out of 10000
Failed run, not saved
On 8729 out of 10000
On 8730 out of 10000
On 8731 out of 10000
Failed run, not saved
On 8731 out of 10000
Failed run, not saved
On 8731 out of 10000
On 8732 out of 10000
Failed run, not saved
On 8732 out of 10000
Failed run, not saved
On 8732 out of 10000
Failed run, not saved
On 8732 out of 10000
Failed run, not saved
On 8732 out of 10000
On 8733 out of 10000
On 8734 out of 10000
On 8735 out of 10000
On 8736 out of 10000
On 8737 out of 10000
Failed run, not saved
On 8737 out of 10000
Failed run, not saved
On 8737 out of 10000
On 8738 out of 10000
On 8739 out of 10000
Failed run, not saved
On 8739 out of 10000
Failed run, not saved
On 8739 out of 10000
On 8740 out of 10000
On 8741 out of 10000
On 8742 out of 10000
Failed run, not saved
On 8742 out of 10000
Failed run, not saved
On 8742 out of 10000
On 8743 out of 10000
On 8744 out of 10000
On 8745 out of 10000
On 8746 out of 10000
Failed run, not saved
On 8746 out of 10000
Failed run, not saved
On 8746 out of 10000
Failed run, not saved
On 8746 out of 10000
Failed run, not saved
On 8746 out of 10000
Failed run, not saved
On 8746 out of 10000
Failed run, not saved
On 8746 out of 10000
Failed run, not saved
On 8746 out of 10000
Failed run, not saved
On 8746 out of 10000
Failed run, not saved
On 8746 out of 10000
Failed run, not saved
On 8746 out of 10000
Failed run, not saved
		FAILED TOO MANY TIMES, TRYING ANOTHER ENVIRONMENT
On 8746 out of 10000
Failed run, not saved
		FAILED TOO MANY TIMES, TRYING ANOTHER ENVIRONMENT
On 8746 out of 10000
On 8747 out of 10000
Failed run, not saved
On 8747 out of 10000
Failed run, not saved
On 8747 out of 10000
Failed run, not saved
On 8747 out of 10000
Failed run, not saved
On 8747 out of 10000
On 8748 out of 10000
On 8749 out of 10000
On 8750 out of 10000
On 8751 out of 10000
On 8752 out of 10000
On 8753 out of 10000
Failed run, not saved
On 8753 out of 10000
On 8754 out of 10000
Failed run, not saved
On 8754 out of 10000
Failed run, not saved
On 8754 out of 10000
Failed run, not saved
On 8754 out of 10000
Failed run, not saved
On 8754 out of 10000
Failed run, not saved
On 8754 out of 10000
On 8755 out of 10000
On 8756 out of 10000
On 8757 out of 10000
On 8758 out of 10000
On 8759 out of 10000
Failed run, not saved
On 8759 out of 10000
On 8760 out of 10000
Failed run, not saved
On 8760 out of 10000
Failed run, not saved
On 8760 out of 10000
On 8761 out of 10000
Failed run, not saved
On 8761 out of 10000
Failed run, not saved
On 8761 out of 10000
Failed run, not saved
On 8761 out of 10000
Failed run, not saved
On 8761 out of 10000
Failed run, not saved
On 8761 out of 10000
Failed run, not saved
On 8761 out of 10000
Failed run, not saved
On 8761 out of 10000
Failed run, not saved
On 8761 out of 10000
Failed run, not saved
On 8761 out of 10000
Failed run, not saved
On 8761 out of 10000
Failed run, not saved
		FAILED TOO MANY TIMES, TRYING ANOTHER ENVIRONMENT
On 8761 out of 10000
On 8762 out of 10000
Failed run, not saved
On 8762 out of 10000
Failed run, not saved
On 8762 out of 10000
Failed run, not saved
On 8762 out of 10000
Failed run, not saved
On 8762 out of 10000
Failed run, not saved
On 8762 out of 10000
Failed run, not saved
On 8762 out of 10000
Failed run, not saved
On 8762 out of 10000
Failed run, not saved
On 8762 out of 10000
Failed run, not saved
On 8762 out of 10000
Failed run, not saved
On 8762 out of 10000
Failed run, not saved
		FAILED TOO MANY TIMES, TRYING ANOTHER ENVIRONMENT
On 8762 out of 10000
On 8763 out of 10000
On 8764 out of 10000
On 8765 out of 10000
Failed run, not saved
On 8765 out of 10000
Failed run, not saved
On 8765 out of 10000
On 8766 out of 10000
On 8767 out of 10000
On 8768 out of 10000
On 8769 out of 10000
On 8770 out of 10000
On 8771 out of 10000
On 8772 out of 10000
On 8773 out of 10000
On 8774 out of 10000
On 8775 out of 10000
Failed run, not saved
On 8775 out of 10000
On 8776 out of 10000
Failed run, not saved
On 8776 out of 10000
Failed run, not saved
On 8776 out of 10000
Failed run, not saved
On 8776 out of 10000
On 8777 out of 10000
Failed run, not saved
On 8777 out of 10000
Failed run, not saved
On 8777 out of 10000
On 8778 out of 10000
On 8779 out of 10000
Failed run, not saved
On 8779 out of 10000
On 8780 out of 10000
On 8781 out of 10000
Failed run, not saved
On 8781 out of 10000
On 8782 out of 10000
Failed run, not saved
On 8782 out of 10000
Failed run, not saved
On 8782 out of 10000
Failed run, not saved
On 8782 out of 10000
Failed run, not saved
On 8782 out of 10000
Failed run, not saved
On 8782 out of 10000
Failed run, not saved
On 8782 out of 10000
Failed run, not saved
On 8782 out of 10000
Failed run, not saved
On 8782 out of 10000
Failed run, not saved
On 8782 out of 10000
Failed run, not saved
On 8782 out of 10000
Failed run, not saved
		FAILED TOO MANY TIMES, TRYING ANOTHER ENVIRONMENT
On 8782 out of 10000
On 8783 out of 10000
On 8784 out of 10000
On 8785 out of 10000
Failed run, not saved
On 8785 out of 10000
On 8786 out of 10000
Failed run, not saved
On 8786 out of 10000
Failed run, not saved
On 8786 out of 10000
On 8787 out of 10000
On 8788 out of 10000
On 8789 out of 10000
On 8790 out of 10000
On 8791 out of 10000
On 8792 out of 10000
Failed run, not saved
On 8792 out of 10000
On 8793 out of 10000
On 8794 out of 10000
On 8795 out of 10000
On 8796 out of 10000
Failed run, not saved
On 8796 out of 10000
Failed run, not saved
On 8796 out of 10000
Failed run, not saved
On 8796 out of 10000
Failed run, not saved
On 8796 out of 10000
Failed run, not saved
On 8796 out of 10000
Failed run, not saved
On 8796 out of 10000
Failed run, not saved
On 8796 out of 10000
Failed run, not saved
On 8796 out of 10000
Failed run, not saved
On 8796 out of 10000
Failed run, not saved
On 8796 out of 10000
Failed run, not saved
		FAILED TOO MANY TIMES, TRYING ANOTHER ENVIRONMENT
On 8796 out of 10000
On 8797 out of 10000
Failed run, not saved
On 8797 out of 10000
On 8798 out of 10000
Failed run, not saved
On 8798 out of 10000
Failed run, not saved
On 8798 out of 10000
Failed run, not saved
On 8798 out of 10000
On 8799 out of 10000
On 8800 out of 10000
On 8801 out of 10000
On 8802 out of 10000
Failed run, not saved
On 8802 out of 10000
Failed run, not saved
On 8802 out of 10000
Failed run, not saved
On 8802 out of 10000
Failed run, not saved
On 8802 out of 10000
Failed run, not saved
On 8802 out of 10000
Failed run, not saved
On 8802 out of 10000
Failed run, not saved
On 8802 out of 10000
Failed run, not saved
On 8802 out of 10000
Failed run, not saved
On 8802 out of 10000
Failed run, not saved
On 8802 out of 10000
Failed run, not saved
		FAILED TOO MANY TIMES, TRYING ANOTHER ENVIRONMENT
On 8802 out of 10000
On 8803 out of 10000
On 8804 out of 10000
Failed run, not saved
On 8804 out of 10000
Failed run, not saved
On 8804 out of 10000
Failed run, not saved
On 8804 out of 10000
Failed run, not saved
On 8804 out of 10000
Failed run, not saved
On 8804 out of 10000
Failed run, not saved
On 8804 out of 10000
Failed run, not saved
On 8804 out of 10000
Failed run, not saved
On 8804 out of 10000
Failed run, not saved
On 8804 out of 10000
Failed run, not saved
On 8804 out of 10000
Failed run, not saved
		FAILED TOO MANY TIMES, TRYING ANOTHER ENVIRONMENT
On 8804 out of 10000
On 8805 out of 10000
Failed run, not saved
On 8805 out of 10000
Failed run, not saved
On 8805 out of 10000
On 8806 out of 10000
On 8807 out of 10000
On 8808 out of 10000
On 8809 out of 10000
On 8810 out of 10000
On 8811 out of 10000
On 8812 out of 10000
On 8813 out of 10000
On 8814 out of 10000
On 8815 out of 10000
On 8816 out of 10000
Failed run, not saved
On 8816 out of 10000
Failed run, not saved
On 8816 out of 10000
Failed run, not saved
On 8816 out of 10000
Failed run, not saved
On 8816 out of 10000
Failed run, not saved
On 8816 out of 10000
Failed run, not saved
On 8816 out of 10000
Failed run, not saved
On 8816 out of 10000
Failed run, not saved
On 8816 out of 10000
Failed run, not saved
On 8816 out of 10000
Failed run, not saved
On 8816 out of 10000
Failed run, not saved
		FAILED TOO MANY TIMES, TRYING ANOTHER ENVIRONMENT
On 8816 out of 10000
On 8817 out of 10000
On 8818 out of 10000
On 8819 out of 10000
On 8820 out of 10000
On 8821 out of 10000
On 8822 out of 10000
On 8823 out of 10000
On 8824 out of 10000
On 8825 out of 10000
On 8826 out of 10000
On 8827 out of 10000
Failed run, not saved
On 8827 out of 10000
On 8828 out of 10000
On 8829 out of 10000
On 8830 out of 10000
On 8831 out of 10000
Failed run, not saved
On 8831 out of 10000
Failed run, not saved
On 8831 out of 10000
Failed run, not saved
On 8831 out of 10000
Failed run, not saved
On 8831 out of 10000
Failed run, not saved
On 8831 out of 10000
Failed run, not saved
On 8831 out of 10000
Failed run, not saved
On 8831 out of 10000
Failed run, not saved
On 8831 out of 10000
Failed run, not saved
On 8831 out of 10000
Failed run, not saved
On 8831 out of 10000
Failed run, not saved
		FAILED TOO MANY TIMES, TRYING ANOTHER ENVIRONMENT
On 8831 out of 10000
On 8832 out of 10000
Failed run, not saved
On 8832 out of 10000
On 8833 out of 10000
Failed run, not saved
On 8833 out of 10000
Failed run, not saved
On 8833 out of 10000
Failed run, not saved
On 8833 out of 10000
Failed run, not saved
On 8833 out of 10000
Failed run, not saved
On 8833 out of 10000
Failed run, not saved
On 8833 out of 10000
Failed run, not saved
On 8833 out of 10000
Failed run, not saved
On 8833 out of 10000
Failed run, not saved
On 8833 out of 10000
Failed run, not saved
On 8833 out of 10000
On 8834 out of 10000
On 8835 out of 10000
Failed run, not saved
On 8835 out of 10000
Failed run, not saved
On 8835 out of 10000
On 8836 out of 10000
On 8837 out of 10000
Failed run, not saved
On 8837 out of 10000
On 8838 out of 10000
On 8839 out of 10000
On 8840 out of 10000
On 8841 out of 10000
On 8842 out of 10000
On 8843 out of 10000
On 8844 out of 10000
Failed run, not saved
On 8844 out of 10000
Failed run, not saved
On 8844 out of 10000
Failed run, not saved
On 8844 out of 10000
Failed run, not saved
On 8844 out of 10000
Failed run, not saved
On 8844 out of 10000
Failed run, not saved
On 8844 out of 10000
Failed run, not saved
On 8844 out of 10000
Failed run, not saved
On 8844 out of 10000
Failed run, not saved
On 8844 out of 10000
Failed run, not saved
On 8844 out of 10000
Failed run, not saved
		FAILED TOO MANY TIMES, TRYING ANOTHER ENVIRONMENT
On 8844 out of 10000
On 8845 out of 10000
On 8846 out of 10000
On 8847 out of 10000
On 8848 out of 10000
Failed run, not saved
On 8848 out of 10000
On 8849 out of 10000
On 8850 out of 10000
On 8851 out of 10000
On 8852 out of 10000
On 8853 out of 10000
Failed run, not saved
On 8853 out of 10000
Failed run, not saved
On 8853 out of 10000
On 8854 out of 10000
On 8855 out of 10000
Failed run, not saved
On 8855 out of 10000
On 8856 out of 10000
Failed run, not saved
On 8856 out of 10000
On 8857 out of 10000
Failed run, not saved
On 8857 out of 10000
On 8858 out of 10000
On 8859 out of 10000
On 8860 out of 10000
Failed run, not saved
On 8860 out of 10000
Failed run, not saved
On 8860 out of 10000
Failed run, not saved
On 8860 out of 10000
Failed run, not saved
On 8860 out of 10000
Failed run, not saved
On 8860 out of 10000
Failed run, not saved
On 8860 out of 10000
Failed run, not saved
On 8860 out of 10000
Failed run, not saved
On 8860 out of 10000
Failed run, not saved
On 8860 out of 10000
Failed run, not saved
On 8860 out of 10000
On 8861 out of 10000
Failed run, not saved
On 8861 out of 10000
On 8862 out of 10000
On 8863 out of 10000
Failed run, not saved
On 8863 out of 10000
Failed run, not saved
On 8863 out of 10000
Failed run, not saved
On 8863 out of 10000
Failed run, not saved
On 8863 out of 10000
Failed run, not saved
On 8863 out of 10000
Failed run, not saved
On 8863 out of 10000
Failed run, not saved
On 8863 out of 10000
On 8864 out of 10000
Failed run, not saved
On 8864 out of 10000
Failed run, not saved
On 8864 out of 10000
Failed run, not saved
On 8864 out of 10000
On 8865 out of 10000
On 8866 out of 10000
On 8867 out of 10000
Failed run, not saved
On 8867 out of 10000
On 8868 out of 10000
Failed run, not saved
On 8868 out of 10000
Failed run, not saved
On 8868 out of 10000
On 8869 out of 10000
On 8870 out of 10000
Failed run, not saved
On 8870 out of 10000
On 8871 out of 10000
Failed run, not saved
On 8871 out of 10000
Failed run, not saved
On 8871 out of 10000
Failed run, not saved
On 8871 out of 10000
Failed run, not saved
On 8871 out of 10000
Failed run, not saved
On 8871 out of 10000
On 8872 out of 10000
On 8873 out of 10000
On 8874 out of 10000
Failed run, not saved
On 8874 out of 10000
Failed run, not saved
On 8874 out of 10000
Failed run, not saved
On 8874 out of 10000
Failed run, not saved
On 8874 out of 10000
Failed run, not saved
On 8874 out of 10000
On 8875 out of 10000
On 8876 out of 10000
On 8877 out of 10000
Failed run, not saved
On 8877 out of 10000
Failed run, not saved
On 8877 out of 10000
Failed run, not saved
On 8877 out of 10000
Failed run, not saved
On 8877 out of 10000
Failed run, not saved
On 8877 out of 10000
Failed run, not saved
On 8877 out of 10000
Failed run, not saved
On 8877 out of 10000
Failed run, not saved
On 8877 out of 10000
Failed run, not saved
On 8877 out of 10000
Failed run, not saved
On 8877 out of 10000
Failed run, not saved
		FAILED TOO MANY TIMES, TRYING ANOTHER ENVIRONMENT
On 8877 out of 10000
On 8878 out of 10000
Failed run, not saved
On 8878 out of 10000
Failed run, not saved
On 8878 out of 10000
Failed run, not saved
On 8878 out of 10000
Failed run, not saved
On 8878 out of 10000
Failed run, not saved
On 8878 out of 10000
Failed run, not saved
On 8878 out of 10000
Failed run, not saved
On 8878 out of 10000
Failed run, not saved
On 8878 out of 10000
Failed run, not saved
On 8878 out of 10000
On 8879 out of 10000
On 8880 out of 10000
Failed run, not saved
On 8880 out of 10000
Failed run, not saved
On 8880 out of 10000
Failed run, not saved
On 8880 out of 10000
Failed run, not saved
On 8880 out of 10000
Failed run, not saved
On 8880 out of 10000
Failed run, not saved
On 8880 out of 10000
Failed run, not saved
On 8880 out of 10000
Failed run, not saved
On 8880 out of 10000
Failed run, not saved
On 8880 out of 10000
Failed run, not saved
On 8880 out of 10000
Failed run, not saved
		FAILED TOO MANY TIMES, TRYING ANOTHER ENVIRONMENT
On 8880 out of 10000
On 8881 out of 10000
On 8882 out of 10000
On 8883 out of 10000
On 8884 out of 10000
On 8885 out of 10000
On 8886 out of 10000
On 8887 out of 10000
Failed run, not saved
On 8887 out of 10000
Failed run, not saved
On 8887 out of 10000
Failed run, not saved
On 8887 out of 10000
Failed run, not saved
On 8887 out of 10000
Failed run, not saved
On 8887 out of 10000
Failed run, not saved
On 8887 out of 10000
Failed run, not saved
On 8887 out of 10000
Failed run, not saved
On 8887 out of 10000
Failed run, not saved
On 8887 out of 10000
On 8888 out of 10000
On 8889 out of 10000
On 8890 out of 10000
On 8891 out of 10000
On 8892 out of 10000
Failed run, not saved
On 8892 out of 10000
Failed run, not saved
On 8892 out of 10000
Failed run, not saved
On 8892 out of 10000
Failed run, not saved
On 8892 out of 10000
On 8893 out of 10000
Failed run, not saved
On 8893 out of 10000
Failed run, not saved
On 8893 out of 10000
Failed run, not saved
On 8893 out of 10000
Failed run, not saved
On 8893 out of 10000
On 8894 out of 10000
Failed run, not saved
On 8894 out of 10000
Failed run, not saved
On 8894 out of 10000
On 8895 out of 10000
Failed run, not saved
On 8895 out of 10000
On 8896 out of 10000
On 8897 out of 10000
On 8898 out of 10000
Failed run, not saved
On 8898 out of 10000
On 8899 out of 10000
On 8900 out of 10000
On 8901 out of 10000
On 8902 out of 10000
Failed run, not saved
On 8902 out of 10000
Failed run, not saved
On 8902 out of 10000
Failed run, not saved
On 8902 out of 10000
Failed run, not saved
On 8902 out of 10000
Failed run, not saved
On 8902 out of 10000
Failed run, not saved
On 8902 out of 10000
Failed run, not saved
On 8902 out of 10000
Failed run, not saved
On 8902 out of 10000
Failed run, not saved
On 8902 out of 10000
Failed run, not saved
On 8902 out of 10000
Failed run, not saved
		FAILED TOO MANY TIMES, TRYING ANOTHER ENVIRONMENT
On 8902 out of 10000
On 8903 out of 10000
On 8904 out of 10000
Failed run, not saved
On 8904 out of 10000
Failed run, not saved
On 8904 out of 10000
Failed run, not saved
On 8904 out of 10000
Failed run, not saved
On 8904 out of 10000
Failed run, not saved
On 8904 out of 10000
Failed run, not saved
On 8904 out of 10000
Failed run, not saved
On 8904 out of 10000
Failed run, not saved
On 8904 out of 10000
Failed run, not saved
On 8904 out of 10000
Failed run, not saved
On 8904 out of 10000
Failed run, not saved
		FAILED TOO MANY TIMES, TRYING ANOTHER ENVIRONMENT
On 8904 out of 10000
On 8905 out of 10000
On 8906 out of 10000
On 8907 out of 10000
On 8908 out of 10000
Failed run, not saved
On 8908 out of 10000
Failed run, not saved
On 8908 out of 10000
Failed run, not saved
On 8908 out of 10000
On 8909 out of 10000
On 8910 out of 10000
On 8911 out of 10000
On 8912 out of 10000
On 8913 out of 10000
On 8914 out of 10000
On 8915 out of 10000
On 8916 out of 10000
On 8917 out of 10000
On 8918 out of 10000
On 8919 out of 10000
On 8920 out of 10000
On 8921 out of 10000
On 8922 out of 10000
Failed run, not saved
On 8922 out of 10000
On 8923 out of 10000
Failed run, not saved
On 8923 out of 10000
On 8924 out of 10000
Failed run, not saved
On 8924 out of 10000
Failed run, not saved
On 8924 out of 10000
Failed run, not saved
On 8924 out of 10000
Failed run, not saved
On 8924 out of 10000
Failed run, not saved
On 8924 out of 10000
Failed run, not saved
On 8924 out of 10000
Failed run, not saved
On 8924 out of 10000
Failed run, not saved
On 8924 out of 10000
Failed run, not saved
On 8924 out of 10000
Failed run, not saved
On 8924 out of 10000
Failed run, not saved
		FAILED TOO MANY TIMES, TRYING ANOTHER ENVIRONMENT
On 8924 out of 10000
Failed run, not saved
		FAILED TOO MANY TIMES, TRYING ANOTHER ENVIRONMENT
On 8924 out of 10000
On 8925 out of 10000
On 8926 out of 10000
Failed run, not saved
On 8926 out of 10000
Failed run, not saved
On 8926 out of 10000
Failed run, not saved
On 8926 out of 10000
On 8927 out of 10000
On 8928 out of 10000
On 8929 out of 10000
On 8930 out of 10000
On 8931 out of 10000
On 8932 out of 10000
Failed run, not saved
On 8932 out of 10000
On 8933 out of 10000
On 8934 out of 10000
On 8935 out of 10000
On 8936 out of 10000
Failed run, not saved
On 8936 out of 10000
Failed run, not saved
On 8936 out of 10000
Failed run, not saved
On 8936 out of 10000
On 8937 out of 10000
On 8938 out of 10000
On 8939 out of 10000
On 8940 out of 10000
On 8941 out of 10000
On 8942 out of 10000
On 8943 out of 10000
Failed run, not saved
On 8943 out of 10000
Failed run, not saved
On 8943 out of 10000
Failed run, not saved
On 8943 out of 10000
Failed run, not saved
On 8943 out of 10000
Failed run, not saved
On 8943 out of 10000
On 8944 out of 10000
Failed run, not saved
On 8944 out of 10000
On 8945 out of 10000
Failed run, not saved
On 8945 out of 10000
Failed run, not saved
On 8945 out of 10000
Failed run, not saved
On 8945 out of 10000
Failed run, not saved
On 8945 out of 10000
Failed run, not saved
On 8945 out of 10000
Failed run, not saved
On 8945 out of 10000
Failed run, not saved
On 8945 out of 10000
Failed run, not saved
On 8945 out of 10000
Failed run, not saved
On 8945 out of 10000
Failed run, not saved
On 8945 out of 10000
Failed run, not saved
		FAILED TOO MANY TIMES, TRYING ANOTHER ENVIRONMENT
On 8945 out of 10000
On 8946 out of 10000
Failed run, not saved
On 8946 out of 10000
Failed run, not saved
On 8946 out of 10000
On 8947 out of 10000
On 8948 out of 10000
On 8949 out of 10000
On 8950 out of 10000
On 8951 out of 10000
On 8952 out of 10000
On 8953 out of 10000
On 8954 out of 10000
On 8955 out of 10000
On 8956 out of 10000
On 8957 out of 10000
On 8958 out of 10000
On 8959 out of 10000
On 8960 out of 10000
On 8961 out of 10000
On 8962 out of 10000
On 8963 out of 10000
Failed run, not saved
On 8963 out of 10000
On 8964 out of 10000
On 8965 out of 10000
On 8966 out of 10000
On 8967 out of 10000
On 8968 out of 10000
On 8969 out of 10000
Failed run, not saved
On 8969 out of 10000
Failed run, not saved
On 8969 out of 10000
Failed run, not saved
On 8969 out of 10000
Failed run, not saved
On 8969 out of 10000
Failed run, not saved
On 8969 out of 10000
Failed run, not saved
On 8969 out of 10000
Failed run, not saved
On 8969 out of 10000
Failed run, not saved
On 8969 out of 10000
Failed run, not saved
On 8969 out of 10000
Failed run, not saved
On 8969 out of 10000
Failed run, not saved
		FAILED TOO MANY TIMES, TRYING ANOTHER ENVIRONMENT
On 8969 out of 10000
On 8970 out of 10000
Failed run, not saved
On 8970 out of 10000
Failed run, not saved
On 8970 out of 10000
Failed run, not saved
On 8970 out of 10000
Failed run, not saved
On 8970 out of 10000
Failed run, not saved
On 8970 out of 10000
Failed run, not saved
On 8970 out of 10000
Failed run, not saved
On 8970 out of 10000
On 8971 out of 10000
On 8972 out of 10000
On 8973 out of 10000
On 8974 out of 10000
Failed run, not saved
On 8974 out of 10000
Failed run, not saved
On 8974 out of 10000
Failed run, not saved
On 8974 out of 10000
Failed run, not saved
On 8974 out of 10000
Failed run, not saved
On 8974 out of 10000
On 8975 out of 10000
On 8976 out of 10000
Failed run, not saved
On 8976 out of 10000
Failed run, not saved
On 8976 out of 10000
On 8977 out of 10000
On 8978 out of 10000
On 8979 out of 10000
Failed run, not saved
On 8979 out of 10000
On 8980 out of 10000
On 8981 out of 10000
On 8982 out of 10000
On 8983 out of 10000
On 8984 out of 10000
On 8985 out of 10000
Failed run, not saved
On 8985 out of 10000
Failed run, not saved
On 8985 out of 10000
Failed run, not saved
On 8985 out of 10000
Failed run, not saved
On 8985 out of 10000
Failed run, not saved
On 8985 out of 10000
Failed run, not saved
On 8985 out of 10000
Failed run, not saved
On 8985 out of 10000
Failed run, not saved
On 8985 out of 10000
Failed run, not saved
On 8985 out of 10000
Failed run, not saved
On 8985 out of 10000
Failed run, not saved
		FAILED TOO MANY TIMES, TRYING ANOTHER ENVIRONMENT
On 8985 out of 10000
Failed run, not saved
		FAILED TOO MANY TIMES, TRYING ANOTHER ENVIRONMENT
On 8985 out of 10000
Failed run, not saved
		FAILED TOO MANY TIMES, TRYING ANOTHER ENVIRONMENT
On 8985 out of 10000
On 8986 out of 10000
On 8987 out of 10000
On 8988 out of 10000
On 8989 out of 10000
Failed run, not saved
On 8989 out of 10000
On 8990 out of 10000
On 8991 out of 10000
On 8992 out of 10000
Failed run, not saved
On 8992 out of 10000
Failed run, not saved
On 8992 out of 10000
Failed run, not saved
On 8992 out of 10000
Failed run, not saved
On 8992 out of 10000
Failed run, not saved
On 8992 out of 10000
Failed run, not saved
On 8992 out of 10000
Failed run, not saved
On 8992 out of 10000
Failed run, not saved
On 8992 out of 10000
On 8993 out of 10000
On 8994 out of 10000
On 8995 out of 10000
On 8996 out of 10000
On 8997 out of 10000
On 8998 out of 10000
On 8999 out of 10000
On 9000 out of 10000
Failed run, not saved
On 9000 out of 10000
Failed run, not saved
On 9000 out of 10000
Failed run, not saved
On 9000 out of 10000
Failed run, not saved
On 9000 out of 10000
Failed run, not saved
On 9000 out of 10000
Failed run, not saved
On 9000 out of 10000
Failed run, not saved
On 9000 out of 10000
Failed run, not saved
On 9000 out of 10000
Failed run, not saved
On 9000 out of 10000
Failed run, not saved
On 9000 out of 10000
Failed run, not saved
		FAILED TOO MANY TIMES, TRYING ANOTHER ENVIRONMENT
On 9000 out of 10000
On 9001 out of 10000
Failed run, not saved
On 9001 out of 10000
On 9002 out of 10000
On 9003 out of 10000
On 9004 out of 10000
Failed run, not saved
On 9004 out of 10000
Failed run, not saved
On 9004 out of 10000
Failed run, not saved
On 9004 out of 10000
Failed run, not saved
On 9004 out of 10000
Failed run, not saved
On 9004 out of 10000
Failed run, not saved
On 9004 out of 10000
Failed run, not saved
On 9004 out of 10000
On 9005 out of 10000
Failed run, not saved
On 9005 out of 10000
On 9006 out of 10000
On 9007 out of 10000
On 9008 out of 10000
On 9009 out of 10000
On 9010 out of 10000
On 9011 out of 10000
Failed run, not saved
On 9011 out of 10000
Failed run, not saved
On 9011 out of 10000
Failed run, not saved
On 9011 out of 10000
Failed run, not saved
On 9011 out of 10000
Failed run, not saved
On 9011 out of 10000
Failed run, not saved
On 9011 out of 10000
On 9012 out of 10000
Failed run, not saved
On 9012 out of 10000
Failed run, not saved
On 9012 out of 10000
Failed run, not saved
On 9012 out of 10000
On 9013 out of 10000
Failed run, not saved
On 9013 out of 10000
Failed run, not saved
On 9013 out of 10000
Failed run, not saved
On 9013 out of 10000
Failed run, not saved
On 9013 out of 10000
Failed run, not saved
On 9013 out of 10000
Failed run, not saved
On 9013 out of 10000
Failed run, not saved
On 9013 out of 10000
Failed run, not saved
On 9013 out of 10000
Failed run, not saved
On 9013 out of 10000
Failed run, not saved
On 9013 out of 10000
Failed run, not saved
		FAILED TOO MANY TIMES, TRYING ANOTHER ENVIRONMENT
On 9013 out of 10000
On 9014 out of 10000
On 9015 out of 10000
On 9016 out of 10000
On 9017 out of 10000
On 9018 out of 10000
On 9019 out of 10000
On 9020 out of 10000
On 9021 out of 10000
On 9022 out of 10000
On 9023 out of 10000
On 9024 out of 10000
On 9025 out of 10000
On 9026 out of 10000
Failed run, not saved
On 9026 out of 10000
On 9027 out of 10000
On 9028 out of 10000
On 9029 out of 10000
Failed run, not saved
On 9029 out of 10000
Failed run, not saved
On 9029 out of 10000
Failed run, not saved
On 9029 out of 10000
Failed run, not saved
On 9029 out of 10000
Failed run, not saved
On 9029 out of 10000
On 9030 out of 10000
On 9031 out of 10000
On 9032 out of 10000
On 9033 out of 10000
On 9034 out of 10000
On 9035 out of 10000
On 9036 out of 10000
On 9037 out of 10000
Failed run, not saved
On 9037 out of 10000
Failed run, not saved
On 9037 out of 10000
Failed run, not saved
On 9037 out of 10000
On 9038 out of 10000
Failed run, not saved
On 9038 out of 10000
Failed run, not saved
On 9038 out of 10000
Failed run, not saved
On 9038 out of 10000
Failed run, not saved
On 9038 out of 10000
Failed run, not saved
On 9038 out of 10000
Failed run, not saved
On 9038 out of 10000
Failed run, not saved
On 9038 out of 10000
Failed run, not saved
On 9038 out of 10000
Failed run, not saved
On 9038 out of 10000
Failed run, not saved
On 9038 out of 10000
Failed run, not saved
		FAILED TOO MANY TIMES, TRYING ANOTHER ENVIRONMENT
On 9038 out of 10000
On 9039 out of 10000
On 9040 out of 10000
On 9041 out of 10000
On 9042 out of 10000
On 9043 out of 10000
On 9044 out of 10000
Failed run, not saved
On 9044 out of 10000
On 9045 out of 10000
Failed run, not saved
On 9045 out of 10000
Failed run, not saved
On 9045 out of 10000
On 9046 out of 10000
On 9047 out of 10000
On 9048 out of 10000
Failed run, not saved
On 9048 out of 10000
Failed run, not saved
On 9048 out of 10000
Failed run, not saved
On 9048 out of 10000
Failed run, not saved
On 9048 out of 10000
Failed run, not saved
On 9048 out of 10000
Failed run, not saved
On 9048 out of 10000
Failed run, not saved
On 9048 out of 10000
Failed run, not saved
On 9048 out of 10000
Failed run, not saved
On 9048 out of 10000
Failed run, not saved
On 9048 out of 10000
Failed run, not saved
		FAILED TOO MANY TIMES, TRYING ANOTHER ENVIRONMENT
On 9048 out of 10000
On 9049 out of 10000
On 9050 out of 10000
Failed run, not saved
On 9050 out of 10000
On 9051 out of 10000
On 9052 out of 10000
Failed run, not saved
On 9052 out of 10000
On 9053 out of 10000
On 9054 out of 10000
On 9055 out of 10000
On 9056 out of 10000
On 9057 out of 10000
On 9058 out of 10000
On 9059 out of 10000
On 9060 out of 10000
On 9061 out of 10000
On 9062 out of 10000
Failed run, not saved
On 9062 out of 10000
Failed run, not saved
On 9062 out of 10000
On 9063 out of 10000
On 9064 out of 10000
On 9065 out of 10000
On 9066 out of 10000
On 9067 out of 10000
On 9068 out of 10000
On 9069 out of 10000
On 9070 out of 10000
On 9071 out of 10000
On 9072 out of 10000
On 9073 out of 10000
On 9074 out of 10000
On 9075 out of 10000
On 9076 out of 10000
On 9077 out of 10000
On 9078 out of 10000
On 9079 out of 10000
On 9080 out of 10000
Failed run, not saved
On 9080 out of 10000
Failed run, not saved
On 9080 out of 10000
Failed run, not saved
On 9080 out of 10000
On 9081 out of 10000
On 9082 out of 10000
On 9083 out of 10000
Failed run, not saved
On 9083 out of 10000
On 9084 out of 10000
Failed run, not saved
On 9084 out of 10000
On 9085 out of 10000
On 9086 out of 10000
On 9087 out of 10000
On 9088 out of 10000
Failed run, not saved
On 9088 out of 10000
On 9089 out of 10000
On 9090 out of 10000
Failed run, not saved
On 9090 out of 10000
Failed run, not saved
On 9090 out of 10000
Failed run, not saved
On 9090 out of 10000
Failed run, not saved
On 9090 out of 10000
Failed run, not saved
On 9090 out of 10000
Failed run, not saved
On 9090 out of 10000
Failed run, not saved
On 9090 out of 10000
Failed run, not saved
On 9090 out of 10000
Failed run, not saved
On 9090 out of 10000
Failed run, not saved
On 9090 out of 10000
Failed run, not saved
		FAILED TOO MANY TIMES, TRYING ANOTHER ENVIRONMENT
On 9090 out of 10000
On 9091 out of 10000
Failed run, not saved
On 9091 out of 10000
Failed run, not saved
On 9091 out of 10000
Failed run, not saved
On 9091 out of 10000
Failed run, not saved
On 9091 out of 10000
Failed run, not saved
On 9091 out of 10000
On 9092 out of 10000
On 9093 out of 10000
On 9094 out of 10000
On 9095 out of 10000
On 9096 out of 10000
On 9097 out of 10000
On 9098 out of 10000
On 9099 out of 10000
On 9100 out of 10000
On 9101 out of 10000
Failed run, not saved
On 9101 out of 10000
On 9102 out of 10000
Failed run, not saved
On 9102 out of 10000
Failed run, not saved
On 9102 out of 10000
Failed run, not saved
On 9102 out of 10000
Failed run, not saved
On 9102 out of 10000
Failed run, not saved
On 9102 out of 10000
Failed run, not saved
On 9102 out of 10000
Failed run, not saved
On 9102 out of 10000
Failed run, not saved
On 9102 out of 10000
Failed run, not saved
On 9102 out of 10000
Failed run, not saved
On 9102 out of 10000
Failed run, not saved
		FAILED TOO MANY TIMES, TRYING ANOTHER ENVIRONMENT
On 9102 out of 10000
On 9103 out of 10000
On 9104 out of 10000
On 9105 out of 10000
On 9106 out of 10000
Failed run, not saved
On 9106 out of 10000
Failed run, not saved
On 9106 out of 10000
Failed run, not saved
On 9106 out of 10000
Failed run, not saved
On 9106 out of 10000
On 9107 out of 10000
On 9108 out of 10000
On 9109 out of 10000
On 9110 out of 10000
On 9111 out of 10000
On 9112 out of 10000
Failed run, not saved
On 9112 out of 10000
Failed run, not saved
On 9112 out of 10000
On 9113 out of 10000
Failed run, not saved
On 9113 out of 10000
On 9114 out of 10000
On 9115 out of 10000
Failed run, not saved
On 9115 out of 10000
On 9116 out of 10000
Failed run, not saved
On 9116 out of 10000
Failed run, not saved
On 9116 out of 10000
Failed run, not saved
On 9116 out of 10000
Failed run, not saved
On 9116 out of 10000
On 9117 out of 10000
On 9118 out of 10000
On 9119 out of 10000
On 9120 out of 10000
On 9121 out of 10000
On 9122 out of 10000
On 9123 out of 10000
On 9124 out of 10000
On 9125 out of 10000
On 9126 out of 10000
On 9127 out of 10000
Failed run, not saved
On 9127 out of 10000
Failed run, not saved
On 9127 out of 10000
Failed run, not saved
On 9127 out of 10000
Failed run, not saved
On 9127 out of 10000
Failed run, not saved
On 9127 out of 10000
Failed run, not saved
On 9127 out of 10000
Failed run, not saved
On 9127 out of 10000
Failed run, not saved
On 9127 out of 10000
On 9128 out of 10000
On 9129 out of 10000
On 9130 out of 10000
Failed run, not saved
On 9130 out of 10000
On 9131 out of 10000
On 9132 out of 10000
On 9133 out of 10000
On 9134 out of 10000
On 9135 out of 10000
On 9136 out of 10000
On 9137 out of 10000
On 9138 out of 10000
On 9139 out of 10000
On 9140 out of 10000
Failed run, not saved
On 9140 out of 10000
Failed run, not saved
On 9140 out of 10000
On 9141 out of 10000
Failed run, not saved
On 9141 out of 10000
On 9142 out of 10000
On 9143 out of 10000
On 9144 out of 10000
On 9145 out of 10000
On 9146 out of 10000
On 9147 out of 10000
On 9148 out of 10000
On 9149 out of 10000
On 9150 out of 10000
On 9151 out of 10000
On 9152 out of 10000
On 9153 out of 10000
Failed run, not saved
On 9153 out of 10000
On 9154 out of 10000
On 9155 out of 10000
On 9156 out of 10000
On 9157 out of 10000
On 9158 out of 10000
On 9159 out of 10000
On 9160 out of 10000
Failed run, not saved
On 9160 out of 10000
Failed run, not saved
On 9160 out of 10000
Failed run, not saved
On 9160 out of 10000
Failed run, not saved
On 9160 out of 10000
Failed run, not saved
On 9160 out of 10000
Failed run, not saved
On 9160 out of 10000
Failed run, not saved
On 9160 out of 10000
Failed run, not saved
On 9160 out of 10000
Failed run, not saved
On 9160 out of 10000
Failed run, not saved
On 9160 out of 10000
Failed run, not saved
		FAILED TOO MANY TIMES, TRYING ANOTHER ENVIRONMENT
On 9160 out of 10000
On 9161 out of 10000
On 9162 out of 10000
Failed run, not saved
On 9162 out of 10000
Failed run, not saved
On 9162 out of 10000
Failed run, not saved
On 9162 out of 10000
Failed run, not saved
On 9162 out of 10000
Failed run, not saved
On 9162 out of 10000
Failed run, not saved
On 9162 out of 10000
Failed run, not saved
On 9162 out of 10000
Failed run, not saved
On 9162 out of 10000
Failed run, not saved
On 9162 out of 10000
Failed run, not saved
On 9162 out of 10000
Failed run, not saved
		FAILED TOO MANY TIMES, TRYING ANOTHER ENVIRONMENT
On 9162 out of 10000
On 9163 out of 10000
On 9164 out of 10000
On 9165 out of 10000
Failed run, not saved
On 9165 out of 10000
Failed run, not saved
On 9165 out of 10000
Failed run, not saved
On 9165 out of 10000
Failed run, not saved
On 9165 out of 10000
On 9166 out of 10000
On 9167 out of 10000
On 9168 out of 10000
Failed run, not saved
On 9168 out of 10000
Failed run, not saved
On 9168 out of 10000
On 9169 out of 10000
On 9170 out of 10000
Failed run, not saved
On 9170 out of 10000
Failed run, not saved
On 9170 out of 10000
Failed run, not saved
On 9170 out of 10000
On 9171 out of 10000
Failed run, not saved
On 9171 out of 10000
Failed run, not saved
On 9171 out of 10000
On 9172 out of 10000
On 9173 out of 10000
On 9174 out of 10000
Failed run, not saved
On 9174 out of 10000
On 9175 out of 10000
On 9176 out of 10000
Failed run, not saved
On 9176 out of 10000
Failed run, not saved
On 9176 out of 10000
Failed run, not saved
On 9176 out of 10000
Failed run, not saved
On 9176 out of 10000
Failed run, not saved
On 9176 out of 10000
Failed run, not saved
On 9176 out of 10000
Failed run, not saved
On 9176 out of 10000
On 9177 out of 10000
On 9178 out of 10000
On 9179 out of 10000
On 9180 out of 10000
On 9181 out of 10000
On 9182 out of 10000
On 9183 out of 10000
On 9184 out of 10000
On 9185 out of 10000
On 9186 out of 10000
On 9187 out of 10000
Failed run, not saved
On 9187 out of 10000
Failed run, not saved
On 9187 out of 10000
On 9188 out of 10000
On 9189 out of 10000
On 9190 out of 10000
On 9191 out of 10000
On 9192 out of 10000
On 9193 out of 10000
On 9194 out of 10000
On 9195 out of 10000
On 9196 out of 10000
On 9197 out of 10000
Failed run, not saved
On 9197 out of 10000
Failed run, not saved
On 9197 out of 10000
Failed run, not saved
On 9197 out of 10000
Failed run, not saved
On 9197 out of 10000
Failed run, not saved
On 9197 out of 10000
Failed run, not saved
On 9197 out of 10000
Failed run, not saved
On 9197 out of 10000
Failed run, not saved
On 9197 out of 10000
Failed run, not saved
On 9197 out of 10000
On 9198 out of 10000
Failed run, not saved
On 9198 out of 10000
Failed run, not saved
On 9198 out of 10000
On 9199 out of 10000
On 9200 out of 10000
On 9201 out of 10000
On 9202 out of 10000
Failed run, not saved
On 9202 out of 10000
Failed run, not saved
On 9202 out of 10000
Failed run, not saved
On 9202 out of 10000
Failed run, not saved
On 9202 out of 10000
Failed run, not saved
On 9202 out of 10000
Failed run, not saved
On 9202 out of 10000
Failed run, not saved
On 9202 out of 10000
On 9203 out of 10000
On 9204 out of 10000
Failed run, not saved
On 9204 out of 10000
Failed run, not saved
On 9204 out of 10000
On 9205 out of 10000
On 9206 out of 10000
On 9207 out of 10000
On 9208 out of 10000
On 9209 out of 10000
On 9210 out of 10000
On 9211 out of 10000
On 9212 out of 10000
On 9213 out of 10000
On 9214 out of 10000
On 9215 out of 10000
Failed run, not saved
On 9215 out of 10000
Failed run, not saved
On 9215 out of 10000
Failed run, not saved
On 9215 out of 10000
Failed run, not saved
On 9215 out of 10000
On 9216 out of 10000
On 9217 out of 10000
On 9218 out of 10000
On 9219 out of 10000
On 9220 out of 10000
On 9221 out of 10000
Failed run, not saved
On 9221 out of 10000
On 9222 out of 10000
On 9223 out of 10000
On 9224 out of 10000
Failed run, not saved
On 9224 out of 10000
Failed run, not saved
On 9224 out of 10000
Failed run, not saved
On 9224 out of 10000
On 9225 out of 10000
On 9226 out of 10000
Failed run, not saved
On 9226 out of 10000
On 9227 out of 10000
On 9228 out of 10000
On 9229 out of 10000
On 9230 out of 10000
On 9231 out of 10000
Failed run, not saved
On 9231 out of 10000
Failed run, not saved
On 9231 out of 10000
Failed run, not saved
On 9231 out of 10000
Failed run, not saved
On 9231 out of 10000
Failed run, not saved
On 9231 out of 10000
On 9232 out of 10000
On 9233 out of 10000
Failed run, not saved
On 9233 out of 10000
Failed run, not saved
On 9233 out of 10000
Failed run, not saved
On 9233 out of 10000
Failed run, not saved
On 9233 out of 10000
On 9234 out of 10000
On 9235 out of 10000
On 9236 out of 10000
On 9237 out of 10000
On 9238 out of 10000
On 9239 out of 10000
On 9240 out of 10000
On 9241 out of 10000
On 9242 out of 10000
On 9243 out of 10000
On 9244 out of 10000
On 9245 out of 10000
On 9246 out of 10000
On 9247 out of 10000
On 9248 out of 10000
On 9249 out of 10000
On 9250 out of 10000
On 9251 out of 10000
Failed run, not saved
On 9251 out of 10000
Failed run, not saved
On 9251 out of 10000
Failed run, not saved
On 9251 out of 10000
Failed run, not saved
On 9251 out of 10000
Failed run, not saved
On 9251 out of 10000
Failed run, not saved
On 9251 out of 10000
Failed run, not saved
On 9251 out of 10000
Failed run, not saved
On 9251 out of 10000
Failed run, not saved
On 9251 out of 10000
Failed run, not saved
On 9251 out of 10000
Failed run, not saved
		FAILED TOO MANY TIMES, TRYING ANOTHER ENVIRONMENT
On 9251 out of 10000
On 9252 out of 10000
On 9253 out of 10000
On 9254 out of 10000
On 9255 out of 10000
On 9256 out of 10000
On 9257 out of 10000
On 9258 out of 10000
Failed run, not saved
On 9258 out of 10000
Failed run, not saved
On 9258 out of 10000
On 9259 out of 10000
On 9260 out of 10000
On 9261 out of 10000
On 9262 out of 10000
On 9263 out of 10000
Failed run, not saved
On 9263 out of 10000
Failed run, not saved
On 9263 out of 10000
On 9264 out of 10000
Failed run, not saved
On 9264 out of 10000
Failed run, not saved
On 9264 out of 10000
Failed run, not saved
On 9264 out of 10000
Failed run, not saved
On 9264 out of 10000
On 9265 out of 10000
On 9266 out of 10000
Failed run, not saved
On 9266 out of 10000
On 9267 out of 10000
On 9268 out of 10000
On 9269 out of 10000
On 9270 out of 10000
On 9271 out of 10000
On 9272 out of 10000
On 9273 out of 10000
Failed run, not saved
On 9273 out of 10000
Failed run, not saved
On 9273 out of 10000
On 9274 out of 10000
On 9275 out of 10000
On 9276 out of 10000
Failed run, not saved
On 9276 out of 10000
Failed run, not saved
On 9276 out of 10000
On 9277 out of 10000
On 9278 out of 10000
On 9279 out of 10000
On 9280 out of 10000
On 9281 out of 10000
On 9282 out of 10000
Failed run, not saved
On 9282 out of 10000
Failed run, not saved
On 9282 out of 10000
Failed run, not saved
On 9282 out of 10000
On 9283 out of 10000
Failed run, not saved
On 9283 out of 10000
Failed run, not saved
On 9283 out of 10000
On 9284 out of 10000
On 9285 out of 10000
On 9286 out of 10000
On 9287 out of 10000
On 9288 out of 10000
On 9289 out of 10000
On 9290 out of 10000
Failed run, not saved
On 9290 out of 10000
On 9291 out of 10000
On 9292 out of 10000
Failed run, not saved
On 9292 out of 10000
On 9293 out of 10000
On 9294 out of 10000
Failed run, not saved
On 9294 out of 10000
Failed run, not saved
On 9294 out of 10000
Failed run, not saved
On 9294 out of 10000
Failed run, not saved
On 9294 out of 10000
Failed run, not saved
On 9294 out of 10000
Failed run, not saved
On 9294 out of 10000
Failed run, not saved
On 9294 out of 10000
Failed run, not saved
On 9294 out of 10000
Failed run, not saved
On 9294 out of 10000
Failed run, not saved
On 9294 out of 10000
Failed run, not saved
		FAILED TOO MANY TIMES, TRYING ANOTHER ENVIRONMENT
On 9294 out of 10000
On 9295 out of 10000
Failed run, not saved
On 9295 out of 10000
Failed run, not saved
On 9295 out of 10000
Failed run, not saved
On 9295 out of 10000
Failed run, not saved
On 9295 out of 10000
On 9296 out of 10000
On 9297 out of 10000
On 9298 out of 10000
On 9299 out of 10000
Failed run, not saved
On 9299 out of 10000
Failed run, not saved
On 9299 out of 10000
On 9300 out of 10000
On 9301 out of 10000
On 9302 out of 10000
Failed run, not saved
On 9302 out of 10000
Failed run, not saved
On 9302 out of 10000
Failed run, not saved
On 9302 out of 10000
Failed run, not saved
On 9302 out of 10000
On 9303 out of 10000
On 9304 out of 10000
On 9305 out of 10000
On 9306 out of 10000
On 9307 out of 10000
On 9308 out of 10000
On 9309 out of 10000
On 9310 out of 10000
On 9311 out of 10000
On 9312 out of 10000
Failed run, not saved
On 9312 out of 10000
Failed run, not saved
On 9312 out of 10000
On 9313 out of 10000
On 9314 out of 10000
On 9315 out of 10000
Failed run, not saved
On 9315 out of 10000
Failed run, not saved
On 9315 out of 10000
Failed run, not saved
On 9315 out of 10000
Failed run, not saved
On 9315 out of 10000
Failed run, not saved
On 9315 out of 10000
On 9316 out of 10000
On 9317 out of 10000
On 9318 out of 10000
On 9319 out of 10000
On 9320 out of 10000
Failed run, not saved
On 9320 out of 10000
Failed run, not saved
On 9320 out of 10000
Failed run, not saved
On 9320 out of 10000
Failed run, not saved
On 9320 out of 10000
Failed run, not saved
On 9320 out of 10000
Failed run, not saved
On 9320 out of 10000
Failed run, not saved
On 9320 out of 10000
Failed run, not saved
On 9320 out of 10000
Failed run, not saved
On 9320 out of 10000
Failed run, not saved
On 9320 out of 10000
Failed run, not saved
		FAILED TOO MANY TIMES, TRYING ANOTHER ENVIRONMENT
On 9320 out of 10000
On 9321 out of 10000
Failed run, not saved
On 9321 out of 10000
Failed run, not saved
On 9321 out of 10000
On 9322 out of 10000
On 9323 out of 10000
On 9324 out of 10000
Failed run, not saved
On 9324 out of 10000
On 9325 out of 10000
On 9326 out of 10000
On 9327 out of 10000
On 9328 out of 10000
On 9329 out of 10000
On 9330 out of 10000
On 9331 out of 10000
On 9332 out of 10000
On 9333 out of 10000
On 9334 out of 10000
Failed run, not saved
On 9334 out of 10000
Failed run, not saved
On 9334 out of 10000
Failed run, not saved
On 9334 out of 10000
Failed run, not saved
On 9334 out of 10000
Failed run, not saved
On 9334 out of 10000
Failed run, not saved
On 9334 out of 10000
Failed run, not saved
On 9334 out of 10000
Failed run, not saved
On 9334 out of 10000
Failed run, not saved
On 9334 out of 10000
Failed run, not saved
On 9334 out of 10000
Failed run, not saved
		FAILED TOO MANY TIMES, TRYING ANOTHER ENVIRONMENT
On 9334 out of 10000
On 9335 out of 10000
On 9336 out of 10000
On 9337 out of 10000
On 9338 out of 10000
On 9339 out of 10000
On 9340 out of 10000
On 9341 out of 10000
On 9342 out of 10000
On 9343 out of 10000
On 9344 out of 10000
On 9345 out of 10000
On 9346 out of 10000
On 9347 out of 10000
On 9348 out of 10000
Failed run, not saved
On 9348 out of 10000
Failed run, not saved
On 9348 out of 10000
Failed run, not saved
On 9348 out of 10000
Failed run, not saved
On 9348 out of 10000
Failed run, not saved
On 9348 out of 10000
Failed run, not saved
On 9348 out of 10000
Failed run, not saved
On 9348 out of 10000
Failed run, not saved
On 9348 out of 10000
Failed run, not saved
On 9348 out of 10000
Failed run, not saved
On 9348 out of 10000
Failed run, not saved
		FAILED TOO MANY TIMES, TRYING ANOTHER ENVIRONMENT
On 9348 out of 10000
On 9349 out of 10000
On 9350 out of 10000
Failed run, not saved
On 9350 out of 10000
On 9351 out of 10000
On 9352 out of 10000
On 9353 out of 10000
On 9354 out of 10000
Failed run, not saved
On 9354 out of 10000
On 9355 out of 10000
On 9356 out of 10000
On 9357 out of 10000
On 9358 out of 10000
On 9359 out of 10000
Failed run, not saved
On 9359 out of 10000
Failed run, not saved
On 9359 out of 10000
Failed run, not saved
On 9359 out of 10000
Failed run, not saved
On 9359 out of 10000
Failed run, not saved
On 9359 out of 10000
Failed run, not saved
On 9359 out of 10000
Failed run, not saved
On 9359 out of 10000
Failed run, not saved
On 9359 out of 10000
Failed run, not saved
On 9359 out of 10000
Failed run, not saved
On 9359 out of 10000
Failed run, not saved
		FAILED TOO MANY TIMES, TRYING ANOTHER ENVIRONMENT
On 9359 out of 10000
On 9360 out of 10000
On 9361 out of 10000
Failed run, not saved
On 9361 out of 10000
On 9362 out of 10000
On 9363 out of 10000
Failed run, not saved
On 9363 out of 10000
Failed run, not saved
On 9363 out of 10000
On 9364 out of 10000
On 9365 out of 10000
On 9366 out of 10000
On 9367 out of 10000
On 9368 out of 10000
Failed run, not saved
On 9368 out of 10000
On 9369 out of 10000
On 9370 out of 10000
On 9371 out of 10000
On 9372 out of 10000
On 9373 out of 10000
On 9374 out of 10000
Failed run, not saved
On 9374 out of 10000
On 9375 out of 10000
Failed run, not saved
On 9375 out of 10000
On 9376 out of 10000
On 9377 out of 10000
On 9378 out of 10000
On 9379 out of 10000
On 9380 out of 10000
Failed run, not saved
On 9380 out of 10000
On 9381 out of 10000
On 9382 out of 10000
On 9383 out of 10000
Failed run, not saved
On 9383 out of 10000
Failed run, not saved
On 9383 out of 10000
Failed run, not saved
On 9383 out of 10000
On 9384 out of 10000
On 9385 out of 10000
Failed run, not saved
On 9385 out of 10000
On 9386 out of 10000
On 9387 out of 10000
On 9388 out of 10000
On 9389 out of 10000
On 9390 out of 10000
On 9391 out of 10000
Failed run, not saved
On 9391 out of 10000
On 9392 out of 10000
Failed run, not saved
On 9392 out of 10000
Failed run, not saved
On 9392 out of 10000
Failed run, not saved
On 9392 out of 10000
On 9393 out of 10000
On 9394 out of 10000
Failed run, not saved
On 9394 out of 10000
On 9395 out of 10000
Failed run, not saved
On 9395 out of 10000
On 9396 out of 10000
On 9397 out of 10000
On 9398 out of 10000
On 9399 out of 10000
Failed run, not saved
On 9399 out of 10000
On 9400 out of 10000
Failed run, not saved
On 9400 out of 10000
On 9401 out of 10000
On 9402 out of 10000
On 9403 out of 10000
On 9404 out of 10000
On 9405 out of 10000
On 9406 out of 10000
Failed run, not saved
On 9406 out of 10000
Failed run, not saved
On 9406 out of 10000
Failed run, not saved
On 9406 out of 10000
Failed run, not saved
On 9406 out of 10000
Failed run, not saved
On 9406 out of 10000
Failed run, not saved
On 9406 out of 10000
Failed run, not saved
On 9406 out of 10000
Failed run, not saved
On 9406 out of 10000
Failed run, not saved
On 9406 out of 10000
Failed run, not saved
On 9406 out of 10000
Failed run, not saved
		FAILED TOO MANY TIMES, TRYING ANOTHER ENVIRONMENT
On 9406 out of 10000
Failed run, not saved
		FAILED TOO MANY TIMES, TRYING ANOTHER ENVIRONMENT
On 9406 out of 10000
On 9407 out of 10000
On 9408 out of 10000
On 9409 out of 10000
Failed run, not saved
On 9409 out of 10000
Failed run, not saved
On 9409 out of 10000
On 9410 out of 10000
On 9411 out of 10000
On 9412 out of 10000
Failed run, not saved
On 9412 out of 10000
Failed run, not saved
On 9412 out of 10000
Failed run, not saved
On 9412 out of 10000
Failed run, not saved
On 9412 out of 10000
Failed run, not saved
On 9412 out of 10000
Failed run, not saved
On 9412 out of 10000
Failed run, not saved
On 9412 out of 10000
Failed run, not saved
On 9412 out of 10000
On 9413 out of 10000
On 9414 out of 10000
On 9415 out of 10000
Failed run, not saved
On 9415 out of 10000
On 9416 out of 10000
On 9417 out of 10000
On 9418 out of 10000
On 9419 out of 10000
On 9420 out of 10000
Failed run, not saved
On 9420 out of 10000
Failed run, not saved
On 9420 out of 10000
Failed run, not saved
On 9420 out of 10000
Failed run, not saved
On 9420 out of 10000
On 9421 out of 10000
Failed run, not saved
On 9421 out of 10000
Failed run, not saved
On 9421 out of 10000
On 9422 out of 10000
On 9423 out of 10000
On 9424 out of 10000
On 9425 out of 10000
Failed run, not saved
On 9425 out of 10000
Failed run, not saved
On 9425 out of 10000
Failed run, not saved
On 9425 out of 10000
Failed run, not saved
On 9425 out of 10000
On 9426 out of 10000
Failed run, not saved
On 9426 out of 10000
Failed run, not saved
On 9426 out of 10000
Failed run, not saved
On 9426 out of 10000
Failed run, not saved
On 9426 out of 10000
Failed run, not saved
On 9426 out of 10000
Failed run, not saved
On 9426 out of 10000
Failed run, not saved
On 9426 out of 10000
Failed run, not saved
On 9426 out of 10000
Failed run, not saved
On 9426 out of 10000
Failed run, not saved
On 9426 out of 10000
Failed run, not saved
		FAILED TOO MANY TIMES, TRYING ANOTHER ENVIRONMENT
On 9426 out of 10000
On 9427 out of 10000
Failed run, not saved
On 9427 out of 10000
On 9428 out of 10000
On 9429 out of 10000
On 9430 out of 10000
On 9431 out of 10000
On 9432 out of 10000
Failed run, not saved
On 9432 out of 10000
On 9433 out of 10000
On 9434 out of 10000
On 9435 out of 10000
On 9436 out of 10000
On 9437 out of 10000
On 9438 out of 10000
On 9439 out of 10000
On 9440 out of 10000
On 9441 out of 10000
On 9442 out of 10000
On 9443 out of 10000
On 9444 out of 10000
Failed run, not saved
On 9444 out of 10000
Failed run, not saved
On 9444 out of 10000
On 9445 out of 10000
On 9446 out of 10000
On 9447 out of 10000
On 9448 out of 10000
On 9449 out of 10000
On 9450 out of 10000
On 9451 out of 10000
On 9452 out of 10000
Failed run, not saved
On 9452 out of 10000
On 9453 out of 10000
On 9454 out of 10000
On 9455 out of 10000
On 9456 out of 10000
On 9457 out of 10000
On 9458 out of 10000
Failed run, not saved
On 9458 out of 10000
Failed run, not saved
On 9458 out of 10000
Failed run, not saved
On 9458 out of 10000
Failed run, not saved
On 9458 out of 10000
Failed run, not saved
On 9458 out of 10000
Failed run, not saved
On 9458 out of 10000
Failed run, not saved
On 9458 out of 10000
Failed run, not saved
On 9458 out of 10000
Failed run, not saved
On 9458 out of 10000
Failed run, not saved
On 9458 out of 10000
On 9459 out of 10000
Failed run, not saved
On 9459 out of 10000
Failed run, not saved
On 9459 out of 10000
Failed run, not saved
On 9459 out of 10000
Failed run, not saved
On 9459 out of 10000
Failed run, not saved
On 9459 out of 10000
Failed run, not saved
On 9459 out of 10000
Failed run, not saved
On 9459 out of 10000
Failed run, not saved
On 9459 out of 10000
Failed run, not saved
On 9459 out of 10000
Failed run, not saved
On 9459 out of 10000
Failed run, not saved
		FAILED TOO MANY TIMES, TRYING ANOTHER ENVIRONMENT
On 9459 out of 10000
On 9460 out of 10000
Failed run, not saved
On 9460 out of 10000
Failed run, not saved
On 9460 out of 10000
Failed run, not saved
On 9460 out of 10000
On 9461 out of 10000
On 9462 out of 10000
On 9463 out of 10000
Failed run, not saved
On 9463 out of 10000
Failed run, not saved
On 9463 out of 10000
Failed run, not saved
On 9463 out of 10000
Failed run, not saved
On 9463 out of 10000
Failed run, not saved
On 9463 out of 10000
Failed run, not saved
On 9463 out of 10000
Failed run, not saved
On 9463 out of 10000
Failed run, not saved
On 9463 out of 10000
Failed run, not saved
On 9463 out of 10000
Failed run, not saved
On 9463 out of 10000
Failed run, not saved
		FAILED TOO MANY TIMES, TRYING ANOTHER ENVIRONMENT
On 9463 out of 10000
On 9464 out of 10000
On 9465 out of 10000
On 9466 out of 10000
On 9467 out of 10000
Failed run, not saved
On 9467 out of 10000
On 9468 out of 10000
On 9469 out of 10000
Failed run, not saved
On 9469 out of 10000
On 9470 out of 10000
On 9471 out of 10000
Failed run, not saved
On 9471 out of 10000
On 9472 out of 10000
On 9473 out of 10000
On 9474 out of 10000
On 9475 out of 10000
On 9476 out of 10000
On 9477 out of 10000
On 9478 out of 10000
On 9479 out of 10000
On 9480 out of 10000
On 9481 out of 10000
On 9482 out of 10000
On 9483 out of 10000
On 9484 out of 10000
Failed run, not saved
On 9484 out of 10000
On 9485 out of 10000
On 9486 out of 10000
Failed run, not saved
On 9486 out of 10000
Failed run, not saved
On 9486 out of 10000
On 9487 out of 10000
On 9488 out of 10000
On 9489 out of 10000
On 9490 out of 10000
On 9491 out of 10000
On 9492 out of 10000
On 9493 out of 10000
On 9494 out of 10000
On 9495 out of 10000
On 9496 out of 10000
Failed run, not saved
On 9496 out of 10000
Failed run, not saved
On 9496 out of 10000
Failed run, not saved
On 9496 out of 10000
Failed run, not saved
On 9496 out of 10000
On 9497 out of 10000
On 9498 out of 10000
On 9499 out of 10000
On 9500 out of 10000
Failed run, not saved
On 9500 out of 10000
Failed run, not saved
On 9500 out of 10000
Failed run, not saved
On 9500 out of 10000
Failed run, not saved
On 9500 out of 10000
Failed run, not saved
On 9500 out of 10000
Failed run, not saved
On 9500 out of 10000
Failed run, not saved
On 9500 out of 10000
Failed run, not saved
On 9500 out of 10000
Failed run, not saved
On 9500 out of 10000
Failed run, not saved
On 9500 out of 10000
On 9501 out of 10000
On 9502 out of 10000
Failed run, not saved
On 9502 out of 10000
On 9503 out of 10000
On 9504 out of 10000
On 9505 out of 10000
On 9506 out of 10000
On 9507 out of 10000
Failed run, not saved
On 9507 out of 10000
Failed run, not saved
On 9507 out of 10000
Failed run, not saved
On 9507 out of 10000
Failed run, not saved
On 9507 out of 10000
Failed run, not saved
On 9507 out of 10000
Failed run, not saved
On 9507 out of 10000
Failed run, not saved
On 9507 out of 10000
Failed run, not saved
On 9507 out of 10000
Failed run, not saved
On 9507 out of 10000
Failed run, not saved
On 9507 out of 10000
Failed run, not saved
		FAILED TOO MANY TIMES, TRYING ANOTHER ENVIRONMENT
On 9507 out of 10000
Failed run, not saved
		FAILED TOO MANY TIMES, TRYING ANOTHER ENVIRONMENT
On 9507 out of 10000
On 9508 out of 10000
Failed run, not saved
On 9508 out of 10000
Failed run, not saved
On 9508 out of 10000
Failed run, not saved
On 9508 out of 10000
On 9509 out of 10000
Failed run, not saved
On 9509 out of 10000
Failed run, not saved
On 9509 out of 10000
Failed run, not saved
On 9509 out of 10000
Failed run, not saved
On 9509 out of 10000
Failed run, not saved
On 9509 out of 10000
Failed run, not saved
On 9509 out of 10000
Failed run, not saved
On 9509 out of 10000
Failed run, not saved
On 9509 out of 10000
Failed run, not saved
On 9509 out of 10000
Failed run, not saved
On 9509 out of 10000
Failed run, not saved
		FAILED TOO MANY TIMES, TRYING ANOTHER ENVIRONMENT
On 9509 out of 10000
On 9510 out of 10000
On 9511 out of 10000
On 9512 out of 10000
On 9513 out of 10000
On 9514 out of 10000
On 9515 out of 10000
On 9516 out of 10000
On 9517 out of 10000
On 9518 out of 10000
On 9519 out of 10000
Failed run, not saved
On 9519 out of 10000
Failed run, not saved
On 9519 out of 10000
Failed run, not saved
On 9519 out of 10000
Failed run, not saved
On 9519 out of 10000
Failed run, not saved
On 9519 out of 10000
Failed run, not saved
On 9519 out of 10000
Failed run, not saved
On 9519 out of 10000
Failed run, not saved
On 9519 out of 10000
Failed run, not saved
On 9519 out of 10000
Failed run, not saved
On 9519 out of 10000
Failed run, not saved
		FAILED TOO MANY TIMES, TRYING ANOTHER ENVIRONMENT
On 9519 out of 10000
On 9520 out of 10000
On 9521 out of 10000
On 9522 out of 10000
Failed run, not saved
On 9522 out of 10000
Failed run, not saved
On 9522 out of 10000
Failed run, not saved
On 9522 out of 10000
Failed run, not saved
On 9522 out of 10000
Failed run, not saved
On 9522 out of 10000
Failed run, not saved
On 9522 out of 10000
Failed run, not saved
On 9522 out of 10000
Failed run, not saved
On 9522 out of 10000
Failed run, not saved
On 9522 out of 10000
Failed run, not saved
On 9522 out of 10000
Failed run, not saved
		FAILED TOO MANY TIMES, TRYING ANOTHER ENVIRONMENT
On 9522 out of 10000
On 9523 out of 10000
On 9524 out of 10000
On 9525 out of 10000
On 9526 out of 10000
On 9527 out of 10000
On 9528 out of 10000
On 9529 out of 10000
On 9530 out of 10000
On 9531 out of 10000
On 9532 out of 10000
On 9533 out of 10000
On 9534 out of 10000
Failed run, not saved
On 9534 out of 10000
On 9535 out of 10000
On 9536 out of 10000
Failed run, not saved
On 9536 out of 10000
Failed run, not saved
On 9536 out of 10000
Failed run, not saved
On 9536 out of 10000
On 9537 out of 10000
On 9538 out of 10000
On 9539 out of 10000
On 9540 out of 10000
On 9541 out of 10000
Failed run, not saved
On 9541 out of 10000
On 9542 out of 10000
Failed run, not saved
On 9542 out of 10000
Failed run, not saved
On 9542 out of 10000
Failed run, not saved
On 9542 out of 10000
Failed run, not saved
On 9542 out of 10000
Failed run, not saved
On 9542 out of 10000
On 9543 out of 10000
Failed run, not saved
On 9543 out of 10000
On 9544 out of 10000
On 9545 out of 10000
Failed run, not saved
On 9545 out of 10000
On 9546 out of 10000
Failed run, not saved
On 9546 out of 10000
Failed run, not saved
On 9546 out of 10000
Failed run, not saved
On 9546 out of 10000
Failed run, not saved
On 9546 out of 10000
Failed run, not saved
On 9546 out of 10000
Failed run, not saved
On 9546 out of 10000
On 9547 out of 10000
On 9548 out of 10000
On 9549 out of 10000
On 9550 out of 10000
On 9551 out of 10000
On 9552 out of 10000
On 9553 out of 10000
On 9554 out of 10000
On 9555 out of 10000
Failed run, not saved
On 9555 out of 10000
On 9556 out of 10000
On 9557 out of 10000
On 9558 out of 10000
On 9559 out of 10000
On 9560 out of 10000
On 9561 out of 10000
On 9562 out of 10000
Failed run, not saved
On 9562 out of 10000
Failed run, not saved
On 9562 out of 10000
Failed run, not saved
On 9562 out of 10000
Failed run, not saved
On 9562 out of 10000
Failed run, not saved
On 9562 out of 10000
Failed run, not saved
On 9562 out of 10000
Failed run, not saved
On 9562 out of 10000
Failed run, not saved
On 9562 out of 10000
Failed run, not saved
On 9562 out of 10000
Failed run, not saved
On 9562 out of 10000
Failed run, not saved
		FAILED TOO MANY TIMES, TRYING ANOTHER ENVIRONMENT
On 9562 out of 10000
On 9563 out of 10000
Failed run, not saved
On 9563 out of 10000
Failed run, not saved
On 9563 out of 10000
On 9564 out of 10000
Failed run, not saved
On 9564 out of 10000
Failed run, not saved
On 9564 out of 10000
On 9565 out of 10000
On 9566 out of 10000
On 9567 out of 10000
On 9568 out of 10000
On 9569 out of 10000
On 9570 out of 10000
On 9571 out of 10000
On 9572 out of 10000
Failed run, not saved
On 9572 out of 10000
Failed run, not saved
On 9572 out of 10000
Failed run, not saved
On 9572 out of 10000
Failed run, not saved
On 9572 out of 10000
Failed run, not saved
On 9572 out of 10000
Failed run, not saved
On 9572 out of 10000
Failed run, not saved
On 9572 out of 10000
Failed run, not saved
On 9572 out of 10000
Failed run, not saved
On 9572 out of 10000
Failed run, not saved
On 9572 out of 10000
Failed run, not saved
		FAILED TOO MANY TIMES, TRYING ANOTHER ENVIRONMENT
On 9572 out of 10000
Failed run, not saved
		FAILED TOO MANY TIMES, TRYING ANOTHER ENVIRONMENT
On 9572 out of 10000
Failed run, not saved
		FAILED TOO MANY TIMES, TRYING ANOTHER ENVIRONMENT
On 9572 out of 10000
Failed run, not saved
		FAILED TOO MANY TIMES, TRYING ANOTHER ENVIRONMENT
On 9572 out of 10000
On 9573 out of 10000
On 9574 out of 10000
On 9575 out of 10000
On 9576 out of 10000
On 9577 out of 10000
Failed run, not saved
On 9577 out of 10000
Failed run, not saved
On 9577 out of 10000
On 9578 out of 10000
Failed run, not saved
On 9578 out of 10000
On 9579 out of 10000
On 9580 out of 10000
On 9581 out of 10000
On 9582 out of 10000
On 9583 out of 10000
On 9584 out of 10000
On 9585 out of 10000
Failed run, not saved
On 9585 out of 10000
Failed run, not saved
On 9585 out of 10000
Failed run, not saved
On 9585 out of 10000
Failed run, not saved
On 9585 out of 10000
Failed run, not saved
On 9585 out of 10000
On 9586 out of 10000
On 9587 out of 10000
On 9588 out of 10000
Failed run, not saved
On 9588 out of 10000
On 9589 out of 10000
On 9590 out of 10000
On 9591 out of 10000
Failed run, not saved
On 9591 out of 10000
On 9592 out of 10000
On 9593 out of 10000
On 9594 out of 10000
Failed run, not saved
On 9594 out of 10000
On 9595 out of 10000
On 9596 out of 10000
On 9597 out of 10000
On 9598 out of 10000
On 9599 out of 10000
On 9600 out of 10000
On 9601 out of 10000
Failed run, not saved
On 9601 out of 10000
Failed run, not saved
On 9601 out of 10000
Failed run, not saved
On 9601 out of 10000
Failed run, not saved
On 9601 out of 10000
Failed run, not saved
On 9601 out of 10000
Failed run, not saved
On 9601 out of 10000
Failed run, not saved
On 9601 out of 10000
Failed run, not saved
On 9601 out of 10000
Failed run, not saved
On 9601 out of 10000
Failed run, not saved
On 9601 out of 10000
Failed run, not saved
		FAILED TOO MANY TIMES, TRYING ANOTHER ENVIRONMENT
On 9601 out of 10000
On 9602 out of 10000
On 9603 out of 10000
On 9604 out of 10000
On 9605 out of 10000
Failed run, not saved
On 9605 out of 10000
On 9606 out of 10000
On 9607 out of 10000
On 9608 out of 10000
On 9609 out of 10000
Failed run, not saved
On 9609 out of 10000
Failed run, not saved
On 9609 out of 10000
Failed run, not saved
On 9609 out of 10000
Failed run, not saved
On 9609 out of 10000
Failed run, not saved
On 9609 out of 10000
Failed run, not saved
On 9609 out of 10000
Failed run, not saved
On 9609 out of 10000
Failed run, not saved
On 9609 out of 10000
Failed run, not saved
On 9609 out of 10000
Failed run, not saved
On 9609 out of 10000
Failed run, not saved
		FAILED TOO MANY TIMES, TRYING ANOTHER ENVIRONMENT
On 9609 out of 10000
Failed run, not saved
		FAILED TOO MANY TIMES, TRYING ANOTHER ENVIRONMENT
On 9609 out of 10000
Failed run, not saved
		FAILED TOO MANY TIMES, TRYING ANOTHER ENVIRONMENT
On 9609 out of 10000
On 9610 out of 10000
On 9611 out of 10000
Failed run, not saved
On 9611 out of 10000
Failed run, not saved
On 9611 out of 10000
On 9612 out of 10000
On 9613 out of 10000
On 9614 out of 10000
On 9615 out of 10000
On 9616 out of 10000
On 9617 out of 10000
On 9618 out of 10000
On 9619 out of 10000
On 9620 out of 10000
On 9621 out of 10000
On 9622 out of 10000
On 9623 out of 10000
Failed run, not saved
On 9623 out of 10000
Failed run, not saved
On 9623 out of 10000
Failed run, not saved
On 9623 out of 10000
Failed run, not saved
On 9623 out of 10000
Failed run, not saved
On 9623 out of 10000
Failed run, not saved
On 9623 out of 10000
Failed run, not saved
On 9623 out of 10000
Failed run, not saved
On 9623 out of 10000
Failed run, not saved
On 9623 out of 10000
Failed run, not saved
On 9623 out of 10000
Failed run, not saved
		FAILED TOO MANY TIMES, TRYING ANOTHER ENVIRONMENT
On 9623 out of 10000
Failed run, not saved
		FAILED TOO MANY TIMES, TRYING ANOTHER ENVIRONMENT
On 9623 out of 10000
On 9624 out of 10000
On 9625 out of 10000
Failed run, not saved
On 9625 out of 10000
Failed run, not saved
On 9625 out of 10000
Failed run, not saved
On 9625 out of 10000
Failed run, not saved
On 9625 out of 10000
Failed run, not saved
On 9625 out of 10000
Failed run, not saved
On 9625 out of 10000
Failed run, not saved
On 9625 out of 10000
Failed run, not saved
On 9625 out of 10000
Failed run, not saved
On 9625 out of 10000
Failed run, not saved
On 9625 out of 10000
Failed run, not saved
		FAILED TOO MANY TIMES, TRYING ANOTHER ENVIRONMENT
On 9625 out of 10000
On 9626 out of 10000
On 9627 out of 10000
On 9628 out of 10000
Failed run, not saved
On 9628 out of 10000
Failed run, not saved
On 9628 out of 10000
On 9629 out of 10000
On 9630 out of 10000
On 9631 out of 10000
On 9632 out of 10000
Failed run, not saved
On 9632 out of 10000
On 9633 out of 10000
On 9634 out of 10000
On 9635 out of 10000
On 9636 out of 10000
On 9637 out of 10000
On 9638 out of 10000
Failed run, not saved
On 9638 out of 10000
On 9639 out of 10000
Failed run, not saved
On 9639 out of 10000
Failed run, not saved
On 9639 out of 10000
Failed run, not saved
On 9639 out of 10000
Failed run, not saved
On 9639 out of 10000
Failed run, not saved
On 9639 out of 10000
Failed run, not saved
On 9639 out of 10000
Failed run, not saved
On 9639 out of 10000
Failed run, not saved
On 9639 out of 10000
Failed run, not saved
On 9639 out of 10000
Failed run, not saved
On 9639 out of 10000
On 9640 out of 10000
Failed run, not saved
On 9640 out of 10000
Failed run, not saved
On 9640 out of 10000
Failed run, not saved
On 9640 out of 10000
On 9641 out of 10000
On 9642 out of 10000
On 9643 out of 10000
Failed run, not saved
On 9643 out of 10000
On 9644 out of 10000
On 9645 out of 10000
On 9646 out of 10000
On 9647 out of 10000
On 9648 out of 10000
On 9649 out of 10000
On 9650 out of 10000
Failed run, not saved
On 9650 out of 10000
Failed run, not saved
On 9650 out of 10000
On 9651 out of 10000
Failed run, not saved
On 9651 out of 10000
Failed run, not saved
On 9651 out of 10000
On 9652 out of 10000
Failed run, not saved
On 9652 out of 10000
On 9653 out of 10000
On 9654 out of 10000
On 9655 out of 10000
On 9656 out of 10000
On 9657 out of 10000
Failed run, not saved
On 9657 out of 10000
On 9658 out of 10000
Failed run, not saved
On 9658 out of 10000
Failed run, not saved
On 9658 out of 10000
On 9659 out of 10000
On 9660 out of 10000
Failed run, not saved
On 9660 out of 10000
Failed run, not saved
On 9660 out of 10000
Failed run, not saved
On 9660 out of 10000
Failed run, not saved
On 9660 out of 10000
Failed run, not saved
On 9660 out of 10000
Failed run, not saved
On 9660 out of 10000
Failed run, not saved
On 9660 out of 10000
On 9661 out of 10000
Failed run, not saved
On 9661 out of 10000
On 9662 out of 10000
Failed run, not saved
On 9662 out of 10000
On 9663 out of 10000
On 9664 out of 10000
On 9665 out of 10000
On 9666 out of 10000
On 9667 out of 10000
Failed run, not saved
On 9667 out of 10000
Failed run, not saved
On 9667 out of 10000
Failed run, not saved
On 9667 out of 10000
Failed run, not saved
On 9667 out of 10000
Failed run, not saved
On 9667 out of 10000
Failed run, not saved
On 9667 out of 10000
Failed run, not saved
On 9667 out of 10000
Failed run, not saved
On 9667 out of 10000
Failed run, not saved
On 9667 out of 10000
Failed run, not saved
On 9667 out of 10000
Failed run, not saved
		FAILED TOO MANY TIMES, TRYING ANOTHER ENVIRONMENT
On 9667 out of 10000
On 9668 out of 10000
On 9669 out of 10000
On 9670 out of 10000
On 9671 out of 10000
On 9672 out of 10000
Failed run, not saved
On 9672 out of 10000
On 9673 out of 10000
Failed run, not saved
On 9673 out of 10000
On 9674 out of 10000
On 9675 out of 10000
Failed run, not saved
On 9675 out of 10000
Failed run, not saved
On 9675 out of 10000
On 9676 out of 10000
On 9677 out of 10000
Failed run, not saved
On 9677 out of 10000
On 9678 out of 10000
On 9679 out of 10000
On 9680 out of 10000
On 9681 out of 10000
Failed run, not saved
On 9681 out of 10000
On 9682 out of 10000
On 9683 out of 10000
On 9684 out of 10000
On 9685 out of 10000
On 9686 out of 10000
On 9687 out of 10000
On 9688 out of 10000
Failed run, not saved
On 9688 out of 10000
Failed run, not saved
On 9688 out of 10000
Failed run, not saved
On 9688 out of 10000
Failed run, not saved
On 9688 out of 10000
Failed run, not saved
On 9688 out of 10000
Failed run, not saved
On 9688 out of 10000
Failed run, not saved
On 9688 out of 10000
Failed run, not saved
On 9688 out of 10000
Failed run, not saved
On 9688 out of 10000
Failed run, not saved
On 9688 out of 10000
Failed run, not saved
		FAILED TOO MANY TIMES, TRYING ANOTHER ENVIRONMENT
On 9688 out of 10000
On 9689 out of 10000
On 9690 out of 10000
On 9691 out of 10000
On 9692 out of 10000
On 9693 out of 10000
On 9694 out of 10000
On 9695 out of 10000
On 9696 out of 10000
On 9697 out of 10000
On 9698 out of 10000
On 9699 out of 10000
On 9700 out of 10000
On 9701 out of 10000
On 9702 out of 10000
On 9703 out of 10000
Failed run, not saved
On 9703 out of 10000
On 9704 out of 10000
On 9705 out of 10000
Failed run, not saved
On 9705 out of 10000
On 9706 out of 10000
On 9707 out of 10000
On 9708 out of 10000
On 9709 out of 10000
Failed run, not saved
On 9709 out of 10000
On 9710 out of 10000
Failed run, not saved
On 9710 out of 10000
Failed run, not saved
On 9710 out of 10000
On 9711 out of 10000
Failed run, not saved
On 9711 out of 10000
On 9712 out of 10000
On 9713 out of 10000
On 9714 out of 10000
On 9715 out of 10000
On 9716 out of 10000
On 9717 out of 10000
On 9718 out of 10000
On 9719 out of 10000
Failed run, not saved
On 9719 out of 10000
Failed run, not saved
On 9719 out of 10000
Failed run, not saved
On 9719 out of 10000
Failed run, not saved
On 9719 out of 10000
Failed run, not saved
On 9719 out of 10000
Failed run, not saved
On 9719 out of 10000
Failed run, not saved
On 9719 out of 10000
Failed run, not saved
On 9719 out of 10000
Failed run, not saved
On 9719 out of 10000
Failed run, not saved
On 9719 out of 10000
Failed run, not saved
		FAILED TOO MANY TIMES, TRYING ANOTHER ENVIRONMENT
On 9719 out of 10000
On 9720 out of 10000
Failed run, not saved
On 9720 out of 10000
On 9721 out of 10000
On 9722 out of 10000
On 9723 out of 10000
On 9724 out of 10000
On 9725 out of 10000
On 9726 out of 10000
On 9727 out of 10000
Failed run, not saved
On 9727 out of 10000
On 9728 out of 10000
On 9729 out of 10000
Failed run, not saved
On 9729 out of 10000
Failed run, not saved
On 9729 out of 10000
Failed run, not saved
On 9729 out of 10000
Failed run, not saved
On 9729 out of 10000
Failed run, not saved
On 9729 out of 10000
Failed run, not saved
On 9729 out of 10000
Failed run, not saved
On 9729 out of 10000
Failed run, not saved
On 9729 out of 10000
Failed run, not saved
On 9729 out of 10000
On 9730 out of 10000
On 9731 out of 10000
On 9732 out of 10000
Failed run, not saved
On 9732 out of 10000
Failed run, not saved
On 9732 out of 10000
Failed run, not saved
On 9732 out of 10000
Failed run, not saved
On 9732 out of 10000
Failed run, not saved
On 9732 out of 10000
Failed run, not saved
On 9732 out of 10000
Failed run, not saved
On 9732 out of 10000
Failed run, not saved
On 9732 out of 10000
Failed run, not saved
On 9732 out of 10000
Failed run, not saved
On 9732 out of 10000
Failed run, not saved
		FAILED TOO MANY TIMES, TRYING ANOTHER ENVIRONMENT
On 9732 out of 10000
On 9733 out of 10000
Failed run, not saved
On 9733 out of 10000
Failed run, not saved
On 9733 out of 10000
On 9734 out of 10000
On 9735 out of 10000
Failed run, not saved
On 9735 out of 10000
On 9736 out of 10000
On 9737 out of 10000
On 9738 out of 10000
Failed run, not saved
On 9738 out of 10000
Failed run, not saved
On 9738 out of 10000
Failed run, not saved
On 9738 out of 10000
On 9739 out of 10000
On 9740 out of 10000
On 9741 out of 10000
On 9742 out of 10000
On 9743 out of 10000
On 9744 out of 10000
On 9745 out of 10000
On 9746 out of 10000
On 9747 out of 10000
On 9748 out of 10000
Failed run, not saved
On 9748 out of 10000
Failed run, not saved
On 9748 out of 10000
On 9749 out of 10000
Failed run, not saved
On 9749 out of 10000
Failed run, not saved
On 9749 out of 10000
Failed run, not saved
On 9749 out of 10000
Failed run, not saved
On 9749 out of 10000
Failed run, not saved
On 9749 out of 10000
Failed run, not saved
On 9749 out of 10000
Failed run, not saved
On 9749 out of 10000
Failed run, not saved
On 9749 out of 10000
Failed run, not saved
On 9749 out of 10000
Failed run, not saved
On 9749 out of 10000
Failed run, not saved
		FAILED TOO MANY TIMES, TRYING ANOTHER ENVIRONMENT
On 9749 out of 10000
On 9750 out of 10000
Failed run, not saved
On 9750 out of 10000
On 9751 out of 10000
On 9752 out of 10000
On 9753 out of 10000
On 9754 out of 10000
On 9755 out of 10000
On 9756 out of 10000
On 9757 out of 10000
On 9758 out of 10000
On 9759 out of 10000
On 9760 out of 10000
Failed run, not saved
On 9760 out of 10000
Failed run, not saved
On 9760 out of 10000
Failed run, not saved
On 9760 out of 10000
Failed run, not saved
On 9760 out of 10000
Failed run, not saved
On 9760 out of 10000
Failed run, not saved
On 9760 out of 10000
Failed run, not saved
On 9760 out of 10000
Failed run, not saved
On 9760 out of 10000
Failed run, not saved
On 9760 out of 10000
Failed run, not saved
On 9760 out of 10000
Failed run, not saved
		FAILED TOO MANY TIMES, TRYING ANOTHER ENVIRONMENT
On 9760 out of 10000
On 9761 out of 10000
On 9762 out of 10000
On 9763 out of 10000
On 9764 out of 10000
On 9765 out of 10000
On 9766 out of 10000
On 9767 out of 10000
On 9768 out of 10000
Failed run, not saved
On 9768 out of 10000
Failed run, not saved
On 9768 out of 10000
Failed run, not saved
On 9768 out of 10000
On 9769 out of 10000
Failed run, not saved
On 9769 out of 10000
Failed run, not saved
On 9769 out of 10000
Failed run, not saved
On 9769 out of 10000
On 9770 out of 10000
Failed run, not saved
On 9770 out of 10000
Failed run, not saved
On 9770 out of 10000
Failed run, not saved
On 9770 out of 10000
Failed run, not saved
On 9770 out of 10000
Failed run, not saved
On 9770 out of 10000
Failed run, not saved
On 9770 out of 10000
Failed run, not saved
On 9770 out of 10000
Failed run, not saved
On 9770 out of 10000
Failed run, not saved
On 9770 out of 10000
Failed run, not saved
On 9770 out of 10000
Failed run, not saved
		FAILED TOO MANY TIMES, TRYING ANOTHER ENVIRONMENT
On 9770 out of 10000
On 9771 out of 10000
Failed run, not saved
On 9771 out of 10000
On 9772 out of 10000
On 9773 out of 10000
On 9774 out of 10000
On 9775 out of 10000
On 9776 out of 10000
Failed run, not saved
On 9776 out of 10000
Failed run, not saved
On 9776 out of 10000
Failed run, not saved
On 9776 out of 10000
Failed run, not saved
On 9776 out of 10000
Failed run, not saved
On 9776 out of 10000
Failed run, not saved
On 9776 out of 10000
On 9777 out of 10000
On 9778 out of 10000
On 9779 out of 10000
On 9780 out of 10000
On 9781 out of 10000
On 9782 out of 10000
On 9783 out of 10000
On 9784 out of 10000
On 9785 out of 10000
Failed run, not saved
On 9785 out of 10000
Failed run, not saved
On 9785 out of 10000
Failed run, not saved
On 9785 out of 10000
Failed run, not saved
On 9785 out of 10000
Failed run, not saved
On 9785 out of 10000
On 9786 out of 10000
On 9787 out of 10000
Failed run, not saved
On 9787 out of 10000
Failed run, not saved
On 9787 out of 10000
On 9788 out of 10000
On 9789 out of 10000
On 9790 out of 10000
Failed run, not saved
On 9790 out of 10000
On 9791 out of 10000
On 9792 out of 10000
On 9793 out of 10000
On 9794 out of 10000
Failed run, not saved
On 9794 out of 10000
On 9795 out of 10000
On 9796 out of 10000
On 9797 out of 10000
On 9798 out of 10000
Failed run, not saved
On 9798 out of 10000
On 9799 out of 10000
On 9800 out of 10000
On 9801 out of 10000
Failed run, not saved
On 9801 out of 10000
Failed run, not saved
On 9801 out of 10000
Failed run, not saved
On 9801 out of 10000
Failed run, not saved
On 9801 out of 10000
Failed run, not saved
On 9801 out of 10000
Failed run, not saved
On 9801 out of 10000
Failed run, not saved
On 9801 out of 10000
Failed run, not saved
On 9801 out of 10000
Failed run, not saved
On 9801 out of 10000
Failed run, not saved
On 9801 out of 10000
On 9802 out of 10000
Failed run, not saved
On 9802 out of 10000
Failed run, not saved
On 9802 out of 10000
Failed run, not saved
On 9802 out of 10000
Failed run, not saved
On 9802 out of 10000
Failed run, not saved
On 9802 out of 10000
Failed run, not saved
On 9802 out of 10000
Failed run, not saved
On 9802 out of 10000
Failed run, not saved
On 9802 out of 10000
Failed run, not saved
On 9802 out of 10000
Failed run, not saved
On 9802 out of 10000
Failed run, not saved
		FAILED TOO MANY TIMES, TRYING ANOTHER ENVIRONMENT
On 9802 out of 10000
Failed run, not saved
		FAILED TOO MANY TIMES, TRYING ANOTHER ENVIRONMENT
On 9802 out of 10000
On 9803 out of 10000
On 9804 out of 10000
On 9805 out of 10000
On 9806 out of 10000
Failed run, not saved
On 9806 out of 10000
Failed run, not saved
On 9806 out of 10000
Failed run, not saved
On 9806 out of 10000
On 9807 out of 10000
On 9808 out of 10000
On 9809 out of 10000
On 9810 out of 10000
On 9811 out of 10000
On 9812 out of 10000
On 9813 out of 10000
On 9814 out of 10000
On 9815 out of 10000
On 9816 out of 10000
On 9817 out of 10000
On 9818 out of 10000
Failed run, not saved
On 9818 out of 10000
Failed run, not saved
On 9818 out of 10000
Failed run, not saved
On 9818 out of 10000
On 9819 out of 10000
On 9820 out of 10000
On 9821 out of 10000
On 9822 out of 10000
On 9823 out of 10000
On 9824 out of 10000
On 9825 out of 10000
On 9826 out of 10000
Failed run, not saved
On 9826 out of 10000
Failed run, not saved
On 9826 out of 10000
Failed run, not saved
On 9826 out of 10000
Failed run, not saved
On 9826 out of 10000
Failed run, not saved
On 9826 out of 10000
Failed run, not saved
On 9826 out of 10000
Failed run, not saved
On 9826 out of 10000
Failed run, not saved
On 9826 out of 10000
Failed run, not saved
On 9826 out of 10000
On 9827 out of 10000
On 9828 out of 10000
On 9829 out of 10000
Failed run, not saved
On 9829 out of 10000
Failed run, not saved
On 9829 out of 10000
Failed run, not saved
On 9829 out of 10000
Failed run, not saved
On 9829 out of 10000
Failed run, not saved
On 9829 out of 10000
Failed run, not saved
On 9829 out of 10000
Failed run, not saved
On 9829 out of 10000
Failed run, not saved
On 9829 out of 10000
Failed run, not saved
On 9829 out of 10000
Failed run, not saved
On 9829 out of 10000
Failed run, not saved
		FAILED TOO MANY TIMES, TRYING ANOTHER ENVIRONMENT
On 9829 out of 10000
On 9830 out of 10000
On 9831 out of 10000
On 9832 out of 10000
On 9833 out of 10000
Failed run, not saved
On 9833 out of 10000
Failed run, not saved
On 9833 out of 10000
Failed run, not saved
On 9833 out of 10000
On 9834 out of 10000
On 9835 out of 10000
Failed run, not saved
On 9835 out of 10000
Failed run, not saved
On 9835 out of 10000
Failed run, not saved
On 9835 out of 10000
Failed run, not saved
On 9835 out of 10000
Failed run, not saved
On 9835 out of 10000
Failed run, not saved
On 9835 out of 10000
Failed run, not saved
On 9835 out of 10000
Failed run, not saved
On 9835 out of 10000
Failed run, not saved
On 9835 out of 10000
Failed run, not saved
On 9835 out of 10000
Failed run, not saved
		FAILED TOO MANY TIMES, TRYING ANOTHER ENVIRONMENT
On 9835 out of 10000
Failed run, not saved
		FAILED TOO MANY TIMES, TRYING ANOTHER ENVIRONMENT
On 9835 out of 10000
On 9836 out of 10000
On 9837 out of 10000
On 9838 out of 10000
Failed run, not saved
On 9838 out of 10000
On 9839 out of 10000
On 9840 out of 10000
On 9841 out of 10000
On 9842 out of 10000
On 9843 out of 10000
On 9844 out of 10000
On 9845 out of 10000
On 9846 out of 10000
On 9847 out of 10000
On 9848 out of 10000
On 9849 out of 10000
On 9850 out of 10000
Failed run, not saved
On 9850 out of 10000
Failed run, not saved
On 9850 out of 10000
On 9851 out of 10000
On 9852 out of 10000
On 9853 out of 10000
On 9854 out of 10000
On 9855 out of 10000
On 9856 out of 10000
On 9857 out of 10000
Failed run, not saved
On 9857 out of 10000
Failed run, not saved
On 9857 out of 10000
Failed run, not saved
On 9857 out of 10000
Failed run, not saved
On 9857 out of 10000
Failed run, not saved
On 9857 out of 10000
Failed run, not saved
On 9857 out of 10000
Failed run, not saved
On 9857 out of 10000
On 9858 out of 10000
Failed run, not saved
On 9858 out of 10000
Failed run, not saved
On 9858 out of 10000
Failed run, not saved
On 9858 out of 10000
Failed run, not saved
On 9858 out of 10000
Failed run, not saved
On 9858 out of 10000
Failed run, not saved
On 9858 out of 10000
Failed run, not saved
On 9858 out of 10000
Failed run, not saved
On 9858 out of 10000
Failed run, not saved
On 9858 out of 10000
Failed run, not saved
On 9858 out of 10000
Failed run, not saved
		FAILED TOO MANY TIMES, TRYING ANOTHER ENVIRONMENT
On 9858 out of 10000
Failed run, not saved
		FAILED TOO MANY TIMES, TRYING ANOTHER ENVIRONMENT
On 9858 out of 10000
On 9859 out of 10000
On 9860 out of 10000
Failed run, not saved
On 9860 out of 10000
Failed run, not saved
On 9860 out of 10000
Failed run, not saved
On 9860 out of 10000
Failed run, not saved
On 9860 out of 10000
On 9861 out of 10000
On 9862 out of 10000
On 9863 out of 10000
On 9864 out of 10000
On 9865 out of 10000
On 9866 out of 10000
Failed run, not saved
On 9866 out of 10000
On 9867 out of 10000
On 9868 out of 10000
On 9869 out of 10000
On 9870 out of 10000
Failed run, not saved
On 9870 out of 10000
Failed run, not saved
On 9870 out of 10000
Failed run, not saved
On 9870 out of 10000
Failed run, not saved
On 9870 out of 10000
Failed run, not saved
On 9870 out of 10000
Failed run, not saved
On 9870 out of 10000
Failed run, not saved
On 9870 out of 10000
Failed run, not saved
On 9870 out of 10000
Failed run, not saved
On 9870 out of 10000
Failed run, not saved
On 9870 out of 10000
Failed run, not saved
		FAILED TOO MANY TIMES, TRYING ANOTHER ENVIRONMENT
On 9870 out of 10000
On 9871 out of 10000
Failed run, not saved
On 9871 out of 10000
Failed run, not saved
On 9871 out of 10000
Failed run, not saved
On 9871 out of 10000
Failed run, not saved
On 9871 out of 10000
Failed run, not saved
On 9871 out of 10000
On 9872 out of 10000
On 9873 out of 10000
On 9874 out of 10000
On 9875 out of 10000
On 9876 out of 10000
On 9877 out of 10000
On 9878 out of 10000
Failed run, not saved
On 9878 out of 10000
Failed run, not saved
On 9878 out of 10000
On 9879 out of 10000
On 9880 out of 10000
On 9881 out of 10000
Failed run, not saved
On 9881 out of 10000
Failed run, not saved
On 9881 out of 10000
Failed run, not saved
On 9881 out of 10000
Failed run, not saved
On 9881 out of 10000
Failed run, not saved
On 9881 out of 10000
Failed run, not saved
On 9881 out of 10000
Failed run, not saved
On 9881 out of 10000
Failed run, not saved
On 9881 out of 10000
Failed run, not saved
On 9881 out of 10000
Failed run, not saved
On 9881 out of 10000
Failed run, not saved
		FAILED TOO MANY TIMES, TRYING ANOTHER ENVIRONMENT
On 9881 out of 10000
On 9882 out of 10000
On 9883 out of 10000
On 9884 out of 10000
On 9885 out of 10000
On 9886 out of 10000
On 9887 out of 10000
On 9888 out of 10000
On 9889 out of 10000
On 9890 out of 10000
On 9891 out of 10000
On 9892 out of 10000
On 9893 out of 10000
On 9894 out of 10000
Failed run, not saved
On 9894 out of 10000
Failed run, not saved
On 9894 out of 10000
On 9895 out of 10000
On 9896 out of 10000
On 9897 out of 10000
Failed run, not saved
On 9897 out of 10000
On 9898 out of 10000
On 9899 out of 10000
On 9900 out of 10000
On 9901 out of 10000
On 9902 out of 10000
On 9903 out of 10000
On 9904 out of 10000
On 9905 out of 10000
On 9906 out of 10000
Failed run, not saved
On 9906 out of 10000
On 9907 out of 10000
On 9908 out of 10000
On 9909 out of 10000
On 9910 out of 10000
Failed run, not saved
On 9910 out of 10000
Failed run, not saved
On 9910 out of 10000
On 9911 out of 10000
On 9912 out of 10000
On 9913 out of 10000
On 9914 out of 10000
On 9915 out of 10000
On 9916 out of 10000
On 9917 out of 10000
On 9918 out of 10000
On 9919 out of 10000
On 9920 out of 10000
On 9921 out of 10000
On 9922 out of 10000
Failed run, not saved
On 9922 out of 10000
On 9923 out of 10000
Failed run, not saved
On 9923 out of 10000
On 9924 out of 10000
On 9925 out of 10000
Failed run, not saved
On 9925 out of 10000
On 9926 out of 10000
Failed run, not saved
On 9926 out of 10000
Failed run, not saved
On 9926 out of 10000
Failed run, not saved
On 9926 out of 10000
Failed run, not saved
On 9926 out of 10000
Failed run, not saved
On 9926 out of 10000
Failed run, not saved
On 9926 out of 10000
Failed run, not saved
On 9926 out of 10000
Failed run, not saved
On 9926 out of 10000
Failed run, not saved
On 9926 out of 10000
Failed run, not saved
On 9926 out of 10000
Failed run, not saved
		FAILED TOO MANY TIMES, TRYING ANOTHER ENVIRONMENT
On 9926 out of 10000
On 9927 out of 10000
On 9928 out of 10000
On 9929 out of 10000
On 9930 out of 10000
On 9931 out of 10000
On 9932 out of 10000
On 9933 out of 10000
Failed run, not saved
On 9933 out of 10000
Failed run, not saved
On 9933 out of 10000
Failed run, not saved
On 9933 out of 10000
Failed run, not saved
On 9933 out of 10000
Failed run, not saved
On 9933 out of 10000
Failed run, not saved
On 9933 out of 10000
Failed run, not saved
On 9933 out of 10000
Failed run, not saved
On 9933 out of 10000
Failed run, not saved
On 9933 out of 10000
On 9934 out of 10000
On 9935 out of 10000
On 9936 out of 10000
Failed run, not saved
On 9936 out of 10000
On 9937 out of 10000
On 9938 out of 10000
On 9939 out of 10000
On 9940 out of 10000
On 9941 out of 10000
On 9942 out of 10000
On 9943 out of 10000
On 9944 out of 10000
On 9945 out of 10000
On 9946 out of 10000
On 9947 out of 10000
On 9948 out of 10000
Failed run, not saved
On 9948 out of 10000
Failed run, not saved
On 9948 out of 10000
Failed run, not saved
On 9948 out of 10000
On 9949 out of 10000
On 9950 out of 10000
On 9951 out of 10000
On 9952 out of 10000
On 9953 out of 10000
On 9954 out of 10000
On 9955 out of 10000
On 9956 out of 10000
On 9957 out of 10000
On 9958 out of 10000
Failed run, not saved
On 9958 out of 10000
Failed run, not saved
On 9958 out of 10000
Failed run, not saved
On 9958 out of 10000
Failed run, not saved
On 9958 out of 10000
Failed run, not saved
On 9958 out of 10000
Failed run, not saved
On 9958 out of 10000
Failed run, not saved
On 9958 out of 10000
Failed run, not saved
On 9958 out of 10000
Failed run, not saved
On 9958 out of 10000
Failed run, not saved
On 9958 out of 10000
Failed run, not saved
		FAILED TOO MANY TIMES, TRYING ANOTHER ENVIRONMENT
On 9958 out of 10000
Failed run, not saved
		FAILED TOO MANY TIMES, TRYING ANOTHER ENVIRONMENT
On 9958 out of 10000
On 9959 out of 10000
Failed run, not saved
On 9959 out of 10000
On 9960 out of 10000
Failed run, not saved
On 9960 out of 10000
Failed run, not saved
On 9960 out of 10000
Failed run, not saved
On 9960 out of 10000
Failed run, not saved
On 9960 out of 10000
Failed run, not saved
On 9960 out of 10000
Failed run, not saved
On 9960 out of 10000
Failed run, not saved
On 9960 out of 10000
Failed run, not saved
On 9960 out of 10000
Failed run, not saved
On 9960 out of 10000
Failed run, not saved
On 9960 out of 10000
Failed run, not saved
		FAILED TOO MANY TIMES, TRYING ANOTHER ENVIRONMENT
On 9960 out of 10000
On 9961 out of 10000
On 9962 out of 10000
On 9963 out of 10000
On 9964 out of 10000
On 9965 out of 10000
On 9966 out of 10000
On 9967 out of 10000
On 9968 out of 10000
On 9969 out of 10000
On 9970 out of 10000
On 9971 out of 10000
On 9972 out of 10000
On 9973 out of 10000
On 9974 out of 10000
On 9975 out of 10000
On 9976 out of 10000
On 9977 out of 10000
Failed run, not saved
On 9977 out of 10000
Failed run, not saved
On 9977 out of 10000
Failed run, not saved
On 9977 out of 10000
On 9978 out of 10000
On 9979 out of 10000
On 9980 out of 10000
Failed run, not saved
On 9980 out of 10000
Failed run, not saved
On 9980 out of 10000
Failed run, not saved
On 9980 out of 10000
On 9981 out of 10000
On 9982 out of 10000
Failed run, not saved
On 9982 out of 10000
Failed run, not saved
On 9982 out of 10000
Failed run, not saved
On 9982 out of 10000
Failed run, not saved
On 9982 out of 10000
Failed run, not saved
On 9982 out of 10000
Failed run, not saved
On 9982 out of 10000
Failed run, not saved
On 9982 out of 10000
Failed run, not saved
On 9982 out of 10000
Failed run, not saved
On 9982 out of 10000
Failed run, not saved
On 9982 out of 10000
Failed run, not saved
		FAILED TOO MANY TIMES, TRYING ANOTHER ENVIRONMENT
On 9982 out of 10000
On 9983 out of 10000
On 9984 out of 10000
On 9985 out of 10000
On 9986 out of 10000
Failed run, not saved
On 9986 out of 10000
On 9987 out of 10000
Failed run, not saved
On 9987 out of 10000
Failed run, not saved
On 9987 out of 10000
On 9988 out of 10000
On 9989 out of 10000
On 9990 out of 10000
On 9991 out of 10000
Failed run, not saved
On 9991 out of 10000
On 9992 out of 10000
On 9993 out of 10000
On 9994 out of 10000
Failed run, not saved
On 9994 out of 10000
On 9995 out of 10000
On 9996 out of 10000
On 9997 out of 10000
Failed run, not saved
On 9997 out of 10000
On 9998 out of 10000
Failed run, not saved
On 9998 out of 10000
Failed run, not saved
On 9998 out of 10000
Failed run, not saved
On 9998 out of 10000
On 9999 out of 10000
Average Rollout Stats
{
    "Return": 0.9934066913173253,
    "Horizon": 45.807903060542614,
    "Success_Rate": 0.4454938299104557,
    "Exception_Rate": 0.0,
    "time": 0.09621675753639117,
    "Num_Success": 10000.0,
    "Time_Episode": 35.99629260698954,
    "Num_Episode": 22447
}
Wrote dataset trajectories to /home/zoellner/src/guided-diffusion/data/toy_squares/train/data.hdf5
Gym has been unmaintained since 2022 and does not support NumPy 2.0 amongst other critical functionality.
Please upgrade to Gymnasium, the maintained drop-in replacement of Gym, or contact the authors of your software and request that they upgrade.
Users of this version of Gym should be able to simply replace 'import gym' with 'import gymnasium as gym' in the vast majority of cases.
See the migration guide at https://gymnasium.farama.org/introduction/migration_guide/ for additional information.
1000 validation demonstrations out of 10000 total demonstrations.
Total number of train samples: 529716
Average number of train samples 58.85733333333334
Total number of valid samples: 57220
Average number of valid samples 57.22
Dataset created at: /home/zoellner/src/guided-diffusion/data/toy_squares/train/data.hdf5
Finished dataset generation. elapsed_seconds=2849
